2026-09-09T11:35:34.223230980Z [inf]  Starting Container
2026-09-09T11:35:34.972192580Z [inf]    .   ____          _            __ _ _
2026-09-09T11:35:34.972203090Z [inf]   /\\ / ___'_ __ _ _(_)_ __  __ _ \ \ \ \
2026-09-09T11:35:34.972208010Z [inf]  ( ( )\___ | '_ | '_| | '_ \/ _` | \ \ \ \
2026-09-09T11:35:34.972212290Z [inf]   \\/  ___)| |_)| | | | | || (_| |  ) ) ) )
2026-09-09T11:35:34.972216240Z [inf]    '  |____| .__|_| |_|_| |_\__, | / / / /
2026-09-09T11:35:34.972220510Z [inf]   =========|_|==============|___/=/_/_/_/
2026-09-09T11:35:34.972225420Z [inf]  
2026-09-09T11:35:34.972229560Z [inf]   :: Spring Boot ::               (v3.3.11)
2026-09-09T11:35:34.972234840Z [inf]  
2026-09-09T11:35:34.972239390Z [inf]  2026-09-09T11:35:34.526Z  INFO 1 --- [inventory] [           main] c.rnpc.inventory.InventoryApplication    : Starting InventoryApplication v0.0.1-SNAPSHOT using Java 21.0.2 with PID 1 (/app/target/inventory-0.0.1-SNAPSHOT.jar started by root in /app)
2026-09-09T11:35:34.972243410Z [inf]  2026-09-09T11:35:34.527Z  INFO 1 --- [inventory] [           main] c.rnpc.inventory.InventoryApplication    : No active profile set, falling back to 1 default profile: "default"
2026-09-09T11:35:34.972307740Z [inf]  
2026-09-09T11:35:35.713330243Z [inf]  2026-09-09T11:35:35.709Z  INFO 1 --- [inventory] [           main] .s.d.r.c.RepositoryConfigurationDelegate : Bootstrapping Spring Data JPA repositories in DEFAULT mode.
2026-09-09T11:35:35.788756087Z [inf]  2026-09-09T11:35:35.782Z  INFO 1 --- [inventory] [           main] .s.d.r.c.RepositoryConfigurationDelegate : Finished Spring Data repository scanning in 69 ms. Found 16 JPA repository interfaces.
2026-09-09T11:35:36.822426158Z [inf]  2026-09-09T11:35:36.812Z  INFO 1 --- [inventory] [           main] o.s.b.w.embedded.tomcat.TomcatWebServer  : Tomcat initialized with port 8080 (http)
2026-09-09T11:35:36.822430138Z [inf]  2026-09-09T11:35:36.820Z  INFO 1 --- [inventory] [           main] o.apache.catalina.core.StandardService   : Starting service [Tomcat]
2026-09-09T11:35:36.822433228Z [inf]  2026-09-09T11:35:36.820Z  INFO 1 --- [inventory] [           main] o.apache.catalina.core.StandardEngine    : Starting Servlet engine: [Apache Tomcat/10.1.40]
2026-09-09T11:35:36.869730261Z [inf]  2026-09-09T11:35:36.867Z  INFO 1 --- [inventory] [           main] o.a.c.c.C.[Tomcat].[localhost].[/]       : Initializing Spring embedded WebApplicationContext
2026-09-09T11:35:36.869734191Z [inf]  2026-09-09T11:35:36.868Z  INFO 1 --- [inventory] [           main] w.s.c.ServletWebServerApplicationContext : Root WebApplicationContext: initialization completed in 2286 ms
2026-09-09T11:35:37.272749068Z [inf]  2026-09-09T11:35:37.265Z  INFO 1 --- [inventory] [           main] o.hibernate.jpa.internal.util.LogHelper  : HHH000204: Processing PersistenceUnitInfo [name: default]
2026-09-09T11:35:37.472372223Z [inf]  2026-09-09T11:35:37.470Z  INFO 1 --- [inventory] [           main] org.hibernate.Version                    : HHH000412: Hibernate ORM core version 6.5.3.Final
2026-09-09T11:35:37.523980837Z [inf]  2026-09-09T11:35:37.521Z  INFO 1 --- [inventory] [           main] o.h.c.internal.RegionFactoryInitiator    : HHH000026: Second-level cache disabled
2026-09-09T11:35:38.061751699Z [inf]  2026-09-09T11:35:38.021Z  INFO 1 --- [inventory] [           main] o.s.o.j.p.SpringPersistenceUnitInfo      : No LoadTimeWeaver setup: ignoring JPA class transformer
2026-09-09T11:35:38.061756969Z [inf]  2026-09-09T11:35:38.035Z  INFO 1 --- [inventory] [           main] com.zaxxer.hikari.HikariDataSource       : HikariPool-1 - Starting...
2026-09-09T11:35:38.474519105Z [inf]  2026-09-09T11:35:38.474Z  INFO 1 --- [inventory] [           main] com.zaxxer.hikari.pool.HikariPool        : HikariPool-1 - Added connection com.mysql.cj.jdbc.ConnectionImpl@4b09d1c3
2026-09-09T11:35:38.478924265Z [inf]  2026-09-09T11:35:38.475Z  INFO 1 --- [inventory] [           main] com.zaxxer.hikari.HikariDataSource       : HikariPool-1 - Start completed.
2026-09-09T11:35:39.685706507Z [inf]  2026-09-09T11:35:39.681Z  INFO 1 --- [inventory] [           main] o.h.e.t.j.p.i.JtaPlatformInitiator       : HHH000489: No JTA platform available (set 'hibernate.transaction.jta.platform' to enable JTA platform integration)
2026-09-09T11:35:39.724151111Z [inf]  Hibernate: alter table rnpc_appointments modify column history TEXT
2026-09-09T11:35:39.740372972Z [inf]  Hibernate: alter table rnpc_appointments modify column issue_description TEXT not null
2026-09-09T11:35:39.744580243Z [inf]  Hibernate: alter table rnpc_appointments modify column item_description TEXT
2026-09-09T11:35:39.754841488Z [inf]  Hibernate: alter table rnpc_cellphone_parts modify column description TEXT
2026-09-09T11:35:39.759334526Z [inf]  Hibernate: alter table rnpc_clients modify column address TEXT
2026-09-09T11:35:39.769586781Z [inf]  Hibernate: alter table rnpc_cooler_parts modify column notes TEXT
2026-09-09T11:35:39.773770543Z [inf]  Hibernate: alter table rnpc_laptop_parts modify column description TEXT
2026-09-09T11:35:39.774356738Z [inf]  Hibernate: alter table rnpc_motherboard_parts modify column notable_features TEXT
2026-09-09T11:35:39.778470030Z [inf]  Hibernate: alter table rnpc_psu_parts modify column notes TEXT
2026-09-09T11:35:39.782845519Z [inf]  Hibernate: alter table rnpc_repair_records modify column fix TEXT
2026-09-09T11:35:39.791771366Z [inf]  Hibernate: alter table rnpc_repair_records modify column issue_description TEXT
2026-09-09T11:35:39.792241053Z [inf]  Hibernate: alter table rnpc_repair_records modify column recommendation TEXT
2026-09-09T11:35:39.802264309Z [inf]  Hibernate: alter table rnpc_repair_records modify column remarks TEXT
2026-09-09T11:35:39.814182160Z [inf]  Hibernate: alter table users modify column address TEXT
2026-09-09T11:35:39.867508368Z [inf]  2026-09-09T11:35:39.863Z  INFO 1 --- [inventory] [           main] j.LocalContainerEntityManagerFactoryBean : Initialized JPA EntityManagerFactory for persistence unit 'default'
2026-09-09T11:35:41.314589668Z [inf]  2026-09-09T11:35:41.311Z  WARN 1 --- [inventory] [           main] JpaBaseConfiguration$JpaWebConfiguration : spring.jpa.open-in-view is enabled by default. Therefore, database queries may be performed during view rendering. Explicitly configure spring.jpa.open-in-view to disable this warning
2026-09-09T11:35:41.407912435Z [inf]  2026-09-09T11:35:41.407Z  INFO 1 --- [inventory] [           main] eAuthenticationProviderManagerConfigurer : Global AuthenticationManager configured with AuthenticationProvider bean with name authenticationProvider
2026-09-09T11:35:41.408363902Z [inf]  2026-09-09T11:35:41.407Z  WARN 1 --- [inventory] [           main] r$InitializeUserDetailsManagerConfigurer : Global AuthenticationManager configured with an AuthenticationProvider bean. UserDetailsService beans will not be used for username/password login. Consider removing the AuthenticationProvider bean. Alternatively, consider using the UserDetailsService in a manually instantiated DaoAuthenticationProvider.
2026-09-09T11:35:41.521691695Z [inf]  2026-09-09T11:35:41.516Z  INFO 1 --- [inventory] [           main] o.s.b.a.w.s.WelcomePageHandlerMapping    : Adding welcome page: class path resource [static/index.html]
2026-09-09T11:35:42.373734893Z [inf]  2026-09-09T11:35:42.366Z  INFO 1 --- [inventory] [           main] o.s.b.w.embedded.tomcat.TomcatWebServer  : Tomcat started on port 8080 (http) with context path '/'
2026-09-09T11:35:42.377701337Z [inf]  2026-09-09T11:35:42.376Z  INFO 1 --- [inventory] [           main] c.rnpc.inventory.InventoryApplication    : Started InventoryApplication in 8.286 seconds (process running for 8.877)
2026-09-09T11:35:42.507035212Z [inf]  Hibernate: select u1_0.id from users u1_0 where u1_0.username=? limit ?
2026-09-09T11:35:42.526998617Z [inf]  Hibernate: insert into users (address,contact_number,email,full_name,google_id,password,role,username) values (?,?,?,?,?,?,?,?)
2026-09-09T11:35:42.571116820Z [inf]  Hibernate: select u1_0.id from users u1_0 where u1_0.username=? limit ?
2026-09-09T11:35:42.575241451Z [inf]  Hibernate: insert into users (address,contact_number,email,full_name,google_id,password,role,username) values (?,?,?,?,?,?,?,?)
2026-09-09T11:35:42.579695261Z [inf]  Demo users created:
2026-09-09T11:35:42.579703161Z [inf]  Admin: admin / 12345
2026-09-09T11:35:42.579707391Z [inf]  Customer: nand159 / 12345
2026-09-09T11:35:42.589664588Z [inf]  Hibernate: select u1_0.id,u1_0.address,u1_0.contact_number,u1_0.email,u1_0.full_name,u1_0.google_id,u1_0.password,u1_0.role,u1_0.username from users u1_0 where u1_0.email=?
2026-09-09T11:35:42.589668338Z [inf]  Hibernate: insert into users (address,contact_number,email,full_name,google_id,password,role,username) values (?,?,?,?,?,?,?,?)
2026-09-09T11:35:42.776012377Z [inf]  Hibernate: select count(*) from rnpc_cpu_parts cp1_0
2026-09-09T11:35:42.815136446Z [inf]  Hibernate: insert into rnpc_cpu_parts (base_clock_ghz,boost_clock_ghz,brand,cores,created_at,generation,image_file_name,integrated_graphics,launch_year,memory_support,model_name,price,socket,stocks,thread) values (?,?,?,?,?,?,?,?,?,?,?,?,?,?,?)
2026-09-09T11:35:42.815138976Z [inf]  Hibernate: insert into rnpc_cpu_parts (base_clock_ghz,boost_clock_ghz,brand,cores,created_at,generation,image_file_name,integrated_graphics,launch_year,memory_support,model_name,price,socket,stocks,thread) values (?,?,?,?,?,?,?,?,?,?,?,?,?,?,?)
2026-09-09T11:35:42.815141606Z [inf]  Hibernate: insert into rnpc_cpu_parts (base_clock_ghz,boost_clock_ghz,brand,cores,created_at,generation,image_file_name,integrated_graphics,launch_year,memory_support,model_name,price,socket,stocks,thread) values (?,?,?,?,?,?,?,?,?,?,?,?,?,?,?)
2026-09-09T11:35:42.815144115Z [inf]  Hibernate: insert into rnpc_cpu_parts (base_clock_ghz,boost_clock_ghz,brand,cores,created_at,generation,image_file_name,integrated_graphics,launch_year,memory_support,model_name,price,socket,stocks,thread) values (?,?,?,?,?,?,?,?,?,?,?,?,?,?,?)
2026-09-09T11:35:42.815353143Z [inf]  Hibernate: insert into rnpc_cpu_parts (base_clock_ghz,boost_clock_ghz,brand,cores,created_at,generation,image_file_name,integrated_graphics,launch_year,memory_support,model_name,price,socket,stocks,thread) values (?,?,?,?,?,?,?,?,?,?,?,?,?,?,?)
2026-09-09T11:35:42.816006087Z [inf]  Hibernate: insert into rnpc_cpu_parts (base_clock_ghz,boost_clock_ghz,brand,cores,created_at,generation,image_file_name,integrated_graphics,launch_year,memory_support,model_name,price,socket,stocks,thread) values (?,?,?,?,?,?,?,?,?,?,?,?,?,?,?)
2026-09-09T11:35:42.825679998Z [inf]  Hibernate: insert into rnpc_cpu_parts (base_clock_ghz,boost_clock_ghz,brand,cores,created_at,generation,image_file_name,integrated_graphics,launch_year,memory_support,model_name,price,socket,stocks,thread) values (?,?,?,?,?,?,?,?,?,?,?,?,?,?,?)
2026-09-09T11:35:42.825683438Z [inf]  Hibernate: insert into rnpc_cpu_parts (base_clock_ghz,boost_clock_ghz,brand,cores,created_at,generation,image_file_name,integrated_graphics,launch_year,memory_support,model_name,price,socket,stocks,thread) values (?,?,?,?,?,?,?,?,?,?,?,?,?,?,?)
2026-09-09T11:35:42.825686388Z [inf]  Hibernate: insert into rnpc_cpu_parts (base_clock_ghz,boost_clock_ghz,brand,cores,created_at,generation,image_file_name,integrated_graphics,launch_year,memory_support,model_name,price,socket,stocks,thread) values (?,?,?,?,?,?,?,?,?,?,?,?,?,?,?)
2026-09-09T11:35:42.825689748Z [inf]  Hibernate: insert into rnpc_cpu_parts (base_clock_ghz,boost_clock_ghz,brand,cores,created_at,generation,image_file_name,integrated_graphics,launch_year,memory_support,model_name,price,socket,stocks,thread) values (?,?,?,?,?,?,?,?,?,?,?,?,?,?,?)
2026-09-09T11:35:42.825692418Z [inf]  Hibernate: insert into rnpc_cpu_parts (base_clock_ghz,boost_clock_ghz,brand,cores,created_at,generation,image_file_name,integrated_graphics,launch_year,memory_support,model_name,price,socket,stocks,thread) values (?,?,?,?,?,?,?,?,?,?,?,?,?,?,?)
2026-09-09T11:35:42.863283531Z [inf]  Hibernate: insert into rnpc_cpu_parts (base_clock_ghz,boost_clock_ghz,brand,cores,created_at,generation,image_file_name,integrated_graphics,launch_year,memory_support,model_name,price,socket,stocks,thread) values (?,?,?,?,?,?,?,?,?,?,?,?,?,?,?)
2026-09-09T11:35:42.863287121Z [inf]  Hibernate: insert into rnpc_cpu_parts (base_clock_ghz,boost_clock_ghz,brand,cores,created_at,generation,image_file_name,integrated_graphics,launch_year,memory_support,model_name,price,socket,stocks,thread) values (?,?,?,?,?,?,?,?,?,?,?,?,?,?,?)
2026-09-09T11:35:42.863289931Z [inf]  Hibernate: insert into rnpc_cpu_parts (base_clock_ghz,boost_clock_ghz,brand,cores,created_at,generation,image_file_name,integrated_graphics,launch_year,memory_support,model_name,price,socket,stocks,thread) values (?,?,?,?,?,?,?,?,?,?,?,?,?,?,?)
2026-09-09T11:35:42.868036906Z [inf]  Hibernate: insert into rnpc_cpu_parts (base_clock_ghz,boost_clock_ghz,brand,cores,created_at,generation,image_file_name,integrated_graphics,launch_year,memory_support,model_name,price,socket,stocks,thread) values (?,?,?,?,?,?,?,?,?,?,?,?,?,?,?)
2026-09-09T11:35:42.868039606Z [inf]  Hibernate: insert into rnpc_cpu_parts (base_clock_ghz,boost_clock_ghz,brand,cores,created_at,generation,image_file_name,integrated_graphics,launch_year,memory_support,model_name,price,socket,stocks,thread) values (?,?,?,?,?,?,?,?,?,?,?,?,?,?,?)
2026-09-09T11:35:42.868041876Z [inf]  Hibernate: insert into rnpc_cpu_parts (base_clock_ghz,boost_clock_ghz,brand,cores,created_at,generation,image_file_name,integrated_graphics,launch_year,memory_support,model_name,price,socket,stocks,thread) values (?,?,?,?,?,?,?,?,?,?,?,?,?,?,?)
2026-09-09T11:35:42.868044886Z [inf]  Hibernate: insert into rnpc_cpu_parts (base_clock_ghz,boost_clock_ghz,brand,cores,created_at,generation,image_file_name,integrated_graphics,launch_year,memory_support,model_name,price,socket,stocks,thread) values (?,?,?,?,?,?,?,?,?,?,?,?,?,?,?)
2026-09-09T11:35:42.872286678Z [inf]  Hibernate: insert into rnpc_cpu_parts (base_clock_ghz,boost_clock_ghz,brand,cores,created_at,generation,image_file_name,integrated_graphics,launch_year,memory_support,model_name,price,socket,stocks,thread) values (?,?,?,?,?,?,?,?,?,?,?,?,?,?,?)
2026-09-09T11:35:42.872292448Z [inf]  Hibernate: insert into rnpc_cpu_parts (base_clock_ghz,boost_clock_ghz,brand,cores,created_at,generation,image_file_name,integrated_graphics,launch_year,memory_support,model_name,price,socket,stocks,thread) values (?,?,?,?,?,?,?,?,?,?,?,?,?,?,?)
2026-09-09T11:35:42.872296088Z [inf]  Hibernate: insert into rnpc_cpu_parts (base_clock_ghz,boost_clock_ghz,brand,cores,created_at,generation,image_file_name,integrated_graphics,launch_year,memory_support,model_name,price,socket,stocks,thread) values (?,?,?,?,?,?,?,?,?,?,?,?,?,?,?)
2026-09-09T11:35:42.872299408Z [inf]  Hibernate: insert into rnpc_cpu_parts (base_clock_ghz,boost_clock_ghz,brand,cores,created_at,generation,image_file_name,integrated_graphics,launch_year,memory_support,model_name,price,socket,stocks,thread) values (?,?,?,?,?,?,?,?,?,?,?,?,?,?,?)
2026-09-09T11:35:42.872302798Z [inf]  Hibernate: insert into rnpc_cpu_parts (base_clock_ghz,boost_clock_ghz,brand,cores,created_at,generation,image_file_name,integrated_graphics,launch_year,memory_support,model_name,price,socket,stocks,thread) values (?,?,?,?,?,?,?,?,?,?,?,?,?,?,?)
2026-09-09T11:35:42.872465506Z [inf]  Hibernate: insert into rnpc_cpu_parts (base_clock_ghz,boost_clock_ghz,brand,cores,created_at,generation,image_file_name,integrated_graphics,launch_year,memory_support,model_name,price,socket,stocks,thread) values (?,?,?,?,?,?,?,?,?,?,?,?,?,?,?)
2026-09-09T11:35:42.876571778Z [inf]  Hibernate: insert into rnpc_cpu_parts (base_clock_ghz,boost_clock_ghz,brand,cores,created_at,generation,image_file_name,integrated_graphics,launch_year,memory_support,model_name,price,socket,stocks,thread) values (?,?,?,?,?,?,?,?,?,?,?,?,?,?,?)
2026-09-09T11:35:42.876575668Z [inf]  Hibernate: insert into rnpc_cpu_parts (base_clock_ghz,boost_clock_ghz,brand,cores,created_at,generation,image_file_name,integrated_graphics,launch_year,memory_support,model_name,price,socket,stocks,thread) values (?,?,?,?,?,?,?,?,?,?,?,?,?,?,?)
2026-09-09T11:35:42.876579238Z [inf]  Hibernate: insert into rnpc_cpu_parts (base_clock_ghz,boost_clock_ghz,brand,cores,created_at,generation,image_file_name,integrated_graphics,launch_year,memory_support,model_name,price,socket,stocks,thread) values (?,?,?,?,?,?,?,?,?,?,?,?,?,?,?)
2026-09-09T11:35:42.876585188Z [inf]  Hibernate: insert into rnpc_cpu_parts (base_clock_ghz,boost_clock_ghz,brand,cores,created_at,generation,image_file_name,integrated_graphics,launch_year,memory_support,model_name,price,socket,stocks,thread) values (?,?,?,?,?,?,?,?,?,?,?,?,?,?,?)
2026-09-09T11:35:42.876587808Z [inf]  Hibernate: insert into rnpc_cpu_parts (base_clock_ghz,boost_clock_ghz,brand,cores,created_at,generation,image_file_name,integrated_graphics,launch_year,memory_support,model_name,price,socket,stocks,thread) values (?,?,?,?,?,?,?,?,?,?,?,?,?,?,?)
2026-09-09T11:35:42.880466932Z [inf]  Hibernate: insert into rnpc_cpu_parts (base_clock_ghz,boost_clock_ghz,brand,cores,created_at,generation,image_file_name,integrated_graphics,launch_year,memory_support,model_name,price,socket,stocks,thread) values (?,?,?,?,?,?,?,?,?,?,?,?,?,?,?)
2026-09-09T11:35:42.880474572Z [inf]  Hibernate: insert into rnpc_cpu_parts (base_clock_ghz,boost_clock_ghz,brand,cores,created_at,generation,image_file_name,integrated_graphics,launch_year,memory_support,model_name,price,socket,stocks,thread) values (?,?,?,?,?,?,?,?,?,?,?,?,?,?,?)
2026-09-09T11:35:42.880850328Z [inf]  Hibernate: insert into rnpc_cpu_parts (base_clock_ghz,boost_clock_ghz,brand,cores,created_at,generation,image_file_name,integrated_graphics,launch_year,memory_support,model_name,price,socket,stocks,thread) values (?,?,?,?,?,?,?,?,?,?,?,?,?,?,?)
2026-09-09T11:35:42.881239025Z [inf]  Hibernate: insert into rnpc_cpu_parts (base_clock_ghz,boost_clock_ghz,brand,cores,created_at,generation,image_file_name,integrated_graphics,launch_year,memory_support,model_name,price,socket,stocks,thread) values (?,?,?,?,?,?,?,?,?,?,?,?,?,?,?)
2026-09-09T11:35:42.885586585Z [inf]  Hibernate: insert into rnpc_cpu_parts (base_clock_ghz,boost_clock_ghz,brand,cores,created_at,generation,image_file_name,integrated_graphics,launch_year,memory_support,model_name,price,socket,stocks,thread) values (?,?,?,?,?,?,?,?,?,?,?,?,?,?,?)
2026-09-09T11:35:42.885591125Z [inf]  Hibernate: insert into rnpc_cpu_parts (base_clock_ghz,boost_clock_ghz,brand,cores,created_at,generation,image_file_name,integrated_graphics,launch_year,memory_support,model_name,price,socket,stocks,thread) values (?,?,?,?,?,?,?,?,?,?,?,?,?,?,?)
2026-09-09T11:35:42.885596014Z [inf]  Hibernate: insert into rnpc_cpu_parts (base_clock_ghz,boost_clock_ghz,brand,cores,created_at,generation,image_file_name,integrated_graphics,launch_year,memory_support,model_name,price,socket,stocks,thread) values (?,?,?,?,?,?,?,?,?,?,?,?,?,?,?)
2026-09-09T11:35:42.885599144Z [inf]  Hibernate: insert into rnpc_cpu_parts (base_clock_ghz,boost_clock_ghz,brand,cores,created_at,generation,image_file_name,integrated_graphics,launch_year,memory_support,model_name,price,socket,stocks,thread) values (?,?,?,?,?,?,?,?,?,?,?,?,?,?,?)
2026-09-09T11:35:42.885602444Z [inf]  Hibernate: insert into rnpc_cpu_parts (base_clock_ghz,boost_clock_ghz,brand,cores,created_at,generation,image_file_name,integrated_graphics,launch_year,memory_support,model_name,price,socket,stocks,thread) values (?,?,?,?,?,?,?,?,?,?,?,?,?,?,?)
2026-09-09T11:35:42.885819612Z [inf]  Hibernate: insert into rnpc_cpu_parts (base_clock_ghz,boost_clock_ghz,brand,cores,created_at,generation,image_file_name,integrated_graphics,launch_year,memory_support,model_name,price,socket,stocks,thread) values (?,?,?,?,?,?,?,?,?,?,?,?,?,?,?)
2026-09-09T11:35:42.889906654Z [inf]  Hibernate: insert into rnpc_cpu_parts (base_clock_ghz,boost_clock_ghz,brand,cores,created_at,generation,image_file_name,integrated_graphics,launch_year,memory_support,model_name,price,socket,stocks,thread) values (?,?,?,?,?,?,?,?,?,?,?,?,?,?,?)
2026-09-09T11:35:42.889911544Z [inf]  Hibernate: insert into rnpc_cpu_parts (base_clock_ghz,boost_clock_ghz,brand,cores,created_at,generation,image_file_name,integrated_graphics,launch_year,memory_support,model_name,price,socket,stocks,thread) values (?,?,?,?,?,?,?,?,?,?,?,?,?,?,?)
2026-09-09T11:35:42.889916094Z [inf]  Hibernate: insert into rnpc_cpu_parts (base_clock_ghz,boost_clock_ghz,brand,cores,created_at,generation,image_file_name,integrated_graphics,launch_year,memory_support,model_name,price,socket,stocks,thread) values (?,?,?,?,?,?,?,?,?,?,?,?,?,?,?)
2026-09-09T11:35:42.889919654Z [inf]  Hibernate: insert into rnpc_cpu_parts (base_clock_ghz,boost_clock_ghz,brand,cores,created_at,generation,image_file_name,integrated_graphics,launch_year,memory_support,model_name,price,socket,stocks,thread) values (?,?,?,?,?,?,?,?,?,?,?,?,?,?,?)
2026-09-09T11:35:42.889923034Z [inf]  Hibernate: insert into rnpc_cpu_parts (base_clock_ghz,boost_clock_ghz,brand,cores,created_at,generation,image_file_name,integrated_graphics,launch_year,memory_support,model_name,price,socket,stocks,thread) values (?,?,?,?,?,?,?,?,?,?,?,?,?,?,?)
2026-09-09T11:35:42.894360804Z [inf]  Hibernate: insert into rnpc_cpu_parts (base_clock_ghz,boost_clock_ghz,brand,cores,created_at,generation,image_file_name,integrated_graphics,launch_year,memory_support,model_name,price,socket,stocks,thread) values (?,?,?,?,?,?,?,?,?,?,?,?,?,?,?)
2026-09-09T11:35:42.894365244Z [inf]  Hibernate: insert into rnpc_cpu_parts (base_clock_ghz,boost_clock_ghz,brand,cores,created_at,generation,image_file_name,integrated_graphics,launch_year,memory_support,model_name,price,socket,stocks,thread) values (?,?,?,?,?,?,?,?,?,?,?,?,?,?,?)
2026-09-09T11:35:42.894369324Z [inf]  Hibernate: insert into rnpc_cpu_parts (base_clock_ghz,boost_clock_ghz,brand,cores,created_at,generation,image_file_name,integrated_graphics,launch_year,memory_support,model_name,price,socket,stocks,thread) values (?,?,?,?,?,?,?,?,?,?,?,?,?,?,?)
2026-09-09T11:35:42.894372724Z [inf]  Hibernate: insert into rnpc_cpu_parts (base_clock_ghz,boost_clock_ghz,brand,cores,created_at,generation,image_file_name,integrated_graphics,launch_year,memory_support,model_name,price,socket,stocks,thread) values (?,?,?,?,?,?,?,?,?,?,?,?,?,?,?)
2026-09-09T11:35:42.894376534Z [inf]  Hibernate: insert into rnpc_cpu_parts (base_clock_ghz,boost_clock_ghz,brand,cores,created_at,generation,image_file_name,integrated_graphics,launch_year,memory_support,model_name,price,socket,stocks,thread) values (?,?,?,?,?,?,?,?,?,?,?,?,?,?,?)
2026-09-09T11:35:42.894910548Z [inf]  Hibernate: insert into rnpc_cpu_parts (base_clock_ghz,boost_clock_ghz,brand,cores,created_at,generation,image_file_name,integrated_graphics,launch_year,memory_support,model_name,price,socket,stocks,thread) values (?,?,?,?,?,?,?,?,?,?,?,?,?,?,?)
2026-09-09T11:35:42.895291574Z [inf]  Hibernate: insert into rnpc_cpu_parts (base_clock_ghz,boost_clock_ghz,brand,cores,created_at,generation,image_file_name,integrated_graphics,launch_year,memory_support,model_name,price,socket,stocks,thread) values (?,?,?,?,?,?,?,?,?,?,?,?,?,?,?)
2026-09-09T11:35:42.895764731Z [inf]  Hibernate: insert into rnpc_cpu_parts (base_clock_ghz,boost_clock_ghz,brand,cores,created_at,generation,image_file_name,integrated_graphics,launch_year,memory_support,model_name,price,socket,stocks,thread) values (?,?,?,?,?,?,?,?,?,?,?,?,?,?,?)
2026-09-09T11:35:42.896198086Z [inf]  Hibernate: insert into rnpc_cpu_parts (base_clock_ghz,boost_clock_ghz,brand,cores,created_at,generation,image_file_name,integrated_graphics,launch_year,memory_support,model_name,price,socket,stocks,thread) values (?,?,?,?,?,?,?,?,?,?,?,?,?,?,?)
2026-09-09T11:35:42.900368198Z [inf]  Hibernate: insert into rnpc_cpu_parts (base_clock_ghz,boost_clock_ghz,brand,cores,created_at,generation,image_file_name,integrated_graphics,launch_year,memory_support,model_name,price,socket,stocks,thread) values (?,?,?,?,?,?,?,?,?,?,?,?,?,?,?)
2026-09-09T11:35:42.910282086Z [inf]  Hibernate: insert into rnpc_cpu_parts (base_clock_ghz,boost_clock_ghz,brand,cores,created_at,generation,image_file_name,integrated_graphics,launch_year,memory_support,model_name,price,socket,stocks,thread) values (?,?,?,?,?,?,?,?,?,?,?,?,?,?,?)
2026-09-09T11:35:42.910286696Z [inf]  Hibernate: insert into rnpc_cpu_parts (base_clock_ghz,boost_clock_ghz,brand,cores,created_at,generation,image_file_name,integrated_graphics,launch_year,memory_support,model_name,price,socket,stocks,thread) values (?,?,?,?,?,?,?,?,?,?,?,?,?,?,?)
2026-09-09T11:35:42.910292036Z [inf]  Hibernate: insert into rnpc_cpu_parts (base_clock_ghz,boost_clock_ghz,brand,cores,created_at,generation,image_file_name,integrated_graphics,launch_year,memory_support,model_name,price,socket,stocks,thread) values (?,?,?,?,?,?,?,?,?,?,?,?,?,?,?)
2026-09-09T11:35:42.910294566Z [inf]  Hibernate: insert into rnpc_cpu_parts (base_clock_ghz,boost_clock_ghz,brand,cores,created_at,generation,image_file_name,integrated_graphics,launch_year,memory_support,model_name,price,socket,stocks,thread) values (?,?,?,?,?,?,?,?,?,?,?,?,?,?,?)
2026-09-09T11:35:42.910296966Z [inf]  Hibernate: insert into rnpc_cpu_parts (base_clock_ghz,boost_clock_ghz,brand,cores,created_at,generation,image_file_name,integrated_graphics,launch_year,memory_support,model_name,price,socket,stocks,thread) values (?,?,?,?,?,?,?,?,?,?,?,?,?,?,?)
2026-09-09T11:35:42.910299426Z [inf]  Hibernate: insert into rnpc_cpu_parts (base_clock_ghz,boost_clock_ghz,brand,cores,created_at,generation,image_file_name,integrated_graphics,launch_year,memory_support,model_name,price,socket,stocks,thread) values (?,?,?,?,?,?,?,?,?,?,?,?,?,?,?)
2026-09-09T11:35:42.910301676Z [inf]  Hibernate: insert into rnpc_cpu_parts (base_clock_ghz,boost_clock_ghz,brand,cores,created_at,generation,image_file_name,integrated_graphics,launch_year,memory_support,model_name,price,socket,stocks,thread) values (?,?,?,?,?,?,?,?,?,?,?,?,?,?,?)
2026-09-09T11:35:42.914820914Z [inf]  Hibernate: insert into rnpc_cpu_parts (base_clock_ghz,boost_clock_ghz,brand,cores,created_at,generation,image_file_name,integrated_graphics,launch_year,memory_support,model_name,price,socket,stocks,thread) values (?,?,?,?,?,?,?,?,?,?,?,?,?,?,?)
2026-09-09T11:35:42.914826234Z [inf]  Hibernate: insert into rnpc_cpu_parts (base_clock_ghz,boost_clock_ghz,brand,cores,created_at,generation,image_file_name,integrated_graphics,launch_year,memory_support,model_name,price,socket,stocks,thread) values (?,?,?,?,?,?,?,?,?,?,?,?,?,?,?)
2026-09-09T11:35:42.914830284Z [inf]  Hibernate: insert into rnpc_cpu_parts (base_clock_ghz,boost_clock_ghz,brand,cores,created_at,generation,image_file_name,integrated_graphics,launch_year,memory_support,model_name,price,socket,stocks,thread) values (?,?,?,?,?,?,?,?,?,?,?,?,?,?,?)
2026-09-09T11:35:42.914834074Z [inf]  Hibernate: insert into rnpc_cpu_parts (base_clock_ghz,boost_clock_ghz,brand,cores,created_at,generation,image_file_name,integrated_graphics,launch_year,memory_support,model_name,price,socket,stocks,thread) values (?,?,?,?,?,?,?,?,?,?,?,?,?,?,?)
2026-09-09T11:35:42.914837174Z [inf]  Hibernate: insert into rnpc_cpu_parts (base_clock_ghz,boost_clock_ghz,brand,cores,created_at,generation,image_file_name,integrated_graphics,launch_year,memory_support,model_name,price,socket,stocks,thread) values (?,?,?,?,?,?,?,?,?,?,?,?,?,?,?)
2026-09-09T11:35:42.915161831Z [inf]  Hibernate: insert into rnpc_cpu_parts (base_clock_ghz,boost_clock_ghz,brand,cores,created_at,generation,image_file_name,integrated_graphics,launch_year,memory_support,model_name,price,socket,stocks,thread) values (?,?,?,?,?,?,?,?,?,?,?,?,?,?,?)
2026-09-09T11:35:42.915670076Z [inf]  Hibernate: insert into rnpc_cpu_parts (base_clock_ghz,boost_clock_ghz,brand,cores,created_at,generation,image_file_name,integrated_graphics,launch_year,memory_support,model_name,price,socket,stocks,thread) values (?,?,?,?,?,?,?,?,?,?,?,?,?,?,?)
2026-09-09T11:35:42.921108076Z [inf]  Hibernate: insert into rnpc_cpu_parts (base_clock_ghz,boost_clock_ghz,brand,cores,created_at,generation,image_file_name,integrated_graphics,launch_year,memory_support,model_name,price,socket,stocks,thread) values (?,?,?,?,?,?,?,?,?,?,?,?,?,?,?)
2026-09-09T11:35:42.921111236Z [inf]  Hibernate: insert into rnpc_cpu_parts (base_clock_ghz,boost_clock_ghz,brand,cores,created_at,generation,image_file_name,integrated_graphics,launch_year,memory_support,model_name,price,socket,stocks,thread) values (?,?,?,?,?,?,?,?,?,?,?,?,?,?,?)
2026-09-09T11:35:42.921115796Z [inf]  Hibernate: insert into rnpc_cpu_parts (base_clock_ghz,boost_clock_ghz,brand,cores,created_at,generation,image_file_name,integrated_graphics,launch_year,memory_support,model_name,price,socket,stocks,thread) values (?,?,?,?,?,?,?,?,?,?,?,?,?,?,?)
2026-09-09T11:35:42.921118496Z [inf]  Hibernate: insert into rnpc_cpu_parts (base_clock_ghz,boost_clock_ghz,brand,cores,created_at,generation,image_file_name,integrated_graphics,launch_year,memory_support,model_name,price,socket,stocks,thread) values (?,?,?,?,?,?,?,?,?,?,?,?,?,?,?)
2026-09-09T11:35:42.921120886Z [inf]  Hibernate: insert into rnpc_cpu_parts (base_clock_ghz,boost_clock_ghz,brand,cores,created_at,generation,image_file_name,integrated_graphics,launch_year,memory_support,model_name,price,socket,stocks,thread) values (?,?,?,?,?,?,?,?,?,?,?,?,?,?,?)
2026-09-09T11:35:42.921123816Z [inf]  Hibernate: insert into rnpc_cpu_parts (base_clock_ghz,boost_clock_ghz,brand,cores,created_at,generation,image_file_name,integrated_graphics,launch_year,memory_support,model_name,price,socket,stocks,thread) values (?,?,?,?,?,?,?,?,?,?,?,?,?,?,?)
2026-09-09T11:35:42.925323378Z [inf]  Hibernate: insert into rnpc_cpu_parts (base_clock_ghz,boost_clock_ghz,brand,cores,created_at,generation,image_file_name,integrated_graphics,launch_year,memory_support,model_name,price,socket,stocks,thread) values (?,?,?,?,?,?,?,?,?,?,?,?,?,?,?)
2026-09-09T11:35:42.925328308Z [inf]  Hibernate: insert into rnpc_cpu_parts (base_clock_ghz,boost_clock_ghz,brand,cores,created_at,generation,image_file_name,integrated_graphics,launch_year,memory_support,model_name,price,socket,stocks,thread) values (?,?,?,?,?,?,?,?,?,?,?,?,?,?,?)
2026-09-09T11:35:42.925332768Z [inf]  Hibernate: insert into rnpc_cpu_parts (base_clock_ghz,boost_clock_ghz,brand,cores,created_at,generation,image_file_name,integrated_graphics,launch_year,memory_support,model_name,price,socket,stocks,thread) values (?,?,?,?,?,?,?,?,?,?,?,?,?,?,?)
2026-09-09T11:35:42.925336138Z [inf]  Hibernate: insert into rnpc_cpu_parts (base_clock_ghz,boost_clock_ghz,brand,cores,created_at,generation,image_file_name,integrated_graphics,launch_year,memory_support,model_name,price,socket,stocks,thread) values (?,?,?,?,?,?,?,?,?,?,?,?,?,?,?)
2026-09-09T11:35:42.925339767Z [inf]  Hibernate: insert into rnpc_cpu_parts (base_clock_ghz,boost_clock_ghz,brand,cores,created_at,generation,image_file_name,integrated_graphics,launch_year,memory_support,model_name,price,socket,stocks,thread) values (?,?,?,?,?,?,?,?,?,?,?,?,?,?,?)
2026-09-09T11:35:42.926650025Z [inf]  Hibernate: insert into rnpc_cpu_parts (base_clock_ghz,boost_clock_ghz,brand,cores,created_at,generation,image_file_name,integrated_graphics,launch_year,memory_support,model_name,price,socket,stocks,thread) values (?,?,?,?,?,?,?,?,?,?,?,?,?,?,?)
2026-09-09T11:35:42.926653685Z [inf]  Hibernate: insert into rnpc_cpu_parts (base_clock_ghz,boost_clock_ghz,brand,cores,created_at,generation,image_file_name,integrated_graphics,launch_year,memory_support,model_name,price,socket,stocks,thread) values (?,?,?,?,?,?,?,?,?,?,?,?,?,?,?)
2026-09-09T11:35:42.927790364Z [inf]  Hibernate: insert into rnpc_cpu_parts (base_clock_ghz,boost_clock_ghz,brand,cores,created_at,generation,image_file_name,integrated_graphics,launch_year,memory_support,model_name,price,socket,stocks,thread) values (?,?,?,?,?,?,?,?,?,?,?,?,?,?,?)
2026-09-09T11:35:42.927795094Z [inf]  Hibernate: insert into rnpc_cpu_parts (base_clock_ghz,boost_clock_ghz,brand,cores,created_at,generation,image_file_name,integrated_graphics,launch_year,memory_support,model_name,price,socket,stocks,thread) values (?,?,?,?,?,?,?,?,?,?,?,?,?,?,?)
2026-09-09T11:35:42.928262480Z [inf]  Hibernate: insert into rnpc_cpu_parts (base_clock_ghz,boost_clock_ghz,brand,cores,created_at,generation,image_file_name,integrated_graphics,launch_year,memory_support,model_name,price,socket,stocks,thread) values (?,?,?,?,?,?,?,?,?,?,?,?,?,?,?)
2026-09-09T11:35:42.929365310Z [inf]  Hibernate: insert into rnpc_cpu_parts (base_clock_ghz,boost_clock_ghz,brand,cores,created_at,generation,image_file_name,integrated_graphics,launch_year,memory_support,model_name,price,socket,stocks,thread) values (?,?,?,?,?,?,?,?,?,?,?,?,?,?,?)
2026-09-09T11:35:42.962210607Z [inf]  Hibernate: insert into rnpc_cpu_parts (base_clock_ghz,boost_clock_ghz,brand,cores,created_at,generation,image_file_name,integrated_graphics,launch_year,memory_support,model_name,price,socket,stocks,thread) values (?,?,?,?,?,?,?,?,?,?,?,?,?,?,?)
2026-09-09T11:35:42.962215607Z [inf]  Hibernate: insert into rnpc_cpu_parts (base_clock_ghz,boost_clock_ghz,brand,cores,created_at,generation,image_file_name,integrated_graphics,launch_year,memory_support,model_name,price,socket,stocks,thread) values (?,?,?,?,?,?,?,?,?,?,?,?,?,?,?)
2026-09-09T11:35:42.962652952Z [inf]  Hibernate: insert into rnpc_cpu_parts (base_clock_ghz,boost_clock_ghz,brand,cores,created_at,generation,image_file_name,integrated_graphics,launch_year,memory_support,model_name,price,socket,stocks,thread) values (?,?,?,?,?,?,?,?,?,?,?,?,?,?,?)
2026-09-09T11:35:42.966999043Z [inf]  Hibernate: insert into rnpc_cpu_parts (base_clock_ghz,boost_clock_ghz,brand,cores,created_at,generation,image_file_name,integrated_graphics,launch_year,memory_support,model_name,price,socket,stocks,thread) values (?,?,?,?,?,?,?,?,?,?,?,?,?,?,?)
2026-09-09T11:35:42.967003883Z [inf]  Hibernate: insert into rnpc_cpu_parts (base_clock_ghz,boost_clock_ghz,brand,cores,created_at,generation,image_file_name,integrated_graphics,launch_year,memory_support,model_name,price,socket,stocks,thread) values (?,?,?,?,?,?,?,?,?,?,?,?,?,?,?)
2026-09-09T11:35:42.967007043Z [inf]  Hibernate: insert into rnpc_cpu_parts (base_clock_ghz,boost_clock_ghz,brand,cores,created_at,generation,image_file_name,integrated_graphics,launch_year,memory_support,model_name,price,socket,stocks,thread) values (?,?,?,?,?,?,?,?,?,?,?,?,?,?,?)
2026-09-09T11:35:42.967009883Z [inf]  Hibernate: insert into rnpc_cpu_parts (base_clock_ghz,boost_clock_ghz,brand,cores,created_at,generation,image_file_name,integrated_graphics,launch_year,memory_support,model_name,price,socket,stocks,thread) values (?,?,?,?,?,?,?,?,?,?,?,?,?,?,?)
2026-09-09T11:35:42.967012363Z [inf]  Hibernate: insert into rnpc_cpu_parts (base_clock_ghz,boost_clock_ghz,brand,cores,created_at,generation,image_file_name,integrated_graphics,launch_year,memory_support,model_name,price,socket,stocks,thread) values (?,?,?,?,?,?,?,?,?,?,?,?,?,?,?)
2026-09-09T11:35:42.967015583Z [inf]  Hibernate: insert into rnpc_cpu_parts (base_clock_ghz,boost_clock_ghz,brand,cores,created_at,generation,image_file_name,integrated_graphics,launch_year,memory_support,model_name,price,socket,stocks,thread) values (?,?,?,?,?,?,?,?,?,?,?,?,?,?,?)
2026-09-09T11:35:42.967224541Z [inf]  Hibernate: insert into rnpc_cpu_parts (base_clock_ghz,boost_clock_ghz,brand,cores,created_at,generation,image_file_name,integrated_graphics,launch_year,memory_support,model_name,price,socket,stocks,thread) values (?,?,?,?,?,?,?,?,?,?,?,?,?,?,?)
2026-09-09T11:35:42.967637466Z [inf]  Hibernate: insert into rnpc_cpu_parts (base_clock_ghz,boost_clock_ghz,brand,cores,created_at,generation,image_file_name,integrated_graphics,launch_year,memory_support,model_name,price,socket,stocks,thread) values (?,?,?,?,?,?,?,?,?,?,?,?,?,?,?)
2026-09-09T11:35:42.968146141Z [inf]  Hibernate: insert into rnpc_cpu_parts (base_clock_ghz,boost_clock_ghz,brand,cores,created_at,generation,image_file_name,integrated_graphics,launch_year,memory_support,model_name,price,socket,stocks,thread) values (?,?,?,?,?,?,?,?,?,?,?,?,?,?,?)
2026-09-09T11:35:42.972337403Z [inf]  Hibernate: insert into rnpc_cpu_parts (base_clock_ghz,boost_clock_ghz,brand,cores,created_at,generation,image_file_name,integrated_graphics,launch_year,memory_support,model_name,price,socket,stocks,thread) values (?,?,?,?,?,?,?,?,?,?,?,?,?,?,?)
2026-09-09T11:35:42.972341403Z [inf]  Hibernate: insert into rnpc_cpu_parts (base_clock_ghz,boost_clock_ghz,brand,cores,created_at,generation,image_file_name,integrated_graphics,launch_year,memory_support,model_name,price,socket,stocks,thread) values (?,?,?,?,?,?,?,?,?,?,?,?,?,?,?)
2026-09-09T11:35:42.972344313Z [inf]  Hibernate: insert into rnpc_cpu_parts (base_clock_ghz,boost_clock_ghz,brand,cores,created_at,generation,image_file_name,integrated_graphics,launch_year,memory_support,model_name,price,socket,stocks,thread) values (?,?,?,?,?,?,?,?,?,?,?,?,?,?,?)
2026-09-09T11:35:42.972347013Z [inf]  Hibernate: insert into rnpc_cpu_parts (base_clock_ghz,boost_clock_ghz,brand,cores,created_at,generation,image_file_name,integrated_graphics,launch_year,memory_support,model_name,price,socket,stocks,thread) values (?,?,?,?,?,?,?,?,?,?,?,?,?,?,?)
2026-09-09T11:35:42.976525734Z [inf]  Hibernate: insert into rnpc_cpu_parts (base_clock_ghz,boost_clock_ghz,brand,cores,created_at,generation,image_file_name,integrated_graphics,launch_year,memory_support,model_name,price,socket,stocks,thread) values (?,?,?,?,?,?,?,?,?,?,?,?,?,?,?)
2026-09-09T11:35:42.976818921Z [inf]  Hibernate: insert into rnpc_cpu_parts (base_clock_ghz,boost_clock_ghz,brand,cores,created_at,generation,image_file_name,integrated_graphics,launch_year,memory_support,model_name,price,socket,stocks,thread) values (?,?,?,?,?,?,?,?,?,?,?,?,?,?,?)
2026-09-09T11:35:42.977207568Z [inf]  Hibernate: insert into rnpc_cpu_parts (base_clock_ghz,boost_clock_ghz,brand,cores,created_at,generation,image_file_name,integrated_graphics,launch_year,memory_support,model_name,price,socket,stocks,thread) values (?,?,?,?,?,?,?,?,?,?,?,?,?,?,?)
2026-09-09T11:35:42.977633154Z [inf]  Hibernate: insert into rnpc_cpu_parts (base_clock_ghz,boost_clock_ghz,brand,cores,created_at,generation,image_file_name,integrated_graphics,launch_year,memory_support,model_name,price,socket,stocks,thread) values (?,?,?,?,?,?,?,?,?,?,?,?,?,?,?)
2026-09-09T11:35:42.981683717Z [inf]  Hibernate: insert into rnpc_cpu_parts (base_clock_ghz,boost_clock_ghz,brand,cores,created_at,generation,image_file_name,integrated_graphics,launch_year,memory_support,model_name,price,socket,stocks,thread) values (?,?,?,?,?,?,?,?,?,?,?,?,?,?,?)
2026-09-09T11:35:42.981687997Z [inf]  Hibernate: insert into rnpc_cpu_parts (base_clock_ghz,boost_clock_ghz,brand,cores,created_at,generation,image_file_name,integrated_graphics,launch_year,memory_support,model_name,price,socket,stocks,thread) values (?,?,?,?,?,?,?,?,?,?,?,?,?,?,?)
2026-09-09T11:35:42.981691837Z [inf]  Hibernate: insert into rnpc_cpu_parts (base_clock_ghz,boost_clock_ghz,brand,cores,created_at,generation,image_file_name,integrated_graphics,launch_year,memory_support,model_name,price,socket,stocks,thread) values (?,?,?,?,?,?,?,?,?,?,?,?,?,?,?)
2026-09-09T11:35:42.981694887Z [inf]  Hibernate: insert into rnpc_cpu_parts (base_clock_ghz,boost_clock_ghz,brand,cores,created_at,generation,image_file_name,integrated_graphics,launch_year,memory_support,model_name,price,socket,stocks,thread) values (?,?,?,?,?,?,?,?,?,?,?,?,?,?,?)
2026-09-09T11:35:42.981697067Z [inf]  Hibernate: insert into rnpc_cpu_parts (base_clock_ghz,boost_clock_ghz,brand,cores,created_at,generation,image_file_name,integrated_graphics,launch_year,memory_support,model_name,price,socket,stocks,thread) values (?,?,?,?,?,?,?,?,?,?,?,?,?,?,?)
2026-09-09T11:35:42.981984444Z [inf]  Hibernate: insert into rnpc_cpu_parts (base_clock_ghz,boost_clock_ghz,brand,cores,created_at,generation,image_file_name,integrated_graphics,launch_year,memory_support,model_name,price,socket,stocks,thread) values (?,?,?,?,?,?,?,?,?,?,?,?,?,?,?)
2026-09-09T11:35:42.982455119Z [inf]  Hibernate: insert into rnpc_cpu_parts (base_clock_ghz,boost_clock_ghz,brand,cores,created_at,generation,image_file_name,integrated_graphics,launch_year,memory_support,model_name,price,socket,stocks,thread) values (?,?,?,?,?,?,?,?,?,?,?,?,?,?,?)
2026-09-09T11:35:42.988171857Z [inf]  Hibernate: insert into rnpc_cpu_parts (base_clock_ghz,boost_clock_ghz,brand,cores,created_at,generation,image_file_name,integrated_graphics,launch_year,memory_support,model_name,price,socket,stocks,thread) values (?,?,?,?,?,?,?,?,?,?,?,?,?,?,?)
2026-09-09T11:35:42.988175117Z [inf]  Hibernate: insert into rnpc_cpu_parts (base_clock_ghz,boost_clock_ghz,brand,cores,created_at,generation,image_file_name,integrated_graphics,launch_year,memory_support,model_name,price,socket,stocks,thread) values (?,?,?,?,?,?,?,?,?,?,?,?,?,?,?)
2026-09-09T11:35:42.988177917Z [inf]  Hibernate: insert into rnpc_cpu_parts (base_clock_ghz,boost_clock_ghz,brand,cores,created_at,generation,image_file_name,integrated_graphics,launch_year,memory_support,model_name,price,socket,stocks,thread) values (?,?,?,?,?,?,?,?,?,?,?,?,?,?,?)
2026-09-09T11:35:42.988180667Z [inf]  Hibernate: insert into rnpc_cpu_parts (base_clock_ghz,boost_clock_ghz,brand,cores,created_at,generation,image_file_name,integrated_graphics,launch_year,memory_support,model_name,price,socket,stocks,thread) values (?,?,?,?,?,?,?,?,?,?,?,?,?,?,?)
2026-09-09T11:35:42.988183797Z [inf]  Hibernate: insert into rnpc_cpu_parts (base_clock_ghz,boost_clock_ghz,brand,cores,created_at,generation,image_file_name,integrated_graphics,launch_year,memory_support,model_name,price,socket,stocks,thread) values (?,?,?,?,?,?,?,?,?,?,?,?,?,?,?)
2026-09-09T11:35:42.988186987Z [inf]  Hibernate: insert into rnpc_cpu_parts (base_clock_ghz,boost_clock_ghz,brand,cores,created_at,generation,image_file_name,integrated_graphics,launch_year,memory_support,model_name,price,socket,stocks,thread) values (?,?,?,?,?,?,?,?,?,?,?,?,?,?,?)
2026-09-09T11:35:42.988191527Z [inf]  Hibernate: insert into rnpc_cpu_parts (base_clock_ghz,boost_clock_ghz,brand,cores,created_at,generation,image_file_name,integrated_graphics,launch_year,memory_support,model_name,price,socket,stocks,thread) values (?,?,?,?,?,?,?,?,?,?,?,?,?,?,?)
2026-09-09T11:35:42.988453824Z [inf]  Hibernate: insert into rnpc_cpu_parts (base_clock_ghz,boost_clock_ghz,brand,cores,created_at,generation,image_file_name,integrated_graphics,launch_year,memory_support,model_name,price,socket,stocks,thread) values (?,?,?,?,?,?,?,?,?,?,?,?,?,?,?)
2026-09-09T11:35:42.989086679Z [inf]  Hibernate: insert into rnpc_cpu_parts (base_clock_ghz,boost_clock_ghz,brand,cores,created_at,generation,image_file_name,integrated_graphics,launch_year,memory_support,model_name,price,socket,stocks,thread) values (?,?,?,?,?,?,?,?,?,?,?,?,?,?,?)
2026-09-09T11:35:42.993197670Z [inf]  Hibernate: insert into rnpc_cpu_parts (base_clock_ghz,boost_clock_ghz,brand,cores,created_at,generation,image_file_name,integrated_graphics,launch_year,memory_support,model_name,price,socket,stocks,thread) values (?,?,?,?,?,?,?,?,?,?,?,?,?,?,?)
2026-09-09T11:35:42.993200190Z [inf]  Hibernate: insert into rnpc_cpu_parts (base_clock_ghz,boost_clock_ghz,brand,cores,created_at,generation,image_file_name,integrated_graphics,launch_year,memory_support,model_name,price,socket,stocks,thread) values (?,?,?,?,?,?,?,?,?,?,?,?,?,?,?)
2026-09-09T11:35:42.993202630Z [inf]  Hibernate: insert into rnpc_cpu_parts (base_clock_ghz,boost_clock_ghz,brand,cores,created_at,generation,image_file_name,integrated_graphics,launch_year,memory_support,model_name,price,socket,stocks,thread) values (?,?,?,?,?,?,?,?,?,?,?,?,?,?,?)
2026-09-09T11:35:42.993465288Z [inf]  Hibernate: insert into rnpc_cpu_parts (base_clock_ghz,boost_clock_ghz,brand,cores,created_at,generation,image_file_name,integrated_graphics,launch_year,memory_support,model_name,price,socket,stocks,thread) values (?,?,?,?,?,?,?,?,?,?,?,?,?,?,?)
2026-09-09T11:35:42.997724348Z [inf]  Hibernate: insert into rnpc_cpu_parts (base_clock_ghz,boost_clock_ghz,brand,cores,created_at,generation,image_file_name,integrated_graphics,launch_year,memory_support,model_name,price,socket,stocks,thread) values (?,?,?,?,?,?,?,?,?,?,?,?,?,?,?)
2026-09-09T11:35:42.997727778Z [inf]  Hibernate: insert into rnpc_cpu_parts (base_clock_ghz,boost_clock_ghz,brand,cores,created_at,generation,image_file_name,integrated_graphics,launch_year,memory_support,model_name,price,socket,stocks,thread) values (?,?,?,?,?,?,?,?,?,?,?,?,?,?,?)
2026-09-09T11:35:42.998306423Z [inf]  Hibernate: insert into rnpc_cpu_parts (base_clock_ghz,boost_clock_ghz,brand,cores,created_at,generation,image_file_name,integrated_graphics,launch_year,memory_support,model_name,price,socket,stocks,thread) values (?,?,?,?,?,?,?,?,?,?,?,?,?,?,?)
2026-09-09T11:35:43.002385045Z [inf]  Hibernate: insert into rnpc_cpu_parts (base_clock_ghz,boost_clock_ghz,brand,cores,created_at,generation,image_file_name,integrated_graphics,launch_year,memory_support,model_name,price,socket,stocks,thread) values (?,?,?,?,?,?,?,?,?,?,?,?,?,?,?)
2026-09-09T11:35:43.002389395Z [inf]  Hibernate: insert into rnpc_cpu_parts (base_clock_ghz,boost_clock_ghz,brand,cores,created_at,generation,image_file_name,integrated_graphics,launch_year,memory_support,model_name,price,socket,stocks,thread) values (?,?,?,?,?,?,?,?,?,?,?,?,?,?,?)
2026-09-09T11:35:43.002392265Z [inf]  Hibernate: insert into rnpc_cpu_parts (base_clock_ghz,boost_clock_ghz,brand,cores,created_at,generation,image_file_name,integrated_graphics,launch_year,memory_support,model_name,price,socket,stocks,thread) values (?,?,?,?,?,?,?,?,?,?,?,?,?,?,?)
2026-09-09T11:35:43.002394485Z [inf]  Hibernate: insert into rnpc_cpu_parts (base_clock_ghz,boost_clock_ghz,brand,cores,created_at,generation,image_file_name,integrated_graphics,launch_year,memory_support,model_name,price,socket,stocks,thread) values (?,?,?,?,?,?,?,?,?,?,?,?,?,?,?)
2026-09-09T11:35:43.002397035Z [inf]  Hibernate: insert into rnpc_cpu_parts (base_clock_ghz,boost_clock_ghz,brand,cores,created_at,generation,image_file_name,integrated_graphics,launch_year,memory_support,model_name,price,socket,stocks,thread) values (?,?,?,?,?,?,?,?,?,?,?,?,?,?,?)
2026-09-09T11:35:43.002399335Z [inf]  Hibernate: insert into rnpc_cpu_parts (base_clock_ghz,boost_clock_ghz,brand,cores,created_at,generation,image_file_name,integrated_graphics,launch_year,memory_support,model_name,price,socket,stocks,thread) values (?,?,?,?,?,?,?,?,?,?,?,?,?,?,?)
2026-09-09T11:35:43.006468168Z [inf]  Hibernate: insert into rnpc_cpu_parts (base_clock_ghz,boost_clock_ghz,brand,cores,created_at,generation,image_file_name,integrated_graphics,launch_year,memory_support,model_name,price,socket,stocks,thread) values (?,?,?,?,?,?,?,?,?,?,?,?,?,?,?)
2026-09-09T11:35:43.006471108Z [inf]  Hibernate: insert into rnpc_cpu_parts (base_clock_ghz,boost_clock_ghz,brand,cores,created_at,generation,image_file_name,integrated_graphics,launch_year,memory_support,model_name,price,socket,stocks,thread) values (?,?,?,?,?,?,?,?,?,?,?,?,?,?,?)
2026-09-09T11:35:43.006473788Z [inf]  Hibernate: insert into rnpc_cpu_parts (base_clock_ghz,boost_clock_ghz,brand,cores,created_at,generation,image_file_name,integrated_graphics,launch_year,memory_support,model_name,price,socket,stocks,thread) values (?,?,?,?,?,?,?,?,?,?,?,?,?,?,?)
2026-09-09T11:35:43.006476187Z [inf]  Hibernate: insert into rnpc_cpu_parts (base_clock_ghz,boost_clock_ghz,brand,cores,created_at,generation,image_file_name,integrated_graphics,launch_year,memory_support,model_name,price,socket,stocks,thread) values (?,?,?,?,?,?,?,?,?,?,?,?,?,?,?)
2026-09-09T11:35:43.006478647Z [inf]  Hibernate: insert into rnpc_cpu_parts (base_clock_ghz,boost_clock_ghz,brand,cores,created_at,generation,image_file_name,integrated_graphics,launch_year,memory_support,model_name,price,socket,stocks,thread) values (?,?,?,?,?,?,?,?,?,?,?,?,?,?,?)
2026-09-09T11:35:43.006990252Z [inf]  Hibernate: insert into rnpc_cpu_parts (base_clock_ghz,boost_clock_ghz,brand,cores,created_at,generation,image_file_name,integrated_graphics,launch_year,memory_support,model_name,price,socket,stocks,thread) values (?,?,?,?,?,?,?,?,?,?,?,?,?,?,?)
2026-09-09T11:35:43.007759176Z [inf]  Hibernate: insert into rnpc_cpu_parts (base_clock_ghz,boost_clock_ghz,brand,cores,created_at,generation,image_file_name,integrated_graphics,launch_year,memory_support,model_name,price,socket,stocks,thread) values (?,?,?,?,?,?,?,?,?,?,?,?,?,?,?)
2026-09-09T11:35:43.007761926Z [inf]  Hibernate: insert into rnpc_cpu_parts (base_clock_ghz,boost_clock_ghz,brand,cores,created_at,generation,image_file_name,integrated_graphics,launch_year,memory_support,model_name,price,socket,stocks,thread) values (?,?,?,?,?,?,?,?,?,?,?,?,?,?,?)
2026-09-09T11:35:43.008298240Z [inf]  Hibernate: insert into rnpc_cpu_parts (base_clock_ghz,boost_clock_ghz,brand,cores,created_at,generation,image_file_name,integrated_graphics,launch_year,memory_support,model_name,price,socket,stocks,thread) values (?,?,?,?,?,?,?,?,?,?,?,?,?,?,?)
2026-09-09T11:35:43.009503159Z [inf]  Hibernate: insert into rnpc_cpu_parts (base_clock_ghz,boost_clock_ghz,brand,cores,created_at,generation,image_file_name,integrated_graphics,launch_year,memory_support,model_name,price,socket,stocks,thread) values (?,?,?,?,?,?,?,?,?,?,?,?,?,?,?)
2026-09-09T11:35:43.009507069Z [inf]  Hibernate: insert into rnpc_cpu_parts (base_clock_ghz,boost_clock_ghz,brand,cores,created_at,generation,image_file_name,integrated_graphics,launch_year,memory_support,model_name,price,socket,stocks,thread) values (?,?,?,?,?,?,?,?,?,?,?,?,?,?,?)
2026-09-09T11:35:43.009888886Z [inf]  Hibernate: insert into rnpc_cpu_parts (base_clock_ghz,boost_clock_ghz,brand,cores,created_at,generation,image_file_name,integrated_graphics,launch_year,memory_support,model_name,price,socket,stocks,thread) values (?,?,?,?,?,?,?,?,?,?,?,?,?,?,?)
2026-09-09T11:35:43.010288712Z [inf]  Hibernate: insert into rnpc_cpu_parts (base_clock_ghz,boost_clock_ghz,brand,cores,created_at,generation,image_file_name,integrated_graphics,launch_year,memory_support,model_name,price,socket,stocks,thread) values (?,?,?,?,?,?,?,?,?,?,?,?,?,?,?)
2026-09-09T11:35:43.010672298Z [inf]  Hibernate: insert into rnpc_cpu_parts (base_clock_ghz,boost_clock_ghz,brand,cores,created_at,generation,image_file_name,integrated_graphics,launch_year,memory_support,model_name,price,socket,stocks,thread) values (?,?,?,?,?,?,?,?,?,?,?,?,?,?,?)
2026-09-09T11:35:43.011081984Z [inf]  Hibernate: insert into rnpc_cpu_parts (base_clock_ghz,boost_clock_ghz,brand,cores,created_at,generation,image_file_name,integrated_graphics,launch_year,memory_support,model_name,price,socket,stocks,thread) values (?,?,?,?,?,?,?,?,?,?,?,?,?,?,?)
2026-09-09T11:35:43.011539801Z [inf]  Hibernate: insert into rnpc_cpu_parts (base_clock_ghz,boost_clock_ghz,brand,cores,created_at,generation,image_file_name,integrated_graphics,launch_year,memory_support,model_name,price,socket,stocks,thread) values (?,?,?,?,?,?,?,?,?,?,?,?,?,?,?)
2026-09-09T11:35:43.017294017Z [inf]  Hibernate: insert into rnpc_cpu_parts (base_clock_ghz,boost_clock_ghz,brand,cores,created_at,generation,image_file_name,integrated_graphics,launch_year,memory_support,model_name,price,socket,stocks,thread) values (?,?,?,?,?,?,?,?,?,?,?,?,?,?,?)
2026-09-09T11:35:43.017297607Z [inf]  Hibernate: insert into rnpc_cpu_parts (base_clock_ghz,boost_clock_ghz,brand,cores,created_at,generation,image_file_name,integrated_graphics,launch_year,memory_support,model_name,price,socket,stocks,thread) values (?,?,?,?,?,?,?,?,?,?,?,?,?,?,?)
2026-09-09T11:35:43.017300447Z [inf]  Hibernate: insert into rnpc_cpu_parts (base_clock_ghz,boost_clock_ghz,brand,cores,created_at,generation,image_file_name,integrated_graphics,launch_year,memory_support,model_name,price,socket,stocks,thread) values (?,?,?,?,?,?,?,?,?,?,?,?,?,?,?)
2026-09-09T11:35:43.017304137Z [inf]  Hibernate: insert into rnpc_cpu_parts (base_clock_ghz,boost_clock_ghz,brand,cores,created_at,generation,image_file_name,integrated_graphics,launch_year,memory_support,model_name,price,socket,stocks,thread) values (?,?,?,?,?,?,?,?,?,?,?,?,?,?,?)
2026-09-09T11:35:43.017307477Z [inf]  Hibernate: insert into rnpc_cpu_parts (base_clock_ghz,boost_clock_ghz,brand,cores,created_at,generation,image_file_name,integrated_graphics,launch_year,memory_support,model_name,price,socket,stocks,thread) values (?,?,?,?,?,?,?,?,?,?,?,?,?,?,?)
2026-09-09T11:35:43.025259884Z [inf]  Hibernate: select count(*) from rnpc_gpu_parts gp1_0
2026-09-09T11:35:43.029275927Z [inf]  Hibernate: insert into rnpc_gpu_parts (architecture,brand,created_at,image_file_name,launch_year,memory_type,model_name,power_connector,price,recommended_psuw,series,stocks,typical_aib_partners,vram) values (?,?,?,?,?,?,?,?,?,?,?,?,?,?)
2026-09-09T11:35:43.033994823Z [inf]  Hibernate: insert into rnpc_gpu_parts (architecture,brand,created_at,image_file_name,launch_year,memory_type,model_name,power_connector,price,recommended_psuw,series,stocks,typical_aib_partners,vram) values (?,?,?,?,?,?,?,?,?,?,?,?,?,?)
2026-09-09T11:35:43.033997823Z [inf]  Hibernate: insert into rnpc_gpu_parts (architecture,brand,created_at,image_file_name,launch_year,memory_type,model_name,power_connector,price,recommended_psuw,series,stocks,typical_aib_partners,vram) values (?,?,?,?,?,?,?,?,?,?,?,?,?,?)
2026-09-09T11:35:43.034001013Z [inf]  Hibernate: insert into rnpc_gpu_parts (architecture,brand,created_at,image_file_name,launch_year,memory_type,model_name,power_connector,price,recommended_psuw,series,stocks,typical_aib_partners,vram) values (?,?,?,?,?,?,?,?,?,?,?,?,?,?)
2026-09-09T11:35:43.034003713Z [inf]  Hibernate: insert into rnpc_gpu_parts (architecture,brand,created_at,image_file_name,launch_year,memory_type,model_name,power_connector,price,recommended_psuw,series,stocks,typical_aib_partners,vram) values (?,?,?,?,?,?,?,?,?,?,?,?,?,?)
2026-09-09T11:35:43.034006573Z [inf]  Hibernate: insert into rnpc_gpu_parts (architecture,brand,created_at,image_file_name,launch_year,memory_type,model_name,power_connector,price,recommended_psuw,series,stocks,typical_aib_partners,vram) values (?,?,?,?,?,?,?,?,?,?,?,?,?,?)
2026-09-09T11:35:43.034010413Z [inf]  Hibernate: insert into rnpc_gpu_parts (architecture,brand,created_at,image_file_name,launch_year,memory_type,model_name,power_connector,price,recommended_psuw,series,stocks,typical_aib_partners,vram) values (?,?,?,?,?,?,?,?,?,?,?,?,?,?)
2026-09-09T11:35:43.034012983Z [inf]  Hibernate: insert into rnpc_gpu_parts (architecture,brand,created_at,image_file_name,launch_year,memory_type,model_name,power_connector,price,recommended_psuw,series,stocks,typical_aib_partners,vram) values (?,?,?,?,?,?,?,?,?,?,?,?,?,?)
2026-09-09T11:35:43.034015253Z [inf]  Hibernate: insert into rnpc_gpu_parts (architecture,brand,created_at,image_file_name,launch_year,memory_type,model_name,power_connector,price,recommended_psuw,series,stocks,typical_aib_partners,vram) values (?,?,?,?,?,?,?,?,?,?,?,?,?,?)
2026-09-09T11:35:43.034368520Z [inf]  Hibernate: insert into rnpc_gpu_parts (architecture,brand,created_at,image_file_name,launch_year,memory_type,model_name,power_connector,price,recommended_psuw,series,stocks,typical_aib_partners,vram) values (?,?,?,?,?,?,?,?,?,?,?,?,?,?)
2026-09-09T11:35:43.034371810Z [inf]  Hibernate: insert into rnpc_gpu_parts (architecture,brand,created_at,image_file_name,launch_year,memory_type,model_name,power_connector,price,recommended_psuw,series,stocks,typical_aib_partners,vram) values (?,?,?,?,?,?,?,?,?,?,?,?,?,?)
2026-09-09T11:35:43.034732577Z [inf]  Hibernate: insert into rnpc_gpu_parts (architecture,brand,created_at,image_file_name,launch_year,memory_type,model_name,power_connector,price,recommended_psuw,series,stocks,typical_aib_partners,vram) values (?,?,?,?,?,?,?,?,?,?,?,?,?,?)
2026-09-09T11:35:43.035315051Z [inf]  Hibernate: insert into rnpc_gpu_parts (architecture,brand,created_at,image_file_name,launch_year,memory_type,model_name,power_connector,price,recommended_psuw,series,stocks,typical_aib_partners,vram) values (?,?,?,?,?,?,?,?,?,?,?,?,?,?)
2026-09-09T11:35:43.039367604Z [inf]  Hibernate: insert into rnpc_gpu_parts (architecture,brand,created_at,image_file_name,launch_year,memory_type,model_name,power_connector,price,recommended_psuw,series,stocks,typical_aib_partners,vram) values (?,?,?,?,?,?,?,?,?,?,?,?,?,?)
2026-09-09T11:35:43.039372214Z [inf]  Hibernate: insert into rnpc_gpu_parts (architecture,brand,created_at,image_file_name,launch_year,memory_type,model_name,power_connector,price,recommended_psuw,series,stocks,typical_aib_partners,vram) values (?,?,?,?,?,?,?,?,?,?,?,?,?,?)
2026-09-09T11:35:43.039375924Z [inf]  Hibernate: insert into rnpc_gpu_parts (architecture,brand,created_at,image_file_name,launch_year,memory_type,model_name,power_connector,price,recommended_psuw,series,stocks,typical_aib_partners,vram) values (?,?,?,?,?,?,?,?,?,?,?,?,?,?)
2026-09-09T11:35:43.039379503Z [inf]  Hibernate: insert into rnpc_gpu_parts (architecture,brand,created_at,image_file_name,launch_year,memory_type,model_name,power_connector,price,recommended_psuw,series,stocks,typical_aib_partners,vram) values (?,?,?,?,?,?,?,?,?,?,?,?,?,?)
2026-09-09T11:35:43.039382803Z [inf]  Hibernate: insert into rnpc_gpu_parts (architecture,brand,created_at,image_file_name,launch_year,memory_type,model_name,power_connector,price,recommended_psuw,series,stocks,typical_aib_partners,vram) values (?,?,?,?,?,?,?,?,?,?,?,?,?,?)
2026-09-09T11:35:43.039385813Z [inf]  Hibernate: insert into rnpc_gpu_parts (architecture,brand,created_at,image_file_name,launch_year,memory_type,model_name,power_connector,price,recommended_psuw,series,stocks,typical_aib_partners,vram) values (?,?,?,?,?,?,?,?,?,?,?,?,?,?)
2026-09-09T11:35:43.039388963Z [inf]  Hibernate: insert into rnpc_gpu_parts (architecture,brand,created_at,image_file_name,launch_year,memory_type,model_name,power_connector,price,recommended_psuw,series,stocks,typical_aib_partners,vram) values (?,?,?,?,?,?,?,?,?,?,?,?,?,?)
2026-09-09T11:35:43.039393963Z [inf]  Hibernate: insert into rnpc_gpu_parts (architecture,brand,created_at,image_file_name,launch_year,memory_type,model_name,power_connector,price,recommended_psuw,series,stocks,typical_aib_partners,vram) values (?,?,?,?,?,?,?,?,?,?,?,?,?,?)
2026-09-09T11:35:43.040002418Z [inf]  Hibernate: insert into rnpc_gpu_parts (architecture,brand,created_at,image_file_name,launch_year,memory_type,model_name,power_connector,price,recommended_psuw,series,stocks,typical_aib_partners,vram) values (?,?,?,?,?,?,?,?,?,?,?,?,?,?)
2026-09-09T11:35:43.040420474Z [inf]  Hibernate: insert into rnpc_gpu_parts (architecture,brand,created_at,image_file_name,launch_year,memory_type,model_name,power_connector,price,recommended_psuw,series,stocks,typical_aib_partners,vram) values (?,?,?,?,?,?,?,?,?,?,?,?,?,?)
2026-09-09T11:35:43.040912789Z [inf]  Hibernate: insert into rnpc_gpu_parts (architecture,brand,created_at,image_file_name,launch_year,memory_type,model_name,power_connector,price,recommended_psuw,series,stocks,typical_aib_partners,vram) values (?,?,?,?,?,?,?,?,?,?,?,?,?,?)
2026-09-09T11:35:43.041283726Z [inf]  Hibernate: insert into rnpc_gpu_parts (architecture,brand,created_at,image_file_name,launch_year,memory_type,model_name,power_connector,price,recommended_psuw,series,stocks,typical_aib_partners,vram) values (?,?,?,?,?,?,?,?,?,?,?,?,?,?)
2026-09-09T11:35:43.041755932Z [inf]  Hibernate: insert into rnpc_gpu_parts (architecture,brand,created_at,image_file_name,launch_year,memory_type,model_name,power_connector,price,recommended_psuw,series,stocks,typical_aib_partners,vram) values (?,?,?,?,?,?,?,?,?,?,?,?,?,?)
2026-09-09T11:35:43.042269367Z [inf]  Hibernate: insert into rnpc_gpu_parts (architecture,brand,created_at,image_file_name,launch_year,memory_type,model_name,power_connector,price,recommended_psuw,series,stocks,typical_aib_partners,vram) values (?,?,?,?,?,?,?,?,?,?,?,?,?,?)
2026-09-09T11:35:43.042676733Z [inf]  Hibernate: insert into rnpc_gpu_parts (architecture,brand,created_at,image_file_name,launch_year,memory_type,model_name,power_connector,price,recommended_psuw,series,stocks,typical_aib_partners,vram) values (?,?,?,?,?,?,?,?,?,?,?,?,?,?)
2026-09-09T11:35:43.043073689Z [inf]  Hibernate: insert into rnpc_gpu_parts (architecture,brand,created_at,image_file_name,launch_year,memory_type,model_name,power_connector,price,recommended_psuw,series,stocks,typical_aib_partners,vram) values (?,?,?,?,?,?,?,?,?,?,?,?,?,?)
2026-09-09T11:35:43.043477315Z [inf]  Hibernate: insert into rnpc_gpu_parts (architecture,brand,created_at,image_file_name,launch_year,memory_type,model_name,power_connector,price,recommended_psuw,series,stocks,typical_aib_partners,vram) values (?,?,?,?,?,?,?,?,?,?,?,?,?,?)
2026-09-09T11:35:43.044008181Z [inf]  Hibernate: insert into rnpc_gpu_parts (architecture,brand,created_at,image_file_name,launch_year,memory_type,model_name,power_connector,price,recommended_psuw,series,stocks,typical_aib_partners,vram) values (?,?,?,?,?,?,?,?,?,?,?,?,?,?)
2026-09-09T11:35:43.044408107Z [inf]  Hibernate: insert into rnpc_gpu_parts (architecture,brand,created_at,image_file_name,launch_year,memory_type,model_name,power_connector,price,recommended_psuw,series,stocks,typical_aib_partners,vram) values (?,?,?,?,?,?,?,?,?,?,?,?,?,?)
2026-09-09T11:35:43.089079994Z [inf]  Hibernate: insert into rnpc_gpu_parts (architecture,brand,created_at,image_file_name,launch_year,memory_type,model_name,power_connector,price,recommended_psuw,series,stocks,typical_aib_partners,vram) values (?,?,?,?,?,?,?,?,?,?,?,?,?,?)
2026-09-09T11:35:43.089085504Z [inf]  Hibernate: insert into rnpc_gpu_parts (architecture,brand,created_at,image_file_name,launch_year,memory_type,model_name,power_connector,price,recommended_psuw,series,stocks,typical_aib_partners,vram) values (?,?,?,?,?,?,?,?,?,?,?,?,?,?)
2026-09-09T11:35:43.089089034Z [inf]  Hibernate: insert into rnpc_gpu_parts (architecture,brand,created_at,image_file_name,launch_year,memory_type,model_name,power_connector,price,recommended_psuw,series,stocks,typical_aib_partners,vram) values (?,?,?,?,?,?,?,?,?,?,?,?,?,?)
2026-09-09T11:35:43.089092314Z [inf]  Hibernate: insert into rnpc_gpu_parts (architecture,brand,created_at,image_file_name,launch_year,memory_type,model_name,power_connector,price,recommended_psuw,series,stocks,typical_aib_partners,vram) values (?,?,?,?,?,?,?,?,?,?,?,?,?,?)
2026-09-09T11:35:43.089114853Z [inf]  Hibernate: insert into rnpc_gpu_parts (architecture,brand,created_at,image_file_name,launch_year,memory_type,model_name,power_connector,price,recommended_psuw,series,stocks,typical_aib_partners,vram) values (?,?,?,?,?,?,?,?,?,?,?,?,?,?)
2026-09-09T11:35:43.089118433Z [inf]  Hibernate: insert into rnpc_gpu_parts (architecture,brand,created_at,image_file_name,launch_year,memory_type,model_name,power_connector,price,recommended_psuw,series,stocks,typical_aib_partners,vram) values (?,?,?,?,?,?,?,?,?,?,?,?,?,?)
2026-09-09T11:35:43.089121443Z [inf]  Hibernate: insert into rnpc_gpu_parts (architecture,brand,created_at,image_file_name,launch_year,memory_type,model_name,power_connector,price,recommended_psuw,series,stocks,typical_aib_partners,vram) values (?,?,?,?,?,?,?,?,?,?,?,?,?,?)
2026-09-09T11:35:43.089124173Z [inf]  Hibernate: insert into rnpc_gpu_parts (architecture,brand,created_at,image_file_name,launch_year,memory_type,model_name,power_connector,price,recommended_psuw,series,stocks,typical_aib_partners,vram) values (?,?,?,?,?,?,?,?,?,?,?,?,?,?)
2026-09-09T11:35:43.089741838Z [inf]  Hibernate: insert into rnpc_gpu_parts (architecture,brand,created_at,image_file_name,launch_year,memory_type,model_name,power_connector,price,recommended_psuw,series,stocks,typical_aib_partners,vram) values (?,?,?,?,?,?,?,?,?,?,?,?,?,?)
2026-09-09T11:35:43.089744518Z [inf]  Hibernate: insert into rnpc_gpu_parts (architecture,brand,created_at,image_file_name,launch_year,memory_type,model_name,power_connector,price,recommended_psuw,series,stocks,typical_aib_partners,vram) values (?,?,?,?,?,?,?,?,?,?,?,?,?,?)
2026-09-09T11:35:43.089746948Z [inf]  Hibernate: insert into rnpc_gpu_parts (architecture,brand,created_at,image_file_name,launch_year,memory_type,model_name,power_connector,price,recommended_psuw,series,stocks,typical_aib_partners,vram) values (?,?,?,?,?,?,?,?,?,?,?,?,?,?)
2026-09-09T11:35:43.089749378Z [inf]  Hibernate: insert into rnpc_gpu_parts (architecture,brand,created_at,image_file_name,launch_year,memory_type,model_name,power_connector,price,recommended_psuw,series,stocks,typical_aib_partners,vram) values (?,?,?,?,?,?,?,?,?,?,?,?,?,?)
2026-09-09T11:35:43.089752398Z [inf]  Hibernate: insert into rnpc_gpu_parts (architecture,brand,created_at,image_file_name,launch_year,memory_type,model_name,power_connector,price,recommended_psuw,series,stocks,typical_aib_partners,vram) values (?,?,?,?,?,?,?,?,?,?,?,?,?,?)
2026-09-09T11:35:43.089756178Z [inf]  Hibernate: insert into rnpc_gpu_parts (architecture,brand,created_at,image_file_name,launch_year,memory_type,model_name,power_connector,price,recommended_psuw,series,stocks,typical_aib_partners,vram) values (?,?,?,?,?,?,?,?,?,?,?,?,?,?)
2026-09-09T11:35:43.089758718Z [inf]  Hibernate: insert into rnpc_gpu_parts (architecture,brand,created_at,image_file_name,launch_year,memory_type,model_name,power_connector,price,recommended_psuw,series,stocks,typical_aib_partners,vram) values (?,?,?,?,?,?,?,?,?,?,?,?,?,?)
2026-09-09T11:35:43.089808058Z [inf]  Hibernate: insert into rnpc_gpu_parts (architecture,brand,created_at,image_file_name,launch_year,memory_type,model_name,power_connector,price,recommended_psuw,series,stocks,typical_aib_partners,vram) values (?,?,?,?,?,?,?,?,?,?,?,?,?,?)
2026-09-09T11:35:43.090227263Z [inf]  Hibernate: insert into rnpc_gpu_parts (architecture,brand,created_at,image_file_name,launch_year,memory_type,model_name,power_connector,price,recommended_psuw,series,stocks,typical_aib_partners,vram) values (?,?,?,?,?,?,?,?,?,?,?,?,?,?)
2026-09-09T11:35:43.090231583Z [inf]  Hibernate: insert into rnpc_gpu_parts (architecture,brand,created_at,image_file_name,launch_year,memory_type,model_name,power_connector,price,recommended_psuw,series,stocks,typical_aib_partners,vram) values (?,?,?,?,?,?,?,?,?,?,?,?,?,?)
2026-09-09T11:35:43.090234403Z [inf]  Hibernate: insert into rnpc_gpu_parts (architecture,brand,created_at,image_file_name,launch_year,memory_type,model_name,power_connector,price,recommended_psuw,series,stocks,typical_aib_partners,vram) values (?,?,?,?,?,?,?,?,?,?,?,?,?,?)
2026-09-09T11:35:43.090237033Z [inf]  Hibernate: insert into rnpc_gpu_parts (architecture,brand,created_at,image_file_name,launch_year,memory_type,model_name,power_connector,price,recommended_psuw,series,stocks,typical_aib_partners,vram) values (?,?,?,?,?,?,?,?,?,?,?,?,?,?)
2026-09-09T11:35:43.090239563Z [inf]  Hibernate: insert into rnpc_gpu_parts (architecture,brand,created_at,image_file_name,launch_year,memory_type,model_name,power_connector,price,recommended_psuw,series,stocks,typical_aib_partners,vram) values (?,?,?,?,?,?,?,?,?,?,?,?,?,?)
2026-09-09T11:35:43.090241993Z [inf]  Hibernate: insert into rnpc_gpu_parts (architecture,brand,created_at,image_file_name,launch_year,memory_type,model_name,power_connector,price,recommended_psuw,series,stocks,typical_aib_partners,vram) values (?,?,?,?,?,?,?,?,?,?,?,?,?,?)
2026-09-09T11:35:43.090244233Z [inf]  Hibernate: insert into rnpc_gpu_parts (architecture,brand,created_at,image_file_name,launch_year,memory_type,model_name,power_connector,price,recommended_psuw,series,stocks,typical_aib_partners,vram) values (?,?,?,?,?,?,?,?,?,?,?,?,?,?)
2026-09-09T11:35:43.090247823Z [inf]  Hibernate: insert into rnpc_gpu_parts (architecture,brand,created_at,image_file_name,launch_year,memory_type,model_name,power_connector,price,recommended_psuw,series,stocks,typical_aib_partners,vram) values (?,?,?,?,?,?,?,?,?,?,?,?,?,?)
2026-09-09T11:35:43.090865578Z [inf]  Hibernate: insert into rnpc_gpu_parts (architecture,brand,created_at,image_file_name,launch_year,memory_type,model_name,power_connector,price,recommended_psuw,series,stocks,typical_aib_partners,vram) values (?,?,?,?,?,?,?,?,?,?,?,?,?,?)
2026-09-09T11:35:43.090868208Z [inf]  Hibernate: insert into rnpc_gpu_parts (architecture,brand,created_at,image_file_name,launch_year,memory_type,model_name,power_connector,price,recommended_psuw,series,stocks,typical_aib_partners,vram) values (?,?,?,?,?,?,?,?,?,?,?,?,?,?)
2026-09-09T11:35:43.090870738Z [inf]  Hibernate: insert into rnpc_gpu_parts (architecture,brand,created_at,image_file_name,launch_year,memory_type,model_name,power_connector,price,recommended_psuw,series,stocks,typical_aib_partners,vram) values (?,?,?,?,?,?,?,?,?,?,?,?,?,?)
2026-09-09T11:35:43.090873068Z [inf]  Hibernate: insert into rnpc_gpu_parts (architecture,brand,created_at,image_file_name,launch_year,memory_type,model_name,power_connector,price,recommended_psuw,series,stocks,typical_aib_partners,vram) values (?,?,?,?,?,?,?,?,?,?,?,?,?,?)
2026-09-09T11:35:43.090875558Z [inf]  Hibernate: insert into rnpc_gpu_parts (architecture,brand,created_at,image_file_name,launch_year,memory_type,model_name,power_connector,price,recommended_psuw,series,stocks,typical_aib_partners,vram) values (?,?,?,?,?,?,?,?,?,?,?,?,?,?)
2026-09-09T11:35:43.090878858Z [inf]  Hibernate: insert into rnpc_gpu_parts (architecture,brand,created_at,image_file_name,launch_year,memory_type,model_name,power_connector,price,recommended_psuw,series,stocks,typical_aib_partners,vram) values (?,?,?,?,?,?,?,?,?,?,?,?,?,?)
2026-09-09T11:35:43.090881618Z [inf]  Hibernate: insert into rnpc_gpu_parts (architecture,brand,created_at,image_file_name,launch_year,memory_type,model_name,power_connector,price,recommended_psuw,series,stocks,typical_aib_partners,vram) values (?,?,?,?,?,?,?,?,?,?,?,?,?,?)
2026-09-09T11:35:43.090884208Z [inf]  Hibernate: insert into rnpc_gpu_parts (architecture,brand,created_at,image_file_name,launch_year,memory_type,model_name,power_connector,price,recommended_psuw,series,stocks,typical_aib_partners,vram) values (?,?,?,?,?,?,?,?,?,?,?,?,?,?)
2026-09-09T11:35:43.091374623Z [inf]  Hibernate: insert into rnpc_gpu_parts (architecture,brand,created_at,image_file_name,launch_year,memory_type,model_name,power_connector,price,recommended_psuw,series,stocks,typical_aib_partners,vram) values (?,?,?,?,?,?,?,?,?,?,?,?,?,?)
2026-09-09T11:35:43.091377223Z [inf]  Hibernate: insert into rnpc_gpu_parts (architecture,brand,created_at,image_file_name,launch_year,memory_type,model_name,power_connector,price,recommended_psuw,series,stocks,typical_aib_partners,vram) values (?,?,?,?,?,?,?,?,?,?,?,?,?,?)
2026-09-09T11:35:43.091379893Z [inf]  Hibernate: insert into rnpc_gpu_parts (architecture,brand,created_at,image_file_name,launch_year,memory_type,model_name,power_connector,price,recommended_psuw,series,stocks,typical_aib_partners,vram) values (?,?,?,?,?,?,?,?,?,?,?,?,?,?)
2026-09-09T11:35:43.091382883Z [inf]  Hibernate: insert into rnpc_gpu_parts (architecture,brand,created_at,image_file_name,launch_year,memory_type,model_name,power_connector,price,recommended_psuw,series,stocks,typical_aib_partners,vram) values (?,?,?,?,?,?,?,?,?,?,?,?,?,?)
2026-09-09T11:35:43.091385353Z [inf]  Hibernate: insert into rnpc_gpu_parts (architecture,brand,created_at,image_file_name,launch_year,memory_type,model_name,power_connector,price,recommended_psuw,series,stocks,typical_aib_partners,vram) values (?,?,?,?,?,?,?,?,?,?,?,?,?,?)
2026-09-09T11:35:43.091387943Z [inf]  Hibernate: insert into rnpc_gpu_parts (architecture,brand,created_at,image_file_name,launch_year,memory_type,model_name,power_connector,price,recommended_psuw,series,stocks,typical_aib_partners,vram) values (?,?,?,?,?,?,?,?,?,?,?,?,?,?)
2026-09-09T11:35:43.091390423Z [inf]  Hibernate: insert into rnpc_gpu_parts (architecture,brand,created_at,image_file_name,launch_year,memory_type,model_name,power_connector,price,recommended_psuw,series,stocks,typical_aib_partners,vram) values (?,?,?,?,?,?,?,?,?,?,?,?,?,?)
2026-09-09T11:35:43.091393373Z [inf]  Hibernate: insert into rnpc_gpu_parts (architecture,brand,created_at,image_file_name,launch_year,memory_type,model_name,power_connector,price,recommended_psuw,series,stocks,typical_aib_partners,vram) values (?,?,?,?,?,?,?,?,?,?,?,?,?,?)
2026-09-09T11:35:43.091923848Z [inf]  Hibernate: insert into rnpc_gpu_parts (architecture,brand,created_at,image_file_name,launch_year,memory_type,model_name,power_connector,price,recommended_psuw,series,stocks,typical_aib_partners,vram) values (?,?,?,?,?,?,?,?,?,?,?,?,?,?)
2026-09-09T11:35:43.091926648Z [inf]  Hibernate: insert into rnpc_gpu_parts (architecture,brand,created_at,image_file_name,launch_year,memory_type,model_name,power_connector,price,recommended_psuw,series,stocks,typical_aib_partners,vram) values (?,?,?,?,?,?,?,?,?,?,?,?,?,?)
2026-09-09T11:35:43.091928888Z [inf]  Hibernate: insert into rnpc_gpu_parts (architecture,brand,created_at,image_file_name,launch_year,memory_type,model_name,power_connector,price,recommended_psuw,series,stocks,typical_aib_partners,vram) values (?,?,?,?,?,?,?,?,?,?,?,?,?,?)
2026-09-09T11:35:43.091931468Z [inf]  Hibernate: select count(*) from rnpc_motherboard_parts mp1_0
2026-09-09T11:35:43.091933928Z [inf]  Hibernate: insert into rnpc_motherboard_parts (brand,chipset,cpu_platform,created_at,form_factor,image_file_name,m2slots,max_ram,memory_type,model_name,notable_features,pcie_version,price,ram_slots,socket,stocks) values (?,?,?,?,?,?,?,?,?,?,?,?,?,?,?,?)
2026-09-09T11:35:43.091938328Z [inf]  Hibernate: insert into rnpc_motherboard_parts (brand,chipset,cpu_platform,created_at,form_factor,image_file_name,m2slots,max_ram,memory_type,model_name,notable_features,pcie_version,price,ram_slots,socket,stocks) values (?,?,?,?,?,?,?,?,?,?,?,?,?,?,?,?)
2026-09-09T11:35:43.091941368Z [inf]  Hibernate: insert into rnpc_motherboard_parts (brand,chipset,cpu_platform,created_at,form_factor,image_file_name,m2slots,max_ram,memory_type,model_name,notable_features,pcie_version,price,ram_slots,socket,stocks) values (?,?,?,?,?,?,?,?,?,?,?,?,?,?,?,?)
2026-09-09T11:35:43.091943668Z [inf]  Hibernate: insert into rnpc_motherboard_parts (brand,chipset,cpu_platform,created_at,form_factor,image_file_name,m2slots,max_ram,memory_type,model_name,notable_features,pcie_version,price,ram_slots,socket,stocks) values (?,?,?,?,?,?,?,?,?,?,?,?,?,?,?,?)
2026-09-09T11:35:43.092321914Z [inf]  Hibernate: insert into rnpc_motherboard_parts (brand,chipset,cpu_platform,created_at,form_factor,image_file_name,m2slots,max_ram,memory_type,model_name,notable_features,pcie_version,price,ram_slots,socket,stocks) values (?,?,?,?,?,?,?,?,?,?,?,?,?,?,?,?)
2026-09-09T11:35:43.092325024Z [inf]  Hibernate: insert into rnpc_motherboard_parts (brand,chipset,cpu_platform,created_at,form_factor,image_file_name,m2slots,max_ram,memory_type,model_name,notable_features,pcie_version,price,ram_slots,socket,stocks) values (?,?,?,?,?,?,?,?,?,?,?,?,?,?,?,?)
2026-09-09T11:35:43.092328354Z [inf]  Hibernate: insert into rnpc_motherboard_parts (brand,chipset,cpu_platform,created_at,form_factor,image_file_name,m2slots,max_ram,memory_type,model_name,notable_features,pcie_version,price,ram_slots,socket,stocks) values (?,?,?,?,?,?,?,?,?,?,?,?,?,?,?,?)
2026-09-09T11:35:43.092331684Z [inf]  Hibernate: insert into rnpc_motherboard_parts (brand,chipset,cpu_platform,created_at,form_factor,image_file_name,m2slots,max_ram,memory_type,model_name,notable_features,pcie_version,price,ram_slots,socket,stocks) values (?,?,?,?,?,?,?,?,?,?,?,?,?,?,?,?)
2026-09-09T11:35:43.092334714Z [inf]  Hibernate: insert into rnpc_motherboard_parts (brand,chipset,cpu_platform,created_at,form_factor,image_file_name,m2slots,max_ram,memory_type,model_name,notable_features,pcie_version,price,ram_slots,socket,stocks) values (?,?,?,?,?,?,?,?,?,?,?,?,?,?,?,?)
2026-09-09T11:35:43.092338344Z [inf]  Hibernate: insert into rnpc_motherboard_parts (brand,chipset,cpu_platform,created_at,form_factor,image_file_name,m2slots,max_ram,memory_type,model_name,notable_features,pcie_version,price,ram_slots,socket,stocks) values (?,?,?,?,?,?,?,?,?,?,?,?,?,?,?,?)
2026-09-09T11:35:43.092341424Z [inf]  Hibernate: insert into rnpc_motherboard_parts (brand,chipset,cpu_platform,created_at,form_factor,image_file_name,m2slots,max_ram,memory_type,model_name,notable_features,pcie_version,price,ram_slots,socket,stocks) values (?,?,?,?,?,?,?,?,?,?,?,?,?,?,?,?)
2026-09-09T11:35:43.092864919Z [inf]  Hibernate: insert into rnpc_motherboard_parts (brand,chipset,cpu_platform,created_at,form_factor,image_file_name,m2slots,max_ram,memory_type,model_name,notable_features,pcie_version,price,ram_slots,socket,stocks) values (?,?,?,?,?,?,?,?,?,?,?,?,?,?,?,?)
2026-09-09T11:35:43.092867439Z [inf]  Hibernate: insert into rnpc_motherboard_parts (brand,chipset,cpu_platform,created_at,form_factor,image_file_name,m2slots,max_ram,memory_type,model_name,notable_features,pcie_version,price,ram_slots,socket,stocks) values (?,?,?,?,?,?,?,?,?,?,?,?,?,?,?,?)
2026-09-09T11:35:43.092870289Z [inf]  Hibernate: insert into rnpc_motherboard_parts (brand,chipset,cpu_platform,created_at,form_factor,image_file_name,m2slots,max_ram,memory_type,model_name,notable_features,pcie_version,price,ram_slots,socket,stocks) values (?,?,?,?,?,?,?,?,?,?,?,?,?,?,?,?)
2026-09-09T11:35:43.092872959Z [inf]  Hibernate: insert into rnpc_motherboard_parts (brand,chipset,cpu_platform,created_at,form_factor,image_file_name,m2slots,max_ram,memory_type,model_name,notable_features,pcie_version,price,ram_slots,socket,stocks) values (?,?,?,?,?,?,?,?,?,?,?,?,?,?,?,?)
2026-09-09T11:35:43.093262466Z [inf]  Hibernate: insert into rnpc_motherboard_parts (brand,chipset,cpu_platform,created_at,form_factor,image_file_name,m2slots,max_ram,memory_type,model_name,notable_features,pcie_version,price,ram_slots,socket,stocks) values (?,?,?,?,?,?,?,?,?,?,?,?,?,?,?,?)
2026-09-09T11:35:43.097366968Z [inf]  Hibernate: insert into rnpc_motherboard_parts (brand,chipset,cpu_platform,created_at,form_factor,image_file_name,m2slots,max_ram,memory_type,model_name,notable_features,pcie_version,price,ram_slots,socket,stocks) values (?,?,?,?,?,?,?,?,?,?,?,?,?,?,?,?)
2026-09-09T11:35:43.097369858Z [inf]  Hibernate: insert into rnpc_motherboard_parts (brand,chipset,cpu_platform,created_at,form_factor,image_file_name,m2slots,max_ram,memory_type,model_name,notable_features,pcie_version,price,ram_slots,socket,stocks) values (?,?,?,?,?,?,?,?,?,?,?,?,?,?,?,?)
2026-09-09T11:35:43.097372318Z [inf]  Hibernate: insert into rnpc_motherboard_parts (brand,chipset,cpu_platform,created_at,form_factor,image_file_name,m2slots,max_ram,memory_type,model_name,notable_features,pcie_version,price,ram_slots,socket,stocks) values (?,?,?,?,?,?,?,?,?,?,?,?,?,?,?,?)
2026-09-09T11:35:43.097374998Z [inf]  Hibernate: insert into rnpc_motherboard_parts (brand,chipset,cpu_platform,created_at,form_factor,image_file_name,m2slots,max_ram,memory_type,model_name,notable_features,pcie_version,price,ram_slots,socket,stocks) values (?,?,?,?,?,?,?,?,?,?,?,?,?,?,?,?)
2026-09-09T11:35:43.097988982Z [inf]  Hibernate: insert into rnpc_motherboard_parts (brand,chipset,cpu_platform,created_at,form_factor,image_file_name,m2slots,max_ram,memory_type,model_name,notable_features,pcie_version,price,ram_slots,socket,stocks) values (?,?,?,?,?,?,?,?,?,?,?,?,?,?,?,?)
2026-09-09T11:35:43.098796035Z [inf]  Hibernate: insert into rnpc_motherboard_parts (brand,chipset,cpu_platform,created_at,form_factor,image_file_name,m2slots,max_ram,memory_type,model_name,notable_features,pcie_version,price,ram_slots,socket,stocks) values (?,?,?,?,?,?,?,?,?,?,?,?,?,?,?,?)
2026-09-09T11:35:43.099173201Z [inf]  Hibernate: insert into rnpc_motherboard_parts (brand,chipset,cpu_platform,created_at,form_factor,image_file_name,m2slots,max_ram,memory_type,model_name,notable_features,pcie_version,price,ram_slots,socket,stocks) values (?,?,?,?,?,?,?,?,?,?,?,?,?,?,?,?)
2026-09-09T11:35:43.107984970Z [inf]  Hibernate: insert into rnpc_motherboard_parts (brand,chipset,cpu_platform,created_at,form_factor,image_file_name,m2slots,max_ram,memory_type,model_name,notable_features,pcie_version,price,ram_slots,socket,stocks) values (?,?,?,?,?,?,?,?,?,?,?,?,?,?,?,?)
2026-09-09T11:35:43.107987690Z [inf]  Hibernate: insert into rnpc_motherboard_parts (brand,chipset,cpu_platform,created_at,form_factor,image_file_name,m2slots,max_ram,memory_type,model_name,notable_features,pcie_version,price,ram_slots,socket,stocks) values (?,?,?,?,?,?,?,?,?,?,?,?,?,?,?,?)
2026-09-09T11:35:43.107990560Z [inf]  Hibernate: insert into rnpc_motherboard_parts (brand,chipset,cpu_platform,created_at,form_factor,image_file_name,m2slots,max_ram,memory_type,model_name,notable_features,pcie_version,price,ram_slots,socket,stocks) values (?,?,?,?,?,?,?,?,?,?,?,?,?,?,?,?)
2026-09-09T11:35:43.108513245Z [inf]  Hibernate: insert into rnpc_motherboard_parts (brand,chipset,cpu_platform,created_at,form_factor,image_file_name,m2slots,max_ram,memory_type,model_name,notable_features,pcie_version,price,ram_slots,socket,stocks) values (?,?,?,?,?,?,?,?,?,?,?,?,?,?,?,?)
2026-09-09T11:35:43.109413177Z [inf]  Hibernate: insert into rnpc_motherboard_parts (brand,chipset,cpu_platform,created_at,form_factor,image_file_name,m2slots,max_ram,memory_type,model_name,notable_features,pcie_version,price,ram_slots,socket,stocks) values (?,?,?,?,?,?,?,?,?,?,?,?,?,?,?,?)
2026-09-09T11:35:43.109415677Z [inf]  Hibernate: insert into rnpc_motherboard_parts (brand,chipset,cpu_platform,created_at,form_factor,image_file_name,m2slots,max_ram,memory_type,model_name,notable_features,pcie_version,price,ram_slots,socket,stocks) values (?,?,?,?,?,?,?,?,?,?,?,?,?,?,?,?)
2026-09-09T11:35:43.113593278Z [inf]  Hibernate: insert into rnpc_motherboard_parts (brand,chipset,cpu_platform,created_at,form_factor,image_file_name,m2slots,max_ram,memory_type,model_name,notable_features,pcie_version,price,ram_slots,socket,stocks) values (?,?,?,?,?,?,?,?,?,?,?,?,?,?,?,?)
2026-09-09T11:35:43.113597508Z [inf]  Hibernate: insert into rnpc_motherboard_parts (brand,chipset,cpu_platform,created_at,form_factor,image_file_name,m2slots,max_ram,memory_type,model_name,notable_features,pcie_version,price,ram_slots,socket,stocks) values (?,?,?,?,?,?,?,?,?,?,?,?,?,?,?,?)
2026-09-09T11:35:43.113600758Z [inf]  Hibernate: insert into rnpc_motherboard_parts (brand,chipset,cpu_platform,created_at,form_factor,image_file_name,m2slots,max_ram,memory_type,model_name,notable_features,pcie_version,price,ram_slots,socket,stocks) values (?,?,?,?,?,?,?,?,?,?,?,?,?,?,?,?)
2026-09-09T11:35:43.113604268Z [inf]  Hibernate: insert into rnpc_motherboard_parts (brand,chipset,cpu_platform,created_at,form_factor,image_file_name,m2slots,max_ram,memory_type,model_name,notable_features,pcie_version,price,ram_slots,socket,stocks) values (?,?,?,?,?,?,?,?,?,?,?,?,?,?,?,?)
2026-09-09T11:35:43.113608078Z [inf]  Hibernate: insert into rnpc_motherboard_parts (brand,chipset,cpu_platform,created_at,form_factor,image_file_name,m2slots,max_ram,memory_type,model_name,notable_features,pcie_version,price,ram_slots,socket,stocks) values (?,?,?,?,?,?,?,?,?,?,?,?,?,?,?,?)
2026-09-09T11:35:43.113611718Z [inf]  Hibernate: insert into rnpc_motherboard_parts (brand,chipset,cpu_platform,created_at,form_factor,image_file_name,m2slots,max_ram,memory_type,model_name,notable_features,pcie_version,price,ram_slots,socket,stocks) values (?,?,?,?,?,?,?,?,?,?,?,?,?,?,?,?)
2026-09-09T11:35:43.113614698Z [inf]  Hibernate: insert into rnpc_motherboard_parts (brand,chipset,cpu_platform,created_at,form_factor,image_file_name,m2slots,max_ram,memory_type,model_name,notable_features,pcie_version,price,ram_slots,socket,stocks) values (?,?,?,?,?,?,?,?,?,?,?,?,?,?,?,?)
2026-09-09T11:35:43.113977075Z [inf]  Hibernate: insert into rnpc_motherboard_parts (brand,chipset,cpu_platform,created_at,form_factor,image_file_name,m2slots,max_ram,memory_type,model_name,notable_features,pcie_version,price,ram_slots,socket,stocks) values (?,?,?,?,?,?,?,?,?,?,?,?,?,?,?,?)
2026-09-09T11:35:43.113980865Z [inf]  Hibernate: insert into rnpc_motherboard_parts (brand,chipset,cpu_platform,created_at,form_factor,image_file_name,m2slots,max_ram,memory_type,model_name,notable_features,pcie_version,price,ram_slots,socket,stocks) values (?,?,?,?,?,?,?,?,?,?,?,?,?,?,?,?)
2026-09-09T11:35:43.113983905Z [inf]  Hibernate: insert into rnpc_motherboard_parts (brand,chipset,cpu_platform,created_at,form_factor,image_file_name,m2slots,max_ram,memory_type,model_name,notable_features,pcie_version,price,ram_slots,socket,stocks) values (?,?,?,?,?,?,?,?,?,?,?,?,?,?,?,?)
2026-09-09T11:35:43.114480930Z [inf]  Hibernate: insert into rnpc_motherboard_parts (brand,chipset,cpu_platform,created_at,form_factor,image_file_name,m2slots,max_ram,memory_type,model_name,notable_features,pcie_version,price,ram_slots,socket,stocks) values (?,?,?,?,?,?,?,?,?,?,?,?,?,?,?,?)
2026-09-09T11:35:43.114946445Z [inf]  Hibernate: insert into rnpc_motherboard_parts (brand,chipset,cpu_platform,created_at,form_factor,image_file_name,m2slots,max_ram,memory_type,model_name,notable_features,pcie_version,price,ram_slots,socket,stocks) values (?,?,?,?,?,?,?,?,?,?,?,?,?,?,?,?)
2026-09-09T11:35:43.114949055Z [inf]  Hibernate: insert into rnpc_motherboard_parts (brand,chipset,cpu_platform,created_at,form_factor,image_file_name,m2slots,max_ram,memory_type,model_name,notable_features,pcie_version,price,ram_slots,socket,stocks) values (?,?,?,?,?,?,?,?,?,?,?,?,?,?,?,?)
2026-09-09T11:35:43.115469891Z [inf]  Hibernate: insert into rnpc_motherboard_parts (brand,chipset,cpu_platform,created_at,form_factor,image_file_name,m2slots,max_ram,memory_type,model_name,notable_features,pcie_version,price,ram_slots,socket,stocks) values (?,?,?,?,?,?,?,?,?,?,?,?,?,?,?,?)
2026-09-09T11:35:43.115907287Z [inf]  Hibernate: insert into rnpc_motherboard_parts (brand,chipset,cpu_platform,created_at,form_factor,image_file_name,m2slots,max_ram,memory_type,model_name,notable_features,pcie_version,price,ram_slots,socket,stocks) values (?,?,?,?,?,?,?,?,?,?,?,?,?,?,?,?)
2026-09-09T11:35:43.116431661Z [inf]  Hibernate: insert into rnpc_motherboard_parts (brand,chipset,cpu_platform,created_at,form_factor,image_file_name,m2slots,max_ram,memory_type,model_name,notable_features,pcie_version,price,ram_slots,socket,stocks) values (?,?,?,?,?,?,?,?,?,?,?,?,?,?,?,?)
2026-09-09T11:35:43.116854898Z [inf]  Hibernate: insert into rnpc_motherboard_parts (brand,chipset,cpu_platform,created_at,form_factor,image_file_name,m2slots,max_ram,memory_type,model_name,notable_features,pcie_version,price,ram_slots,socket,stocks) values (?,?,?,?,?,?,?,?,?,?,?,?,?,?,?,?)
2026-09-09T11:35:43.117356003Z [inf]  Hibernate: insert into rnpc_motherboard_parts (brand,chipset,cpu_platform,created_at,form_factor,image_file_name,m2slots,max_ram,memory_type,model_name,notable_features,pcie_version,price,ram_slots,socket,stocks) values (?,?,?,?,?,?,?,?,?,?,?,?,?,?,?,?)
2026-09-09T11:35:43.117880769Z [inf]  Hibernate: insert into rnpc_motherboard_parts (brand,chipset,cpu_platform,created_at,form_factor,image_file_name,m2slots,max_ram,memory_type,model_name,notable_features,pcie_version,price,ram_slots,socket,stocks) values (?,?,?,?,?,?,?,?,?,?,?,?,?,?,?,?)
2026-09-09T11:35:43.117884679Z [inf]  Hibernate: insert into rnpc_motherboard_parts (brand,chipset,cpu_platform,created_at,form_factor,image_file_name,m2slots,max_ram,memory_type,model_name,notable_features,pcie_version,price,ram_slots,socket,stocks) values (?,?,?,?,?,?,?,?,?,?,?,?,?,?,?,?)
2026-09-09T11:35:43.118301115Z [inf]  Hibernate: insert into rnpc_motherboard_parts (brand,chipset,cpu_platform,created_at,form_factor,image_file_name,m2slots,max_ram,memory_type,model_name,notable_features,pcie_version,price,ram_slots,socket,stocks) values (?,?,?,?,?,?,?,?,?,?,?,?,?,?,?,?)
2026-09-09T11:35:43.118697821Z [inf]  Hibernate: insert into rnpc_motherboard_parts (brand,chipset,cpu_platform,created_at,form_factor,image_file_name,m2slots,max_ram,memory_type,model_name,notable_features,pcie_version,price,ram_slots,socket,stocks) values (?,?,?,?,?,?,?,?,?,?,?,?,?,?,?,?)
2026-09-09T11:35:43.118701201Z [inf]  Hibernate: insert into rnpc_motherboard_parts (brand,chipset,cpu_platform,created_at,form_factor,image_file_name,m2slots,max_ram,memory_type,model_name,notable_features,pcie_version,price,ram_slots,socket,stocks) values (?,?,?,?,?,?,?,?,?,?,?,?,?,?,?,?)
2026-09-09T11:35:43.119073388Z [inf]  Hibernate: insert into rnpc_motherboard_parts (brand,chipset,cpu_platform,created_at,form_factor,image_file_name,m2slots,max_ram,memory_type,model_name,notable_features,pcie_version,price,ram_slots,socket,stocks) values (?,?,?,?,?,?,?,?,?,?,?,?,?,?,?,?)
2026-09-09T11:35:43.119503464Z [inf]  Hibernate: insert into rnpc_motherboard_parts (brand,chipset,cpu_platform,created_at,form_factor,image_file_name,m2slots,max_ram,memory_type,model_name,notable_features,pcie_version,price,ram_slots,socket,stocks) values (?,?,?,?,?,?,?,?,?,?,?,?,?,?,?,?)
2026-09-09T11:35:43.119915849Z [inf]  Hibernate: insert into rnpc_motherboard_parts (brand,chipset,cpu_platform,created_at,form_factor,image_file_name,m2slots,max_ram,memory_type,model_name,notable_features,pcie_version,price,ram_slots,socket,stocks) values (?,?,?,?,?,?,?,?,?,?,?,?,?,?,?,?)
2026-09-09T11:35:43.120374266Z [inf]  Hibernate: insert into rnpc_motherboard_parts (brand,chipset,cpu_platform,created_at,form_factor,image_file_name,m2slots,max_ram,memory_type,model_name,notable_features,pcie_version,price,ram_slots,socket,stocks) values (?,?,?,?,?,?,?,?,?,?,?,?,?,?,?,?)
2026-09-09T11:35:43.120803942Z [inf]  Hibernate: insert into rnpc_motherboard_parts (brand,chipset,cpu_platform,created_at,form_factor,image_file_name,m2slots,max_ram,memory_type,model_name,notable_features,pcie_version,price,ram_slots,socket,stocks) values (?,?,?,?,?,?,?,?,?,?,?,?,?,?,?,?)
2026-09-09T11:35:43.121371176Z [inf]  Hibernate: insert into rnpc_motherboard_parts (brand,chipset,cpu_platform,created_at,form_factor,image_file_name,m2slots,max_ram,memory_type,model_name,notable_features,pcie_version,price,ram_slots,socket,stocks) values (?,?,?,?,?,?,?,?,?,?,?,?,?,?,?,?)
2026-09-09T11:35:43.121374976Z [inf]  Hibernate: insert into rnpc_motherboard_parts (brand,chipset,cpu_platform,created_at,form_factor,image_file_name,m2slots,max_ram,memory_type,model_name,notable_features,pcie_version,price,ram_slots,socket,stocks) values (?,?,?,?,?,?,?,?,?,?,?,?,?,?,?,?)
2026-09-09T11:35:43.121793093Z [inf]  Hibernate: insert into rnpc_motherboard_parts (brand,chipset,cpu_platform,created_at,form_factor,image_file_name,m2slots,max_ram,memory_type,model_name,notable_features,pcie_version,price,ram_slots,socket,stocks) values (?,?,?,?,?,?,?,?,?,?,?,?,?,?,?,?)
2026-09-09T11:35:43.122277718Z [inf]  Hibernate: insert into rnpc_motherboard_parts (brand,chipset,cpu_platform,created_at,form_factor,image_file_name,m2slots,max_ram,memory_type,model_name,notable_features,pcie_version,price,ram_slots,socket,stocks) values (?,?,?,?,?,?,?,?,?,?,?,?,?,?,?,?)
2026-09-09T11:35:43.122859152Z [inf]  Hibernate: insert into rnpc_motherboard_parts (brand,chipset,cpu_platform,created_at,form_factor,image_file_name,m2slots,max_ram,memory_type,model_name,notable_features,pcie_version,price,ram_slots,socket,stocks) values (?,?,?,?,?,?,?,?,?,?,?,?,?,?,?,?)
2026-09-09T11:35:43.122861532Z [inf]  Hibernate: insert into rnpc_motherboard_parts (brand,chipset,cpu_platform,created_at,form_factor,image_file_name,m2slots,max_ram,memory_type,model_name,notable_features,pcie_version,price,ram_slots,socket,stocks) values (?,?,?,?,?,?,?,?,?,?,?,?,?,?,?,?)
2026-09-09T11:35:43.125875055Z [inf]  Hibernate: insert into rnpc_motherboard_parts (brand,chipset,cpu_platform,created_at,form_factor,image_file_name,m2slots,max_ram,memory_type,model_name,notable_features,pcie_version,price,ram_slots,socket,stocks) values (?,?,?,?,?,?,?,?,?,?,?,?,?,?,?,?)
2026-09-09T11:35:43.125878235Z [inf]  Hibernate: insert into rnpc_motherboard_parts (brand,chipset,cpu_platform,created_at,form_factor,image_file_name,m2slots,max_ram,memory_type,model_name,notable_features,pcie_version,price,ram_slots,socket,stocks) values (?,?,?,?,?,?,?,?,?,?,?,?,?,?,?,?)
2026-09-09T11:35:43.125880875Z [inf]  Hibernate: insert into rnpc_motherboard_parts (brand,chipset,cpu_platform,created_at,form_factor,image_file_name,m2slots,max_ram,memory_type,model_name,notable_features,pcie_version,price,ram_slots,socket,stocks) values (?,?,?,?,?,?,?,?,?,?,?,?,?,?,?,?)
2026-09-09T11:35:43.125883285Z [inf]  Hibernate: insert into rnpc_motherboard_parts (brand,chipset,cpu_platform,created_at,form_factor,image_file_name,m2slots,max_ram,memory_type,model_name,notable_features,pcie_version,price,ram_slots,socket,stocks) values (?,?,?,?,?,?,?,?,?,?,?,?,?,?,?,?)
2026-09-09T11:35:43.135915371Z [inf]  Hibernate: select count(*) from rnpc_ram_parts rp1_0
2026-09-09T11:35:43.135918331Z [inf]  Hibernate: insert into rnpc_ram_parts (brand,cas_latency,created_at,image_file_name,kit_capacity,model_name,module_config,price,rgb,speed_mts,stocks,type,typical_use,voltage) values (?,?,?,?,?,?,?,?,?,?,?,?,?,?)
2026-09-09T11:35:43.135921651Z [inf]  Hibernate: insert into rnpc_ram_parts (brand,cas_latency,created_at,image_file_name,kit_capacity,model_name,module_config,price,rgb,speed_mts,stocks,type,typical_use,voltage) values (?,?,?,?,?,?,?,?,?,?,?,?,?,?)
2026-09-09T11:35:43.135924291Z [inf]  Hibernate: insert into rnpc_ram_parts (brand,cas_latency,created_at,image_file_name,kit_capacity,model_name,module_config,price,rgb,speed_mts,stocks,type,typical_use,voltage) values (?,?,?,?,?,?,?,?,?,?,?,?,?,?)
2026-09-09T11:35:43.137610636Z [inf]  Hibernate: insert into rnpc_ram_parts (brand,cas_latency,created_at,image_file_name,kit_capacity,model_name,module_config,price,rgb,speed_mts,stocks,type,typical_use,voltage) values (?,?,?,?,?,?,?,?,?,?,?,?,?,?)
2026-09-09T11:35:43.137615296Z [inf]  Hibernate: insert into rnpc_ram_parts (brand,cas_latency,created_at,image_file_name,kit_capacity,model_name,module_config,price,rgb,speed_mts,stocks,type,typical_use,voltage) values (?,?,?,?,?,?,?,?,?,?,?,?,?,?)
2026-09-09T11:35:43.137618276Z [inf]  Hibernate: insert into rnpc_ram_parts (brand,cas_latency,created_at,image_file_name,kit_capacity,model_name,module_config,price,rgb,speed_mts,stocks,type,typical_use,voltage) values (?,?,?,?,?,?,?,?,?,?,?,?,?,?)
2026-09-09T11:35:43.138446278Z [inf]  Hibernate: insert into rnpc_ram_parts (brand,cas_latency,created_at,image_file_name,kit_capacity,model_name,module_config,price,rgb,speed_mts,stocks,type,typical_use,voltage) values (?,?,?,?,?,?,?,?,?,?,?,?,?,?)
2026-09-09T11:35:43.138448688Z [inf]  Hibernate: insert into rnpc_ram_parts (brand,cas_latency,created_at,image_file_name,kit_capacity,model_name,module_config,price,rgb,speed_mts,stocks,type,typical_use,voltage) values (?,?,?,?,?,?,?,?,?,?,?,?,?,?)
2026-09-09T11:35:43.138853895Z [inf]  Hibernate: insert into rnpc_ram_parts (brand,cas_latency,created_at,image_file_name,kit_capacity,model_name,module_config,price,rgb,speed_mts,stocks,type,typical_use,voltage) values (?,?,?,?,?,?,?,?,?,?,?,?,?,?)
2026-09-09T11:35:43.139322390Z [inf]  Hibernate: insert into rnpc_ram_parts (brand,cas_latency,created_at,image_file_name,kit_capacity,model_name,module_config,price,rgb,speed_mts,stocks,type,typical_use,voltage) values (?,?,?,?,?,?,?,?,?,?,?,?,?,?)
2026-09-09T11:35:43.140125303Z [inf]  Hibernate: insert into rnpc_ram_parts (brand,cas_latency,created_at,image_file_name,kit_capacity,model_name,module_config,price,rgb,speed_mts,stocks,type,typical_use,voltage) values (?,?,?,?,?,?,?,?,?,?,?,?,?,?)
2026-09-09T11:35:43.140128383Z [inf]  Hibernate: insert into rnpc_ram_parts (brand,cas_latency,created_at,image_file_name,kit_capacity,model_name,module_config,price,rgb,speed_mts,stocks,type,typical_use,voltage) values (?,?,?,?,?,?,?,?,?,?,?,?,?,?)
2026-09-09T11:35:43.140439940Z [inf]  Hibernate: insert into rnpc_ram_parts (brand,cas_latency,created_at,image_file_name,kit_capacity,model_name,module_config,price,rgb,speed_mts,stocks,type,typical_use,voltage) values (?,?,?,?,?,?,?,?,?,?,?,?,?,?)
2026-09-09T11:35:43.140881446Z [inf]  Hibernate: insert into rnpc_ram_parts (brand,cas_latency,created_at,image_file_name,kit_capacity,model_name,module_config,price,rgb,speed_mts,stocks,type,typical_use,voltage) values (?,?,?,?,?,?,?,?,?,?,?,?,?,?)
2026-09-09T11:35:43.145033097Z [inf]  Hibernate: insert into rnpc_ram_parts (brand,cas_latency,created_at,image_file_name,kit_capacity,model_name,module_config,price,rgb,speed_mts,stocks,type,typical_use,voltage) values (?,?,?,?,?,?,?,?,?,?,?,?,?,?)
2026-09-09T11:35:43.145035807Z [inf]  Hibernate: insert into rnpc_ram_parts (brand,cas_latency,created_at,image_file_name,kit_capacity,model_name,module_config,price,rgb,speed_mts,stocks,type,typical_use,voltage) values (?,?,?,?,?,?,?,?,?,?,?,?,?,?)
2026-09-09T11:35:43.145038777Z [inf]  Hibernate: insert into rnpc_ram_parts (brand,cas_latency,created_at,image_file_name,kit_capacity,model_name,module_config,price,rgb,speed_mts,stocks,type,typical_use,voltage) values (?,?,?,?,?,?,?,?,?,?,?,?,?,?)
2026-09-09T11:35:43.145041447Z [inf]  Hibernate: insert into rnpc_ram_parts (brand,cas_latency,created_at,image_file_name,kit_capacity,model_name,module_config,price,rgb,speed_mts,stocks,type,typical_use,voltage) values (?,?,?,?,?,?,?,?,?,?,?,?,?,?)
2026-09-09T11:35:43.145043587Z [inf]  Hibernate: insert into rnpc_ram_parts (brand,cas_latency,created_at,image_file_name,kit_capacity,model_name,module_config,price,rgb,speed_mts,stocks,type,typical_use,voltage) values (?,?,?,?,?,?,?,?,?,?,?,?,?,?)
2026-09-09T11:35:43.145046108Z [inf]  Hibernate: insert into rnpc_ram_parts (brand,cas_latency,created_at,image_file_name,kit_capacity,model_name,module_config,price,rgb,speed_mts,stocks,type,typical_use,voltage) values (?,?,?,?,?,?,?,?,?,?,?,?,?,?)
2026-09-09T11:35:43.149642155Z [inf]  Hibernate: insert into rnpc_ram_parts (brand,cas_latency,created_at,image_file_name,kit_capacity,model_name,module_config,price,rgb,speed_mts,stocks,type,typical_use,voltage) values (?,?,?,?,?,?,?,?,?,?,?,?,?,?)
2026-09-09T11:35:43.164453598Z [inf]  Hibernate: insert into rnpc_ram_parts (brand,cas_latency,created_at,image_file_name,kit_capacity,model_name,module_config,price,rgb,speed_mts,stocks,type,typical_use,voltage) values (?,?,?,?,?,?,?,?,?,?,?,?,?,?)
2026-09-09T11:35:43.164457207Z [inf]  Hibernate: insert into rnpc_ram_parts (brand,cas_latency,created_at,image_file_name,kit_capacity,model_name,module_config,price,rgb,speed_mts,stocks,type,typical_use,voltage) values (?,?,?,?,?,?,?,?,?,?,?,?,?,?)
2026-09-09T11:35:43.164460007Z [inf]  Hibernate: insert into rnpc_ram_parts (brand,cas_latency,created_at,image_file_name,kit_capacity,model_name,module_config,price,rgb,speed_mts,stocks,type,typical_use,voltage) values (?,?,?,?,?,?,?,?,?,?,?,?,?,?)
2026-09-09T11:35:43.164463037Z [inf]  Hibernate: insert into rnpc_ram_parts (brand,cas_latency,created_at,image_file_name,kit_capacity,model_name,module_config,price,rgb,speed_mts,stocks,type,typical_use,voltage) values (?,?,?,?,?,?,?,?,?,?,?,?,?,?)
2026-09-09T11:35:43.164465477Z [inf]  Hibernate: insert into rnpc_ram_parts (brand,cas_latency,created_at,image_file_name,kit_capacity,model_name,module_config,price,rgb,speed_mts,stocks,type,typical_use,voltage) values (?,?,?,?,?,?,?,?,?,?,?,?,?,?)
2026-09-09T11:35:43.164468017Z [inf]  Hibernate: insert into rnpc_ram_parts (brand,cas_latency,created_at,image_file_name,kit_capacity,model_name,module_config,price,rgb,speed_mts,stocks,type,typical_use,voltage) values (?,?,?,?,?,?,?,?,?,?,?,?,?,?)
2026-09-09T11:35:43.164861524Z [inf]  Hibernate: insert into rnpc_ram_parts (brand,cas_latency,created_at,image_file_name,kit_capacity,model_name,module_config,price,rgb,speed_mts,stocks,type,typical_use,voltage) values (?,?,?,?,?,?,?,?,?,?,?,?,?,?)
2026-09-09T11:35:43.165386809Z [inf]  Hibernate: insert into rnpc_ram_parts (brand,cas_latency,created_at,image_file_name,kit_capacity,model_name,module_config,price,rgb,speed_mts,stocks,type,typical_use,voltage) values (?,?,?,?,?,?,?,?,?,?,?,?,?,?)
2026-09-09T11:35:43.165389409Z [inf]  Hibernate: insert into rnpc_ram_parts (brand,cas_latency,created_at,image_file_name,kit_capacity,model_name,module_config,price,rgb,speed_mts,stocks,type,typical_use,voltage) values (?,?,?,?,?,?,?,?,?,?,?,?,?,?)
2026-09-09T11:35:43.166506149Z [inf]  Hibernate: insert into rnpc_ram_parts (brand,cas_latency,created_at,image_file_name,kit_capacity,model_name,module_config,price,rgb,speed_mts,stocks,type,typical_use,voltage) values (?,?,?,?,?,?,?,?,?,?,?,?,?,?)
2026-09-09T11:35:43.166510459Z [inf]  Hibernate: insert into rnpc_ram_parts (brand,cas_latency,created_at,image_file_name,kit_capacity,model_name,module_config,price,rgb,speed_mts,stocks,type,typical_use,voltage) values (?,?,?,?,?,?,?,?,?,?,?,?,?,?)
2026-09-09T11:35:43.166513809Z [inf]  Hibernate: insert into rnpc_ram_parts (brand,cas_latency,created_at,image_file_name,kit_capacity,model_name,module_config,price,rgb,speed_mts,stocks,type,typical_use,voltage) values (?,?,?,?,?,?,?,?,?,?,?,?,?,?)
2026-09-09T11:35:43.166950895Z [inf]  Hibernate: insert into rnpc_ram_parts (brand,cas_latency,created_at,image_file_name,kit_capacity,model_name,module_config,price,rgb,speed_mts,stocks,type,typical_use,voltage) values (?,?,?,?,?,?,?,?,?,?,?,?,?,?)
2026-09-09T11:35:43.167471620Z [inf]  Hibernate: insert into rnpc_ram_parts (brand,cas_latency,created_at,image_file_name,kit_capacity,model_name,module_config,price,rgb,speed_mts,stocks,type,typical_use,voltage) values (?,?,?,?,?,?,?,?,?,?,?,?,?,?)
2026-09-09T11:35:43.167982515Z [inf]  Hibernate: insert into rnpc_ram_parts (brand,cas_latency,created_at,image_file_name,kit_capacity,model_name,module_config,price,rgb,speed_mts,stocks,type,typical_use,voltage) values (?,?,?,?,?,?,?,?,?,?,?,?,?,?)
2026-09-09T11:35:43.168461681Z [inf]  Hibernate: insert into rnpc_ram_parts (brand,cas_latency,created_at,image_file_name,kit_capacity,model_name,module_config,price,rgb,speed_mts,stocks,type,typical_use,voltage) values (?,?,?,?,?,?,?,?,?,?,?,?,?,?)
2026-09-09T11:35:43.169034416Z [inf]  Hibernate: insert into rnpc_ram_parts (brand,cas_latency,created_at,image_file_name,kit_capacity,model_name,module_config,price,rgb,speed_mts,stocks,type,typical_use,voltage) values (?,?,?,?,?,?,?,?,?,?,?,?,?,?)
2026-09-09T11:35:43.169037316Z [inf]  Hibernate: insert into rnpc_ram_parts (brand,cas_latency,created_at,image_file_name,kit_capacity,model_name,module_config,price,rgb,speed_mts,stocks,type,typical_use,voltage) values (?,?,?,?,?,?,?,?,?,?,?,?,?,?)
2026-09-09T11:35:43.169483301Z [inf]  Hibernate: insert into rnpc_ram_parts (brand,cas_latency,created_at,image_file_name,kit_capacity,model_name,module_config,price,rgb,speed_mts,stocks,type,typical_use,voltage) values (?,?,?,?,?,?,?,?,?,?,?,?,?,?)
2026-09-09T11:35:43.169925598Z [inf]  Hibernate: insert into rnpc_ram_parts (brand,cas_latency,created_at,image_file_name,kit_capacity,model_name,module_config,price,rgb,speed_mts,stocks,type,typical_use,voltage) values (?,?,?,?,?,?,?,?,?,?,?,?,?,?)
2026-09-09T11:35:43.179589348Z [inf]  Hibernate: select count(*) from rnpc_storage_parts sp1_0
2026-09-09T11:35:43.184229855Z [inf]  Hibernate: insert into rnpc_storage_parts (brand,capacities,category,created_at,dram_cache,form_factor,image_file_name,interface_type,model_name,price,seq_read_mbs,seq_write_mbs,stocks,typical_use,warranty) values (?,?,?,?,?,?,?,?,?,?,?,?,?,?,?)
2026-09-09T11:35:43.184234295Z [inf]  Hibernate: insert into rnpc_storage_parts (brand,capacities,category,created_at,dram_cache,form_factor,image_file_name,interface_type,model_name,price,seq_read_mbs,seq_write_mbs,stocks,typical_use,warranty) values (?,?,?,?,?,?,?,?,?,?,?,?,?,?,?)
2026-09-09T11:35:43.184244225Z [inf]  Hibernate: insert into rnpc_storage_parts (brand,capacities,category,created_at,dram_cache,form_factor,image_file_name,interface_type,model_name,price,seq_read_mbs,seq_write_mbs,stocks,typical_use,warranty) values (?,?,?,?,?,?,?,?,?,?,?,?,?,?,?)
2026-09-09T11:35:43.184249485Z [inf]  Hibernate: insert into rnpc_storage_parts (brand,capacities,category,created_at,dram_cache,form_factor,image_file_name,interface_type,model_name,price,seq_read_mbs,seq_write_mbs,stocks,typical_use,warranty) values (?,?,?,?,?,?,?,?,?,?,?,?,?,?,?)
2026-09-09T11:35:43.184254035Z [inf]  Hibernate: insert into rnpc_storage_parts (brand,capacities,category,created_at,dram_cache,form_factor,image_file_name,interface_type,model_name,price,seq_read_mbs,seq_write_mbs,stocks,typical_use,warranty) values (?,?,?,?,?,?,?,?,?,?,?,?,?,?,?)
2026-09-09T11:35:43.184917299Z [inf]  Hibernate: insert into rnpc_storage_parts (brand,capacities,category,created_at,dram_cache,form_factor,image_file_name,interface_type,model_name,price,seq_read_mbs,seq_write_mbs,stocks,typical_use,warranty) values (?,?,?,?,?,?,?,?,?,?,?,?,?,?,?)
2026-09-09T11:35:43.184921529Z [inf]  Hibernate: insert into rnpc_storage_parts (brand,capacities,category,created_at,dram_cache,form_factor,image_file_name,interface_type,model_name,price,seq_read_mbs,seq_write_mbs,stocks,typical_use,warranty) values (?,?,?,?,?,?,?,?,?,?,?,?,?,?,?)
2026-09-09T11:35:43.185680842Z [inf]  Hibernate: insert into rnpc_storage_parts (brand,capacities,category,created_at,dram_cache,form_factor,image_file_name,interface_type,model_name,price,seq_read_mbs,seq_write_mbs,stocks,typical_use,warranty) values (?,?,?,?,?,?,?,?,?,?,?,?,?,?,?)
2026-09-09T11:35:43.185685572Z [inf]  Hibernate: insert into rnpc_storage_parts (brand,capacities,category,created_at,dram_cache,form_factor,image_file_name,interface_type,model_name,price,seq_read_mbs,seq_write_mbs,stocks,typical_use,warranty) values (?,?,?,?,?,?,?,?,?,?,?,?,?,?,?)
2026-09-09T11:35:43.189908313Z [inf]  Hibernate: insert into rnpc_storage_parts (brand,capacities,category,created_at,dram_cache,form_factor,image_file_name,interface_type,model_name,price,seq_read_mbs,seq_write_mbs,stocks,typical_use,warranty) values (?,?,?,?,?,?,?,?,?,?,?,?,?,?,?)
2026-09-09T11:35:43.189912493Z [inf]  Hibernate: insert into rnpc_storage_parts (brand,capacities,category,created_at,dram_cache,form_factor,image_file_name,interface_type,model_name,price,seq_read_mbs,seq_write_mbs,stocks,typical_use,warranty) values (?,?,?,?,?,?,?,?,?,?,?,?,?,?,?)
2026-09-09T11:35:43.189915983Z [inf]  Hibernate: insert into rnpc_storage_parts (brand,capacities,category,created_at,dram_cache,form_factor,image_file_name,interface_type,model_name,price,seq_read_mbs,seq_write_mbs,stocks,typical_use,warranty) values (?,?,?,?,?,?,?,?,?,?,?,?,?,?,?)
2026-09-09T11:35:43.189919633Z [inf]  Hibernate: insert into rnpc_storage_parts (brand,capacities,category,created_at,dram_cache,form_factor,image_file_name,interface_type,model_name,price,seq_read_mbs,seq_write_mbs,stocks,typical_use,warranty) values (?,?,?,?,?,?,?,?,?,?,?,?,?,?,?)
2026-09-09T11:35:43.189923723Z [inf]  Hibernate: insert into rnpc_storage_parts (brand,capacities,category,created_at,dram_cache,form_factor,image_file_name,interface_type,model_name,price,seq_read_mbs,seq_write_mbs,stocks,typical_use,warranty) values (?,?,?,?,?,?,?,?,?,?,?,?,?,?,?)
2026-09-09T11:35:43.189926873Z [inf]  Hibernate: insert into rnpc_storage_parts (brand,capacities,category,created_at,dram_cache,form_factor,image_file_name,interface_type,model_name,price,seq_read_mbs,seq_write_mbs,stocks,typical_use,warranty) values (?,?,?,?,?,?,?,?,?,?,?,?,?,?,?)
2026-09-09T11:35:43.189929983Z [inf]  Hibernate: insert into rnpc_storage_parts (brand,capacities,category,created_at,dram_cache,form_factor,image_file_name,interface_type,model_name,price,seq_read_mbs,seq_write_mbs,stocks,typical_use,warranty) values (?,?,?,?,?,?,?,?,?,?,?,?,?,?,?)
2026-09-09T11:35:43.189933263Z [inf]  Hibernate: insert into rnpc_storage_parts (brand,capacities,category,created_at,dram_cache,form_factor,image_file_name,interface_type,model_name,price,seq_read_mbs,seq_write_mbs,stocks,typical_use,warranty) values (?,?,?,?,?,?,?,?,?,?,?,?,?,?,?)
2026-09-09T11:35:43.193722718Z [inf]  Hibernate: insert into rnpc_storage_parts (brand,capacities,category,created_at,dram_cache,form_factor,image_file_name,interface_type,model_name,price,seq_read_mbs,seq_write_mbs,stocks,typical_use,warranty) values (?,?,?,?,?,?,?,?,?,?,?,?,?,?,?)
2026-09-09T11:35:43.193725618Z [inf]  Hibernate: insert into rnpc_storage_parts (brand,capacities,category,created_at,dram_cache,form_factor,image_file_name,interface_type,model_name,price,seq_read_mbs,seq_write_mbs,stocks,typical_use,warranty) values (?,?,?,?,?,?,?,?,?,?,?,?,?,?,?)
2026-09-09T11:35:43.193728588Z [inf]  Hibernate: insert into rnpc_storage_parts (brand,capacities,category,created_at,dram_cache,form_factor,image_file_name,interface_type,model_name,price,seq_read_mbs,seq_write_mbs,stocks,typical_use,warranty) values (?,?,?,?,?,?,?,?,?,?,?,?,?,?,?)
2026-09-09T11:35:43.193731058Z [inf]  Hibernate: insert into rnpc_storage_parts (brand,capacities,category,created_at,dram_cache,form_factor,image_file_name,interface_type,model_name,price,seq_read_mbs,seq_write_mbs,stocks,typical_use,warranty) values (?,?,?,?,?,?,?,?,?,?,?,?,?,?,?)
2026-09-09T11:35:43.193733818Z [inf]  Hibernate: insert into rnpc_storage_parts (brand,capacities,category,created_at,dram_cache,form_factor,image_file_name,interface_type,model_name,price,seq_read_mbs,seq_write_mbs,stocks,typical_use,warranty) values (?,?,?,?,?,?,?,?,?,?,?,?,?,?,?)
2026-09-09T11:35:43.193736728Z [inf]  Hibernate: insert into rnpc_storage_parts (brand,capacities,category,created_at,dram_cache,form_factor,image_file_name,interface_type,model_name,price,seq_read_mbs,seq_write_mbs,stocks,typical_use,warranty) values (?,?,?,?,?,?,?,?,?,?,?,?,?,?,?)
2026-09-09T11:35:43.193739228Z [inf]  Hibernate: insert into rnpc_storage_parts (brand,capacities,category,created_at,dram_cache,form_factor,image_file_name,interface_type,model_name,price,seq_read_mbs,seq_write_mbs,stocks,typical_use,warranty) values (?,?,?,?,?,?,?,?,?,?,?,?,?,?,?)
2026-09-09T11:35:43.193742008Z [inf]  Hibernate: insert into rnpc_storage_parts (brand,capacities,category,created_at,dram_cache,form_factor,image_file_name,interface_type,model_name,price,seq_read_mbs,seq_write_mbs,stocks,typical_use,warranty) values (?,?,?,?,?,?,?,?,?,?,?,?,?,?,?)
2026-09-09T11:35:43.194069244Z [inf]  Hibernate: insert into rnpc_storage_parts (brand,capacities,category,created_at,dram_cache,form_factor,image_file_name,interface_type,model_name,price,seq_read_mbs,seq_write_mbs,stocks,typical_use,warranty) values (?,?,?,?,?,?,?,?,?,?,?,?,?,?,?)
2026-09-09T11:35:43.194071834Z [inf]  Hibernate: insert into rnpc_storage_parts (brand,capacities,category,created_at,dram_cache,form_factor,image_file_name,interface_type,model_name,price,seq_read_mbs,seq_write_mbs,stocks,typical_use,warranty) values (?,?,?,?,?,?,?,?,?,?,?,?,?,?,?)
2026-09-09T11:35:43.194641700Z [inf]  Hibernate: insert into rnpc_storage_parts (brand,capacities,category,created_at,dram_cache,form_factor,image_file_name,interface_type,model_name,price,seq_read_mbs,seq_write_mbs,stocks,typical_use,warranty) values (?,?,?,?,?,?,?,?,?,?,?,?,?,?,?)
2026-09-09T11:35:43.194647600Z [inf]  Hibernate: insert into rnpc_storage_parts (brand,capacities,category,created_at,dram_cache,form_factor,image_file_name,interface_type,model_name,price,seq_read_mbs,seq_write_mbs,stocks,typical_use,warranty) values (?,?,?,?,?,?,?,?,?,?,?,?,?,?,?)
2026-09-09T11:35:43.196267214Z [inf]  Hibernate: insert into rnpc_storage_parts (brand,capacities,category,created_at,dram_cache,form_factor,image_file_name,interface_type,model_name,price,seq_read_mbs,seq_write_mbs,stocks,typical_use,warranty) values (?,?,?,?,?,?,?,?,?,?,?,?,?,?,?)
2026-09-09T11:35:43.196275034Z [inf]  Hibernate: insert into rnpc_storage_parts (brand,capacities,category,created_at,dram_cache,form_factor,image_file_name,interface_type,model_name,price,seq_read_mbs,seq_write_mbs,stocks,typical_use,warranty) values (?,?,?,?,?,?,?,?,?,?,?,?,?,?,?)
2026-09-09T11:35:43.197423834Z [inf]  Hibernate: insert into rnpc_storage_parts (brand,capacities,category,created_at,dram_cache,form_factor,image_file_name,interface_type,model_name,price,seq_read_mbs,seq_write_mbs,stocks,typical_use,warranty) values (?,?,?,?,?,?,?,?,?,?,?,?,?,?,?)
2026-09-09T11:35:43.197428704Z [inf]  Hibernate: insert into rnpc_storage_parts (brand,capacities,category,created_at,dram_cache,form_factor,image_file_name,interface_type,model_name,price,seq_read_mbs,seq_write_mbs,stocks,typical_use,warranty) values (?,?,?,?,?,?,?,?,?,?,?,?,?,?,?)
2026-09-09T11:35:43.197785580Z [inf]  Hibernate: insert into rnpc_storage_parts (brand,capacities,category,created_at,dram_cache,form_factor,image_file_name,interface_type,model_name,price,seq_read_mbs,seq_write_mbs,stocks,typical_use,warranty) values (?,?,?,?,?,?,?,?,?,?,?,?,?,?,?)
2026-09-09T11:35:43.209032897Z [inf]  Hibernate: select count(*) from rnpc_psu_parts pp1_0
2026-09-09T11:35:43.213208248Z [inf]  Hibernate: insert into rnpc_psu_parts (brand,created_at,form_factor,image_file_name,model_name,modularity,notes,plus_rating,price,stocks,warranty_years,wattagew) values (?,?,?,?,?,?,?,?,?,?,?,?)
2026-09-09T11:35:43.217250340Z [inf]  Hibernate: insert into rnpc_psu_parts (brand,created_at,form_factor,image_file_name,model_name,modularity,notes,plus_rating,price,stocks,warranty_years,wattagew) values (?,?,?,?,?,?,?,?,?,?,?,?)
2026-09-09T11:35:43.217253250Z [inf]  Hibernate: insert into rnpc_psu_parts (brand,created_at,form_factor,image_file_name,model_name,modularity,notes,plus_rating,price,stocks,warranty_years,wattagew) values (?,?,?,?,?,?,?,?,?,?,?,?)
2026-09-09T11:35:43.217256030Z [inf]  Hibernate: insert into rnpc_psu_parts (brand,created_at,form_factor,image_file_name,model_name,modularity,notes,plus_rating,price,stocks,warranty_years,wattagew) values (?,?,?,?,?,?,?,?,?,?,?,?)
2026-09-09T11:35:43.217258440Z [inf]  Hibernate: insert into rnpc_psu_parts (brand,created_at,form_factor,image_file_name,model_name,modularity,notes,plus_rating,price,stocks,warranty_years,wattagew) values (?,?,?,?,?,?,?,?,?,?,?,?)
2026-09-09T11:35:43.217261560Z [inf]  Hibernate: insert into rnpc_psu_parts (brand,created_at,form_factor,image_file_name,model_name,modularity,notes,plus_rating,price,stocks,warranty_years,wattagew) values (?,?,?,?,?,?,?,?,?,?,?,?)
2026-09-09T11:35:43.217264230Z [inf]  Hibernate: insert into rnpc_psu_parts (brand,created_at,form_factor,image_file_name,model_name,modularity,notes,plus_rating,price,stocks,warranty_years,wattagew) values (?,?,?,?,?,?,?,?,?,?,?,?)
2026-09-09T11:35:43.217266560Z [inf]  Hibernate: insert into rnpc_psu_parts (brand,created_at,form_factor,image_file_name,model_name,modularity,notes,plus_rating,price,stocks,warranty_years,wattagew) values (?,?,?,?,?,?,?,?,?,?,?,?)
2026-09-09T11:35:43.217268810Z [inf]  Hibernate: insert into rnpc_psu_parts (brand,created_at,form_factor,image_file_name,model_name,modularity,notes,plus_rating,price,stocks,warranty_years,wattagew) values (?,?,?,?,?,?,?,?,?,?,?,?)
2026-09-09T11:35:43.218489559Z [inf]  Hibernate: insert into rnpc_psu_parts (brand,created_at,form_factor,image_file_name,model_name,modularity,notes,plus_rating,price,stocks,warranty_years,wattagew) values (?,?,?,?,?,?,?,?,?,?,?,?)
2026-09-09T11:35:43.218491999Z [inf]  Hibernate: insert into rnpc_psu_parts (brand,created_at,form_factor,image_file_name,model_name,modularity,notes,plus_rating,price,stocks,warranty_years,wattagew) values (?,?,?,?,?,?,?,?,?,?,?,?)
2026-09-09T11:35:43.218926945Z [inf]  Hibernate: insert into rnpc_psu_parts (brand,created_at,form_factor,image_file_name,model_name,modularity,notes,plus_rating,price,stocks,warranty_years,wattagew) values (?,?,?,?,?,?,?,?,?,?,?,?)
2026-09-09T11:35:43.218929474Z [inf]  Hibernate: insert into rnpc_psu_parts (brand,created_at,form_factor,image_file_name,model_name,modularity,notes,plus_rating,price,stocks,warranty_years,wattagew) values (?,?,?,?,?,?,?,?,?,?,?,?)
2026-09-09T11:35:43.219348221Z [inf]  Hibernate: insert into rnpc_psu_parts (brand,created_at,form_factor,image_file_name,model_name,modularity,notes,plus_rating,price,stocks,warranty_years,wattagew) values (?,?,?,?,?,?,?,?,?,?,?,?)
2026-09-09T11:35:43.219886756Z [inf]  Hibernate: insert into rnpc_psu_parts (brand,created_at,form_factor,image_file_name,model_name,modularity,notes,plus_rating,price,stocks,warranty_years,wattagew) values (?,?,?,?,?,?,?,?,?,?,?,?)
2026-09-09T11:35:43.220210893Z [inf]  Hibernate: insert into rnpc_psu_parts (brand,created_at,form_factor,image_file_name,model_name,modularity,notes,plus_rating,price,stocks,warranty_years,wattagew) values (?,?,?,?,?,?,?,?,?,?,?,?)
2026-09-09T11:35:43.220664079Z [inf]  Hibernate: insert into rnpc_psu_parts (brand,created_at,form_factor,image_file_name,model_name,modularity,notes,plus_rating,price,stocks,warranty_years,wattagew) values (?,?,?,?,?,?,?,?,?,?,?,?)
2026-09-09T11:35:43.221117585Z [inf]  Hibernate: insert into rnpc_psu_parts (brand,created_at,form_factor,image_file_name,model_name,modularity,notes,plus_rating,price,stocks,warranty_years,wattagew) values (?,?,?,?,?,?,?,?,?,?,?,?)
2026-09-09T11:35:43.221523041Z [inf]  Hibernate: insert into rnpc_psu_parts (brand,created_at,form_factor,image_file_name,model_name,modularity,notes,plus_rating,price,stocks,warranty_years,wattagew) values (?,?,?,?,?,?,?,?,?,?,?,?)
2026-09-09T11:35:43.221898398Z [inf]  Hibernate: insert into rnpc_psu_parts (brand,created_at,form_factor,image_file_name,model_name,modularity,notes,plus_rating,price,stocks,warranty_years,wattagew) values (?,?,?,?,?,?,?,?,?,?,?,?)
2026-09-09T11:35:43.221903278Z [inf]  Hibernate: insert into rnpc_psu_parts (brand,created_at,form_factor,image_file_name,model_name,modularity,notes,plus_rating,price,stocks,warranty_years,wattagew) values (?,?,?,?,?,?,?,?,?,?,?,?)
2026-09-09T11:35:43.222257414Z [inf]  Hibernate: insert into rnpc_psu_parts (brand,created_at,form_factor,image_file_name,model_name,modularity,notes,plus_rating,price,stocks,warranty_years,wattagew) values (?,?,?,?,?,?,?,?,?,?,?,?)
2026-09-09T11:35:43.222745369Z [inf]  Hibernate: insert into rnpc_psu_parts (brand,created_at,form_factor,image_file_name,model_name,modularity,notes,plus_rating,price,stocks,warranty_years,wattagew) values (?,?,?,?,?,?,?,?,?,?,?,?)
2026-09-09T11:35:43.222747969Z [inf]  Hibernate: insert into rnpc_psu_parts (brand,created_at,form_factor,image_file_name,model_name,modularity,notes,plus_rating,price,stocks,warranty_years,wattagew) values (?,?,?,?,?,?,?,?,?,?,?,?)
2026-09-09T11:35:43.223147126Z [inf]  Hibernate: insert into rnpc_psu_parts (brand,created_at,form_factor,image_file_name,model_name,modularity,notes,plus_rating,price,stocks,warranty_years,wattagew) values (?,?,?,?,?,?,?,?,?,?,?,?)
2026-09-09T11:35:43.223651761Z [inf]  Hibernate: insert into rnpc_psu_parts (brand,created_at,form_factor,image_file_name,model_name,modularity,notes,plus_rating,price,stocks,warranty_years,wattagew) values (?,?,?,?,?,?,?,?,?,?,?,?)
2026-09-09T11:35:43.223654471Z [inf]  Hibernate: insert into rnpc_psu_parts (brand,created_at,form_factor,image_file_name,model_name,modularity,notes,plus_rating,price,stocks,warranty_years,wattagew) values (?,?,?,?,?,?,?,?,?,?,?,?)
2026-09-09T11:35:43.224054537Z [inf]  Hibernate: insert into rnpc_psu_parts (brand,created_at,form_factor,image_file_name,model_name,modularity,notes,plus_rating,price,stocks,warranty_years,wattagew) values (?,?,?,?,?,?,?,?,?,?,?,?)
2026-09-09T11:35:43.224540183Z [inf]  Hibernate: insert into rnpc_psu_parts (brand,created_at,form_factor,image_file_name,model_name,modularity,notes,plus_rating,price,stocks,warranty_years,wattagew) values (?,?,?,?,?,?,?,?,?,?,?,?)
2026-09-09T11:35:43.224544083Z [inf]  Hibernate: insert into rnpc_psu_parts (brand,created_at,form_factor,image_file_name,model_name,modularity,notes,plus_rating,price,stocks,warranty_years,wattagew) values (?,?,?,?,?,?,?,?,?,?,?,?)
2026-09-09T11:35:43.225059618Z [inf]  Hibernate: insert into rnpc_psu_parts (brand,created_at,form_factor,image_file_name,model_name,modularity,notes,plus_rating,price,stocks,warranty_years,wattagew) values (?,?,?,?,?,?,?,?,?,?,?,?)
2026-09-09T11:35:43.225355885Z [inf]  Hibernate: insert into rnpc_psu_parts (brand,created_at,form_factor,image_file_name,model_name,modularity,notes,plus_rating,price,stocks,warranty_years,wattagew) values (?,?,?,?,?,?,?,?,?,?,?,?)
2026-09-09T11:35:43.225358605Z [inf]  Hibernate: insert into rnpc_psu_parts (brand,created_at,form_factor,image_file_name,model_name,modularity,notes,plus_rating,price,stocks,warranty_years,wattagew) values (?,?,?,?,?,?,?,?,?,?,?,?)
2026-09-09T11:35:43.225770012Z [inf]  Hibernate: insert into rnpc_psu_parts (brand,created_at,form_factor,image_file_name,model_name,modularity,notes,plus_rating,price,stocks,warranty_years,wattagew) values (?,?,?,?,?,?,?,?,?,?,?,?)
2026-09-09T11:35:43.226244917Z [inf]  Hibernate: insert into rnpc_psu_parts (brand,created_at,form_factor,image_file_name,model_name,modularity,notes,plus_rating,price,stocks,warranty_years,wattagew) values (?,?,?,?,?,?,?,?,?,?,?,?)
2026-09-09T11:35:43.226247687Z [inf]  Hibernate: insert into rnpc_psu_parts (brand,created_at,form_factor,image_file_name,model_name,modularity,notes,plus_rating,price,stocks,warranty_years,wattagew) values (?,?,?,?,?,?,?,?,?,?,?,?)
2026-09-09T11:35:43.226681173Z [inf]  Hibernate: insert into rnpc_psu_parts (brand,created_at,form_factor,image_file_name,model_name,modularity,notes,plus_rating,price,stocks,warranty_years,wattagew) values (?,?,?,?,?,?,?,?,?,?,?,?)
2026-09-09T11:35:43.227061020Z [inf]  Hibernate: insert into rnpc_psu_parts (brand,created_at,form_factor,image_file_name,model_name,modularity,notes,plus_rating,price,stocks,warranty_years,wattagew) values (?,?,?,?,?,?,?,?,?,?,?,?)
2026-09-09T11:35:43.227064430Z [inf]  Hibernate: insert into rnpc_psu_parts (brand,created_at,form_factor,image_file_name,model_name,modularity,notes,plus_rating,price,stocks,warranty_years,wattagew) values (?,?,?,?,?,?,?,?,?,?,?,?)
2026-09-09T11:35:43.231120222Z [inf]  Hibernate: insert into rnpc_psu_parts (brand,created_at,form_factor,image_file_name,model_name,modularity,notes,plus_rating,price,stocks,warranty_years,wattagew) values (?,?,?,?,?,?,?,?,?,?,?,?)
2026-09-09T11:35:43.231122842Z [inf]  Hibernate: insert into rnpc_psu_parts (brand,created_at,form_factor,image_file_name,model_name,modularity,notes,plus_rating,price,stocks,warranty_years,wattagew) values (?,?,?,?,?,?,?,?,?,?,?,?)
2026-09-09T11:35:43.231125432Z [inf]  Hibernate: insert into rnpc_psu_parts (brand,created_at,form_factor,image_file_name,model_name,modularity,notes,plus_rating,price,stocks,warranty_years,wattagew) values (?,?,?,?,?,?,?,?,?,?,?,?)
2026-09-09T11:35:43.273101105Z [inf]  Hibernate: insert into rnpc_psu_parts (brand,created_at,form_factor,image_file_name,model_name,modularity,notes,plus_rating,price,stocks,warranty_years,wattagew) values (?,?,?,?,?,?,?,?,?,?,?,?)
2026-09-09T11:35:43.273109224Z [inf]  Hibernate: insert into rnpc_psu_parts (brand,created_at,form_factor,image_file_name,model_name,modularity,notes,plus_rating,price,stocks,warranty_years,wattagew) values (?,?,?,?,?,?,?,?,?,?,?,?)
2026-09-09T11:35:43.273114584Z [inf]  Hibernate: insert into rnpc_psu_parts (brand,created_at,form_factor,image_file_name,model_name,modularity,notes,plus_rating,price,stocks,warranty_years,wattagew) values (?,?,?,?,?,?,?,?,?,?,?,?)
2026-09-09T11:35:43.273118994Z [inf]  Hibernate: insert into rnpc_psu_parts (brand,created_at,form_factor,image_file_name,model_name,modularity,notes,plus_rating,price,stocks,warranty_years,wattagew) values (?,?,?,?,?,?,?,?,?,?,?,?)
2026-09-09T11:35:43.273123264Z [inf]  Hibernate: insert into rnpc_psu_parts (brand,created_at,form_factor,image_file_name,model_name,modularity,notes,plus_rating,price,stocks,warranty_years,wattagew) values (?,?,?,?,?,?,?,?,?,?,?,?)
2026-09-09T11:35:43.273128444Z [inf]  Hibernate: insert into rnpc_psu_parts (brand,created_at,form_factor,image_file_name,model_name,modularity,notes,plus_rating,price,stocks,warranty_years,wattagew) values (?,?,?,?,?,?,?,?,?,?,?,?)
2026-09-09T11:35:43.273132684Z [inf]  Hibernate: insert into rnpc_psu_parts (brand,created_at,form_factor,image_file_name,model_name,modularity,notes,plus_rating,price,stocks,warranty_years,wattagew) values (?,?,?,?,?,?,?,?,?,?,?,?)
2026-09-09T11:35:43.273223973Z [inf]  Hibernate: insert into rnpc_psu_parts (brand,created_at,form_factor,image_file_name,model_name,modularity,notes,plus_rating,price,stocks,warranty_years,wattagew) values (?,?,?,?,?,?,?,?,?,?,?,?)
2026-09-09T11:35:43.273227213Z [inf]  Hibernate: insert into rnpc_psu_parts (brand,created_at,form_factor,image_file_name,model_name,modularity,notes,plus_rating,price,stocks,warranty_years,wattagew) values (?,?,?,?,?,?,?,?,?,?,?,?)
2026-09-09T11:35:43.273495211Z [inf]  Hibernate: insert into rnpc_psu_parts (brand,created_at,form_factor,image_file_name,model_name,modularity,notes,plus_rating,price,stocks,warranty_years,wattagew) values (?,?,?,?,?,?,?,?,?,?,?,?)
2026-09-09T11:35:43.273500651Z [inf]  Hibernate: insert into rnpc_psu_parts (brand,created_at,form_factor,image_file_name,model_name,modularity,notes,plus_rating,price,stocks,warranty_years,wattagew) values (?,?,?,?,?,?,?,?,?,?,?,?)
2026-09-09T11:35:43.273504390Z [inf]  Hibernate: insert into rnpc_psu_parts (brand,created_at,form_factor,image_file_name,model_name,modularity,notes,plus_rating,price,stocks,warranty_years,wattagew) values (?,?,?,?,?,?,?,?,?,?,?,?)
2026-09-09T11:35:43.273508020Z [inf]  Hibernate: insert into rnpc_psu_parts (brand,created_at,form_factor,image_file_name,model_name,modularity,notes,plus_rating,price,stocks,warranty_years,wattagew) values (?,?,?,?,?,?,?,?,?,?,?,?)
2026-09-09T11:35:43.273539590Z [inf]  Hibernate: insert into rnpc_psu_parts (brand,created_at,form_factor,image_file_name,model_name,modularity,notes,plus_rating,price,stocks,warranty_years,wattagew) values (?,?,?,?,?,?,?,?,?,?,?,?)
2026-09-09T11:35:43.273543450Z [inf]  Hibernate: insert into rnpc_psu_parts (brand,created_at,form_factor,image_file_name,model_name,modularity,notes,plus_rating,price,stocks,warranty_years,wattagew) values (?,?,?,?,?,?,?,?,?,?,?,?)
2026-09-09T11:35:43.273547020Z [inf]  Hibernate: insert into rnpc_psu_parts (brand,created_at,form_factor,image_file_name,model_name,modularity,notes,plus_rating,price,stocks,warranty_years,wattagew) values (?,?,?,?,?,?,?,?,?,?,?,?)
2026-09-09T11:35:43.273550540Z [inf]  Hibernate: insert into rnpc_psu_parts (brand,created_at,form_factor,image_file_name,model_name,modularity,notes,plus_rating,price,stocks,warranty_years,wattagew) values (?,?,?,?,?,?,?,?,?,?,?,?)
2026-09-09T11:35:43.273554600Z [inf]  Hibernate: insert into rnpc_psu_parts (brand,created_at,form_factor,image_file_name,model_name,modularity,notes,plus_rating,price,stocks,warranty_years,wattagew) values (?,?,?,?,?,?,?,?,?,?,?,?)
2026-09-09T11:35:43.273781239Z [inf]  Hibernate: insert into rnpc_psu_parts (brand,created_at,form_factor,image_file_name,model_name,modularity,notes,plus_rating,price,stocks,warranty_years,wattagew) values (?,?,?,?,?,?,?,?,?,?,?,?)
2026-09-09T11:35:43.273785619Z [inf]  Hibernate: insert into rnpc_psu_parts (brand,created_at,form_factor,image_file_name,model_name,modularity,notes,plus_rating,price,stocks,warranty_years,wattagew) values (?,?,?,?,?,?,?,?,?,?,?,?)
2026-09-09T11:35:43.273790199Z [inf]  Hibernate: insert into rnpc_psu_parts (brand,created_at,form_factor,image_file_name,model_name,modularity,notes,plus_rating,price,stocks,warranty_years,wattagew) values (?,?,?,?,?,?,?,?,?,?,?,?)
2026-09-09T11:35:43.273794839Z [inf]  Hibernate: insert into rnpc_psu_parts (brand,created_at,form_factor,image_file_name,model_name,modularity,notes,plus_rating,price,stocks,warranty_years,wattagew) values (?,?,?,?,?,?,?,?,?,?,?,?)
2026-09-09T11:35:43.273799039Z [inf]  Hibernate: insert into rnpc_psu_parts (brand,created_at,form_factor,image_file_name,model_name,modularity,notes,plus_rating,price,stocks,warranty_years,wattagew) values (?,?,?,?,?,?,?,?,?,?,?,?)
2026-09-09T11:35:43.273803468Z [inf]  Hibernate: insert into rnpc_psu_parts (brand,created_at,form_factor,image_file_name,model_name,modularity,notes,plus_rating,price,stocks,warranty_years,wattagew) values (?,?,?,?,?,?,?,?,?,?,?,?)
2026-09-09T11:35:43.273809028Z [inf]  Hibernate: insert into rnpc_psu_parts (brand,created_at,form_factor,image_file_name,model_name,modularity,notes,plus_rating,price,stocks,warranty_years,wattagew) values (?,?,?,?,?,?,?,?,?,?,?,?)
2026-09-09T11:35:43.273813288Z [inf]  Hibernate: insert into rnpc_psu_parts (brand,created_at,form_factor,image_file_name,model_name,modularity,notes,plus_rating,price,stocks,warranty_years,wattagew) values (?,?,?,?,?,?,?,?,?,?,?,?)
2026-09-09T11:35:43.273832318Z [inf]  Hibernate: insert into rnpc_psu_parts (brand,created_at,form_factor,image_file_name,model_name,modularity,notes,plus_rating,price,stocks,warranty_years,wattagew) values (?,?,?,?,?,?,?,?,?,?,?,?)
2026-09-09T11:35:43.275697381Z [inf]  Hibernate: insert into rnpc_psu_parts (brand,created_at,form_factor,image_file_name,model_name,modularity,notes,plus_rating,price,stocks,warranty_years,wattagew) values (?,?,?,?,?,?,?,?,?,?,?,?)
2026-09-09T11:35:43.275702830Z [inf]  Hibernate: insert into rnpc_psu_parts (brand,created_at,form_factor,image_file_name,model_name,modularity,notes,plus_rating,price,stocks,warranty_years,wattagew) values (?,?,?,?,?,?,?,?,?,?,?,?)
2026-09-09T11:35:43.275706750Z [inf]  Hibernate: insert into rnpc_psu_parts (brand,created_at,form_factor,image_file_name,model_name,modularity,notes,plus_rating,price,stocks,warranty_years,wattagew) values (?,?,?,?,?,?,?,?,?,?,?,?)
2026-09-09T11:35:43.275709830Z [inf]  Hibernate: insert into rnpc_psu_parts (brand,created_at,form_factor,image_file_name,model_name,modularity,notes,plus_rating,price,stocks,warranty_years,wattagew) values (?,?,?,?,?,?,?,?,?,?,?,?)
2026-09-09T11:35:43.275713330Z [inf]  Hibernate: insert into rnpc_psu_parts (brand,created_at,form_factor,image_file_name,model_name,modularity,notes,plus_rating,price,stocks,warranty_years,wattagew) values (?,?,?,?,?,?,?,?,?,?,?,?)
2026-09-09T11:35:43.275717400Z [inf]  Hibernate: insert into rnpc_psu_parts (brand,created_at,form_factor,image_file_name,model_name,modularity,notes,plus_rating,price,stocks,warranty_years,wattagew) values (?,?,?,?,?,?,?,?,?,?,?,?)
2026-09-09T11:35:43.275720820Z [inf]  Hibernate: insert into rnpc_psu_parts (brand,created_at,form_factor,image_file_name,model_name,modularity,notes,plus_rating,price,stocks,warranty_years,wattagew) values (?,?,?,?,?,?,?,?,?,?,?,?)
2026-09-09T11:35:43.275752110Z [inf]  Hibernate: insert into rnpc_psu_parts (brand,created_at,form_factor,image_file_name,model_name,modularity,notes,plus_rating,price,stocks,warranty_years,wattagew) values (?,?,?,?,?,?,?,?,?,?,?,?)
2026-09-09T11:35:43.275754680Z [inf]  Hibernate: insert into rnpc_psu_parts (brand,created_at,form_factor,image_file_name,model_name,modularity,notes,plus_rating,price,stocks,warranty_years,wattagew) values (?,?,?,?,?,?,?,?,?,?,?,?)
2026-09-09T11:35:43.275757500Z [inf]  Hibernate: insert into rnpc_psu_parts (brand,created_at,form_factor,image_file_name,model_name,modularity,notes,plus_rating,price,stocks,warranty_years,wattagew) values (?,?,?,?,?,?,?,?,?,?,?,?)
2026-09-09T11:35:43.275759980Z [inf]  Hibernate: insert into rnpc_psu_parts (brand,created_at,form_factor,image_file_name,model_name,modularity,notes,plus_rating,price,stocks,warranty_years,wattagew) values (?,?,?,?,?,?,?,?,?,?,?,?)
2026-09-09T11:35:43.275762340Z [inf]  Hibernate: insert into rnpc_psu_parts (brand,created_at,form_factor,image_file_name,model_name,modularity,notes,plus_rating,price,stocks,warranty_years,wattagew) values (?,?,?,?,?,?,?,?,?,?,?,?)
2026-09-09T11:35:43.275765580Z [inf]  Hibernate: insert into rnpc_psu_parts (brand,created_at,form_factor,image_file_name,model_name,modularity,notes,plus_rating,price,stocks,warranty_years,wattagew) values (?,?,?,?,?,?,?,?,?,?,?,?)
2026-09-09T11:35:43.275768410Z [inf]  Hibernate: insert into rnpc_psu_parts (brand,created_at,form_factor,image_file_name,model_name,modularity,notes,plus_rating,price,stocks,warranty_years,wattagew) values (?,?,?,?,?,?,?,?,?,?,?,?)
2026-09-09T11:35:43.275770900Z [inf]  Hibernate: insert into rnpc_psu_parts (brand,created_at,form_factor,image_file_name,model_name,modularity,notes,plus_rating,price,stocks,warranty_years,wattagew) values (?,?,?,?,?,?,?,?,?,?,?,?)
2026-09-09T11:35:43.279152309Z [inf]  Hibernate: insert into rnpc_psu_parts (brand,created_at,form_factor,image_file_name,model_name,modularity,notes,plus_rating,price,stocks,warranty_years,wattagew) values (?,?,?,?,?,?,?,?,?,?,?,?)
2026-09-09T11:35:43.279156219Z [inf]  Hibernate: insert into rnpc_psu_parts (brand,created_at,form_factor,image_file_name,model_name,modularity,notes,plus_rating,price,stocks,warranty_years,wattagew) values (?,?,?,?,?,?,?,?,?,?,?,?)
2026-09-09T11:35:43.279159729Z [inf]  Hibernate: insert into rnpc_psu_parts (brand,created_at,form_factor,image_file_name,model_name,modularity,notes,plus_rating,price,stocks,warranty_years,wattagew) values (?,?,?,?,?,?,?,?,?,?,?,?)
2026-09-09T11:35:43.279171359Z [inf]  Hibernate: insert into rnpc_psu_parts (brand,created_at,form_factor,image_file_name,model_name,modularity,notes,plus_rating,price,stocks,warranty_years,wattagew) values (?,?,?,?,?,?,?,?,?,?,?,?)
2026-09-09T11:35:43.279175139Z [inf]  Hibernate: insert into rnpc_psu_parts (brand,created_at,form_factor,image_file_name,model_name,modularity,notes,plus_rating,price,stocks,warranty_years,wattagew) values (?,?,?,?,?,?,?,?,?,?,?,?)
2026-09-09T11:35:43.279179049Z [inf]  Hibernate: insert into rnpc_psu_parts (brand,created_at,form_factor,image_file_name,model_name,modularity,notes,plus_rating,price,stocks,warranty_years,wattagew) values (?,?,?,?,?,?,?,?,?,?,?,?)
2026-09-09T11:35:43.279183039Z [inf]  Hibernate: insert into rnpc_psu_parts (brand,created_at,form_factor,image_file_name,model_name,modularity,notes,plus_rating,price,stocks,warranty_years,wattagew) values (?,?,?,?,?,?,?,?,?,?,?,?)
2026-09-09T11:35:43.279186709Z [inf]  Hibernate: insert into rnpc_psu_parts (brand,created_at,form_factor,image_file_name,model_name,modularity,notes,plus_rating,price,stocks,warranty_years,wattagew) values (?,?,?,?,?,?,?,?,?,?,?,?)
2026-09-09T11:35:43.279190699Z [inf]  Hibernate: insert into rnpc_psu_parts (brand,created_at,form_factor,image_file_name,model_name,modularity,notes,plus_rating,price,stocks,warranty_years,wattagew) values (?,?,?,?,?,?,?,?,?,?,?,?)
2026-09-09T11:35:43.279562595Z [inf]  Hibernate: insert into rnpc_psu_parts (brand,created_at,form_factor,image_file_name,model_name,modularity,notes,plus_rating,price,stocks,warranty_years,wattagew) values (?,?,?,?,?,?,?,?,?,?,?,?)
2026-09-09T11:35:43.279565905Z [inf]  Hibernate: insert into rnpc_psu_parts (brand,created_at,form_factor,image_file_name,model_name,modularity,notes,plus_rating,price,stocks,warranty_years,wattagew) values (?,?,?,?,?,?,?,?,?,?,?,?)
2026-09-09T11:35:43.279568735Z [inf]  Hibernate: insert into rnpc_psu_parts (brand,created_at,form_factor,image_file_name,model_name,modularity,notes,plus_rating,price,stocks,warranty_years,wattagew) values (?,?,?,?,?,?,?,?,?,?,?,?)
2026-09-09T11:35:43.279571675Z [inf]  Hibernate: insert into rnpc_psu_parts (brand,created_at,form_factor,image_file_name,model_name,modularity,notes,plus_rating,price,stocks,warranty_years,wattagew) values (?,?,?,?,?,?,?,?,?,?,?,?)
2026-09-09T11:35:43.279574465Z [inf]  Hibernate: insert into rnpc_psu_parts (brand,created_at,form_factor,image_file_name,model_name,modularity,notes,plus_rating,price,stocks,warranty_years,wattagew) values (?,?,?,?,?,?,?,?,?,?,?,?)
2026-09-09T11:35:43.279922501Z [inf]  Hibernate: insert into rnpc_psu_parts (brand,created_at,form_factor,image_file_name,model_name,modularity,notes,plus_rating,price,stocks,warranty_years,wattagew) values (?,?,?,?,?,?,?,?,?,?,?,?)
2026-09-09T11:35:43.279926071Z [inf]  Hibernate: insert into rnpc_psu_parts (brand,created_at,form_factor,image_file_name,model_name,modularity,notes,plus_rating,price,stocks,warranty_years,wattagew) values (?,?,?,?,?,?,?,?,?,?,?,?)
2026-09-09T11:35:43.280383758Z [inf]  Hibernate: insert into rnpc_psu_parts (brand,created_at,form_factor,image_file_name,model_name,modularity,notes,plus_rating,price,stocks,warranty_years,wattagew) values (?,?,?,?,?,?,?,?,?,?,?,?)
2026-09-09T11:35:43.280844633Z [inf]  Hibernate: insert into rnpc_psu_parts (brand,created_at,form_factor,image_file_name,model_name,modularity,notes,plus_rating,price,stocks,warranty_years,wattagew) values (?,?,?,?,?,?,?,?,?,?,?,?)
2026-09-09T11:35:43.280848373Z [inf]  Hibernate: insert into rnpc_psu_parts (brand,created_at,form_factor,image_file_name,model_name,modularity,notes,plus_rating,price,stocks,warranty_years,wattagew) values (?,?,?,?,?,?,?,?,?,?,?,?)
2026-09-09T11:35:43.281323238Z [inf]  Hibernate: insert into rnpc_psu_parts (brand,created_at,form_factor,image_file_name,model_name,modularity,notes,plus_rating,price,stocks,warranty_years,wattagew) values (?,?,?,?,?,?,?,?,?,?,?,?)
2026-09-09T11:35:43.281903573Z [inf]  Hibernate: insert into rnpc_psu_parts (brand,created_at,form_factor,image_file_name,model_name,modularity,notes,plus_rating,price,stocks,warranty_years,wattagew) values (?,?,?,?,?,?,?,?,?,?,?,?)
2026-09-09T11:35:43.281909343Z [inf]  Hibernate: insert into rnpc_psu_parts (brand,created_at,form_factor,image_file_name,model_name,modularity,notes,plus_rating,price,stocks,warranty_years,wattagew) values (?,?,?,?,?,?,?,?,?,?,?,?)
2026-09-09T11:35:43.282201830Z [inf]  Hibernate: insert into rnpc_psu_parts (brand,created_at,form_factor,image_file_name,model_name,modularity,notes,plus_rating,price,stocks,warranty_years,wattagew) values (?,?,?,?,?,?,?,?,?,?,?,?)
2026-09-09T11:35:43.282641076Z [inf]  Hibernate: insert into rnpc_psu_parts (brand,created_at,form_factor,image_file_name,model_name,modularity,notes,plus_rating,price,stocks,warranty_years,wattagew) values (?,?,?,?,?,?,?,?,?,?,?,?)
2026-09-09T11:35:43.283042273Z [inf]  Hibernate: insert into rnpc_psu_parts (brand,created_at,form_factor,image_file_name,model_name,modularity,notes,plus_rating,price,stocks,warranty_years,wattagew) values (?,?,?,?,?,?,?,?,?,?,?,?)
2026-09-09T11:35:43.283809035Z [inf]  Hibernate: insert into rnpc_psu_parts (brand,created_at,form_factor,image_file_name,model_name,modularity,notes,plus_rating,price,stocks,warranty_years,wattagew) values (?,?,?,?,?,?,?,?,?,?,?,?)
2026-09-09T11:35:43.283813145Z [inf]  Hibernate: insert into rnpc_psu_parts (brand,created_at,form_factor,image_file_name,model_name,modularity,notes,plus_rating,price,stocks,warranty_years,wattagew) values (?,?,?,?,?,?,?,?,?,?,?,?)
2026-09-09T11:35:43.284221872Z [inf]  Hibernate: insert into rnpc_psu_parts (brand,created_at,form_factor,image_file_name,model_name,modularity,notes,plus_rating,price,stocks,warranty_years,wattagew) values (?,?,?,?,?,?,?,?,?,?,?,?)
2026-09-09T11:35:43.284694447Z [inf]  Hibernate: insert into rnpc_psu_parts (brand,created_at,form_factor,image_file_name,model_name,modularity,notes,plus_rating,price,stocks,warranty_years,wattagew) values (?,?,?,?,?,?,?,?,?,?,?,?)
2026-09-09T11:35:43.284698127Z [inf]  Hibernate: insert into rnpc_psu_parts (brand,created_at,form_factor,image_file_name,model_name,modularity,notes,plus_rating,price,stocks,warranty_years,wattagew) values (?,?,?,?,?,?,?,?,?,?,?,?)
2026-09-09T11:35:43.285119003Z [inf]  Hibernate: insert into rnpc_psu_parts (brand,created_at,form_factor,image_file_name,model_name,modularity,notes,plus_rating,price,stocks,warranty_years,wattagew) values (?,?,?,?,?,?,?,?,?,?,?,?)
2026-09-09T11:35:43.285645199Z [inf]  Hibernate: insert into rnpc_psu_parts (brand,created_at,form_factor,image_file_name,model_name,modularity,notes,plus_rating,price,stocks,warranty_years,wattagew) values (?,?,?,?,?,?,?,?,?,?,?,?)
2026-09-09T11:35:43.285651249Z [inf]  Hibernate: insert into rnpc_psu_parts (brand,created_at,form_factor,image_file_name,model_name,modularity,notes,plus_rating,price,stocks,warranty_years,wattagew) values (?,?,?,?,?,?,?,?,?,?,?,?)
2026-09-09T11:35:43.286261403Z [inf]  Hibernate: insert into rnpc_psu_parts (brand,created_at,form_factor,image_file_name,model_name,modularity,notes,plus_rating,price,stocks,warranty_years,wattagew) values (?,?,?,?,?,?,?,?,?,?,?,?)
2026-09-09T11:35:43.286265703Z [inf]  Hibernate: insert into rnpc_psu_parts (brand,created_at,form_factor,image_file_name,model_name,modularity,notes,plus_rating,price,stocks,warranty_years,wattagew) values (?,?,?,?,?,?,?,?,?,?,?,?)
2026-09-09T11:35:43.287294943Z [inf]  Hibernate: insert into rnpc_psu_parts (brand,created_at,form_factor,image_file_name,model_name,modularity,notes,plus_rating,price,stocks,warranty_years,wattagew) values (?,?,?,?,?,?,?,?,?,?,?,?)
2026-09-09T11:35:43.287302183Z [inf]  Hibernate: insert into rnpc_psu_parts (brand,created_at,form_factor,image_file_name,model_name,modularity,notes,plus_rating,price,stocks,warranty_years,wattagew) values (?,?,?,?,?,?,?,?,?,?,?,?)
2026-09-09T11:35:43.287306723Z [inf]  Hibernate: insert into rnpc_psu_parts (brand,created_at,form_factor,image_file_name,model_name,modularity,notes,plus_rating,price,stocks,warranty_years,wattagew) values (?,?,?,?,?,?,?,?,?,?,?,?)
2026-09-09T11:35:43.287748949Z [inf]  Hibernate: insert into rnpc_psu_parts (brand,created_at,form_factor,image_file_name,model_name,modularity,notes,plus_rating,price,stocks,warranty_years,wattagew) values (?,?,?,?,?,?,?,?,?,?,?,?)
2026-09-09T11:35:43.287756219Z [inf]  Hibernate: insert into rnpc_psu_parts (brand,created_at,form_factor,image_file_name,model_name,modularity,notes,plus_rating,price,stocks,warranty_years,wattagew) values (?,?,?,?,?,?,?,?,?,?,?,?)
2026-09-09T11:35:43.288171286Z [inf]  Hibernate: insert into rnpc_psu_parts (brand,created_at,form_factor,image_file_name,model_name,modularity,notes,plus_rating,price,stocks,warranty_years,wattagew) values (?,?,?,?,?,?,?,?,?,?,?,?)
2026-09-09T11:35:43.288174156Z [inf]  Hibernate: insert into rnpc_psu_parts (brand,created_at,form_factor,image_file_name,model_name,modularity,notes,plus_rating,price,stocks,warranty_years,wattagew) values (?,?,?,?,?,?,?,?,?,?,?,?)
2026-09-09T11:35:43.288623011Z [inf]  Hibernate: insert into rnpc_psu_parts (brand,created_at,form_factor,image_file_name,model_name,modularity,notes,plus_rating,price,stocks,warranty_years,wattagew) values (?,?,?,?,?,?,?,?,?,?,?,?)
2026-09-09T11:35:43.289470554Z [inf]  Hibernate: insert into rnpc_psu_parts (brand,created_at,form_factor,image_file_name,model_name,modularity,notes,plus_rating,price,stocks,warranty_years,wattagew) values (?,?,?,?,?,?,?,?,?,?,?,?)
2026-09-09T11:35:43.290465644Z [inf]  Hibernate: insert into rnpc_psu_parts (brand,created_at,form_factor,image_file_name,model_name,modularity,notes,plus_rating,price,stocks,warranty_years,wattagew) values (?,?,?,?,?,?,?,?,?,?,?,?)
2026-09-09T11:35:43.290469174Z [inf]  Hibernate: insert into rnpc_psu_parts (brand,created_at,form_factor,image_file_name,model_name,modularity,notes,plus_rating,price,stocks,warranty_years,wattagew) values (?,?,?,?,?,?,?,?,?,?,?,?)
2026-09-09T11:35:43.290912400Z [inf]  Hibernate: insert into rnpc_psu_parts (brand,created_at,form_factor,image_file_name,model_name,modularity,notes,plus_rating,price,stocks,warranty_years,wattagew) values (?,?,?,?,?,?,?,?,?,?,?,?)
2026-09-09T11:35:43.290916010Z [inf]  Hibernate: insert into rnpc_psu_parts (brand,created_at,form_factor,image_file_name,model_name,modularity,notes,plus_rating,price,stocks,warranty_years,wattagew) values (?,?,?,?,?,?,?,?,?,?,?,?)
2026-09-09T11:35:43.291290366Z [inf]  Hibernate: insert into rnpc_psu_parts (brand,created_at,form_factor,image_file_name,model_name,modularity,notes,plus_rating,price,stocks,warranty_years,wattagew) values (?,?,?,?,?,?,?,?,?,?,?,?)
2026-09-09T11:35:43.291848721Z [inf]  Hibernate: insert into rnpc_psu_parts (brand,created_at,form_factor,image_file_name,model_name,modularity,notes,plus_rating,price,stocks,warranty_years,wattagew) values (?,?,?,?,?,?,?,?,?,?,?,?)
2026-09-09T11:35:43.291851951Z [inf]  Hibernate: insert into rnpc_psu_parts (brand,created_at,form_factor,image_file_name,model_name,modularity,notes,plus_rating,price,stocks,warranty_years,wattagew) values (?,?,?,?,?,?,?,?,?,?,?,?)
2026-09-09T11:35:43.292835192Z [inf]  Hibernate: insert into rnpc_psu_parts (brand,created_at,form_factor,image_file_name,model_name,modularity,notes,plus_rating,price,stocks,warranty_years,wattagew) values (?,?,?,?,?,?,?,?,?,?,?,?)
2026-09-09T11:35:43.297791646Z [inf]  Hibernate: insert into rnpc_psu_parts (brand,created_at,form_factor,image_file_name,model_name,modularity,notes,plus_rating,price,stocks,warranty_years,wattagew) values (?,?,?,?,?,?,?,?,?,?,?,?)
2026-09-09T11:35:43.314066806Z [inf]  Hibernate: select count(*) from rnpc_case_parts cp1_0
2026-09-09T11:35:43.318287917Z [inf]  Hibernate: insert into rnpc_case_parts (brand,created_at,image_file_name,max_gpu_length_mm,model_name,motherboard_support,price,stocks,tower_class) values (?,?,?,?,?,?,?,?,?)
2026-09-09T11:35:43.318601864Z [inf]  Hibernate: insert into rnpc_case_parts (brand,created_at,image_file_name,max_gpu_length_mm,model_name,motherboard_support,price,stocks,tower_class) values (?,?,?,?,?,?,?,?,?)
2026-09-09T11:35:43.319047539Z [inf]  Hibernate: insert into rnpc_case_parts (brand,created_at,image_file_name,max_gpu_length_mm,model_name,motherboard_support,price,stocks,tower_class) values (?,?,?,?,?,?,?,?,?)
2026-09-09T11:35:43.319604345Z [inf]  Hibernate: insert into rnpc_case_parts (brand,created_at,image_file_name,max_gpu_length_mm,model_name,motherboard_support,price,stocks,tower_class) values (?,?,?,?,?,?,?,?,?)
2026-09-09T11:35:43.319607305Z [inf]  Hibernate: insert into rnpc_case_parts (brand,created_at,image_file_name,max_gpu_length_mm,model_name,motherboard_support,price,stocks,tower_class) values (?,?,?,?,?,?,?,?,?)
2026-09-09T11:35:43.320007781Z [inf]  Hibernate: insert into rnpc_case_parts (brand,created_at,image_file_name,max_gpu_length_mm,model_name,motherboard_support,price,stocks,tower_class) values (?,?,?,?,?,?,?,?,?)
2026-09-09T11:35:43.321020232Z [inf]  Hibernate: insert into rnpc_case_parts (brand,created_at,image_file_name,max_gpu_length_mm,model_name,motherboard_support,price,stocks,tower_class) values (?,?,?,?,?,?,?,?,?)
2026-09-09T11:35:43.321024052Z [inf]  Hibernate: insert into rnpc_case_parts (brand,created_at,image_file_name,max_gpu_length_mm,model_name,motherboard_support,price,stocks,tower_class) values (?,?,?,?,?,?,?,?,?)
2026-09-09T11:35:43.321026882Z [inf]  Hibernate: insert into rnpc_case_parts (brand,created_at,image_file_name,max_gpu_length_mm,model_name,motherboard_support,price,stocks,tower_class) values (?,?,?,?,?,?,?,?,?)
2026-09-09T11:35:43.321460437Z [inf]  Hibernate: insert into rnpc_case_parts (brand,created_at,image_file_name,max_gpu_length_mm,model_name,motherboard_support,price,stocks,tower_class) values (?,?,?,?,?,?,?,?,?)
2026-09-09T11:35:43.321909364Z [inf]  Hibernate: insert into rnpc_case_parts (brand,created_at,image_file_name,max_gpu_length_mm,model_name,motherboard_support,price,stocks,tower_class) values (?,?,?,?,?,?,?,?,?)
2026-09-09T11:35:43.321912624Z [inf]  Hibernate: insert into rnpc_case_parts (brand,created_at,image_file_name,max_gpu_length_mm,model_name,motherboard_support,price,stocks,tower_class) values (?,?,?,?,?,?,?,?,?)
2026-09-09T11:35:43.322372869Z [inf]  Hibernate: insert into rnpc_case_parts (brand,created_at,image_file_name,max_gpu_length_mm,model_name,motherboard_support,price,stocks,tower_class) values (?,?,?,?,?,?,?,?,?)
2026-09-09T11:35:43.322886284Z [inf]  Hibernate: insert into rnpc_case_parts (brand,created_at,image_file_name,max_gpu_length_mm,model_name,motherboard_support,price,stocks,tower_class) values (?,?,?,?,?,?,?,?,?)
2026-09-09T11:35:43.322889494Z [inf]  Hibernate: insert into rnpc_case_parts (brand,created_at,image_file_name,max_gpu_length_mm,model_name,motherboard_support,price,stocks,tower_class) values (?,?,?,?,?,?,?,?,?)
2026-09-09T11:35:43.323307871Z [inf]  Hibernate: insert into rnpc_case_parts (brand,created_at,image_file_name,max_gpu_length_mm,model_name,motherboard_support,price,stocks,tower_class) values (?,?,?,?,?,?,?,?,?)
2026-09-09T11:35:43.323311341Z [inf]  Hibernate: insert into rnpc_case_parts (brand,created_at,image_file_name,max_gpu_length_mm,model_name,motherboard_support,price,stocks,tower_class) values (?,?,?,?,?,?,?,?,?)
2026-09-09T11:35:43.323743506Z [inf]  Hibernate: insert into rnpc_case_parts (brand,created_at,image_file_name,max_gpu_length_mm,model_name,motherboard_support,price,stocks,tower_class) values (?,?,?,?,?,?,?,?,?)
2026-09-09T11:35:43.325384111Z [inf]  Hibernate: insert into rnpc_case_parts (brand,created_at,image_file_name,max_gpu_length_mm,model_name,motherboard_support,price,stocks,tower_class) values (?,?,?,?,?,?,?,?,?)
2026-09-09T11:35:43.325387541Z [inf]  Hibernate: insert into rnpc_case_parts (brand,created_at,image_file_name,max_gpu_length_mm,model_name,motherboard_support,price,stocks,tower_class) values (?,?,?,?,?,?,?,?,?)
2026-09-09T11:35:43.325390351Z [inf]  Hibernate: insert into rnpc_case_parts (brand,created_at,image_file_name,max_gpu_length_mm,model_name,motherboard_support,price,stocks,tower_class) values (?,?,?,?,?,?,?,?,?)
2026-09-09T11:35:43.325393191Z [inf]  Hibernate: insert into rnpc_case_parts (brand,created_at,image_file_name,max_gpu_length_mm,model_name,motherboard_support,price,stocks,tower_class) values (?,?,?,?,?,?,?,?,?)
2026-09-09T11:35:43.325739867Z [inf]  Hibernate: insert into rnpc_case_parts (brand,created_at,image_file_name,max_gpu_length_mm,model_name,motherboard_support,price,stocks,tower_class) values (?,?,?,?,?,?,?,?,?)
2026-09-09T11:35:43.326157134Z [inf]  Hibernate: insert into rnpc_case_parts (brand,created_at,image_file_name,max_gpu_length_mm,model_name,motherboard_support,price,stocks,tower_class) values (?,?,?,?,?,?,?,?,?)
2026-09-09T11:35:43.326163194Z [inf]  Hibernate: insert into rnpc_case_parts (brand,created_at,image_file_name,max_gpu_length_mm,model_name,motherboard_support,price,stocks,tower_class) values (?,?,?,?,?,?,?,?,?)
2026-09-09T11:35:43.326732548Z [inf]  Hibernate: insert into rnpc_case_parts (brand,created_at,image_file_name,max_gpu_length_mm,model_name,motherboard_support,price,stocks,tower_class) values (?,?,?,?,?,?,?,?,?)
2026-09-09T11:35:43.326736168Z [inf]  Hibernate: insert into rnpc_case_parts (brand,created_at,image_file_name,max_gpu_length_mm,model_name,motherboard_support,price,stocks,tower_class) values (?,?,?,?,?,?,?,?,?)
2026-09-09T11:35:43.327436102Z [inf]  Hibernate: insert into rnpc_case_parts (brand,created_at,image_file_name,max_gpu_length_mm,model_name,motherboard_support,price,stocks,tower_class) values (?,?,?,?,?,?,?,?,?)
2026-09-09T11:35:43.327439382Z [inf]  Hibernate: insert into rnpc_case_parts (brand,created_at,image_file_name,max_gpu_length_mm,model_name,motherboard_support,price,stocks,tower_class) values (?,?,?,?,?,?,?,?,?)
2026-09-09T11:35:43.327796319Z [inf]  Hibernate: insert into rnpc_case_parts (brand,created_at,image_file_name,max_gpu_length_mm,model_name,motherboard_support,price,stocks,tower_class) values (?,?,?,?,?,?,?,?,?)
2026-09-09T11:35:43.328317904Z [inf]  Hibernate: insert into rnpc_case_parts (brand,created_at,image_file_name,max_gpu_length_mm,model_name,motherboard_support,price,stocks,tower_class) values (?,?,?,?,?,?,?,?,?)
2026-09-09T11:35:43.328320924Z [inf]  Hibernate: insert into rnpc_case_parts (brand,created_at,image_file_name,max_gpu_length_mm,model_name,motherboard_support,price,stocks,tower_class) values (?,?,?,?,?,?,?,?,?)
2026-09-09T11:35:43.328731180Z [inf]  Hibernate: insert into rnpc_case_parts (brand,created_at,image_file_name,max_gpu_length_mm,model_name,motherboard_support,price,stocks,tower_class) values (?,?,?,?,?,?,?,?,?)
2026-09-09T11:35:43.328733820Z [inf]  Hibernate: insert into rnpc_case_parts (brand,created_at,image_file_name,max_gpu_length_mm,model_name,motherboard_support,price,stocks,tower_class) values (?,?,?,?,?,?,?,?,?)
2026-09-09T11:35:43.329175566Z [inf]  Hibernate: insert into rnpc_case_parts (brand,created_at,image_file_name,max_gpu_length_mm,model_name,motherboard_support,price,stocks,tower_class) values (?,?,?,?,?,?,?,?,?)
2026-09-09T11:35:43.329689522Z [inf]  Hibernate: insert into rnpc_case_parts (brand,created_at,image_file_name,max_gpu_length_mm,model_name,motherboard_support,price,stocks,tower_class) values (?,?,?,?,?,?,?,?,?)
2026-09-09T11:35:43.329693332Z [inf]  Hibernate: insert into rnpc_case_parts (brand,created_at,image_file_name,max_gpu_length_mm,model_name,motherboard_support,price,stocks,tower_class) values (?,?,?,?,?,?,?,?,?)
2026-09-09T11:35:43.331093799Z [inf]  Hibernate: insert into rnpc_case_parts (brand,created_at,image_file_name,max_gpu_length_mm,model_name,motherboard_support,price,stocks,tower_class) values (?,?,?,?,?,?,?,?,?)
2026-09-09T11:35:43.331098289Z [inf]  Hibernate: insert into rnpc_case_parts (brand,created_at,image_file_name,max_gpu_length_mm,model_name,motherboard_support,price,stocks,tower_class) values (?,?,?,?,?,?,?,?,?)
2026-09-09T11:35:43.331101049Z [inf]  Hibernate: insert into rnpc_case_parts (brand,created_at,image_file_name,max_gpu_length_mm,model_name,motherboard_support,price,stocks,tower_class) values (?,?,?,?,?,?,?,?,?)
2026-09-09T11:35:43.331511115Z [inf]  Hibernate: insert into rnpc_case_parts (brand,created_at,image_file_name,max_gpu_length_mm,model_name,motherboard_support,price,stocks,tower_class) values (?,?,?,?,?,?,?,?,?)
2026-09-09T11:35:43.331514435Z [inf]  Hibernate: insert into rnpc_case_parts (brand,created_at,image_file_name,max_gpu_length_mm,model_name,motherboard_support,price,stocks,tower_class) values (?,?,?,?,?,?,?,?,?)
2026-09-09T11:35:43.331517155Z [inf]  Hibernate: insert into rnpc_case_parts (brand,created_at,image_file_name,max_gpu_length_mm,model_name,motherboard_support,price,stocks,tower_class) values (?,?,?,?,?,?,?,?,?)
2026-09-09T11:35:43.331521804Z [inf]  Hibernate: insert into rnpc_case_parts (brand,created_at,image_file_name,max_gpu_length_mm,model_name,motherboard_support,price,stocks,tower_class) values (?,?,?,?,?,?,?,?,?)
2026-09-09T11:35:43.332008380Z [inf]  Hibernate: insert into rnpc_case_parts (brand,created_at,image_file_name,max_gpu_length_mm,model_name,motherboard_support,price,stocks,tower_class) values (?,?,?,?,?,?,?,?,?)
2026-09-09T11:35:43.332010930Z [inf]  Hibernate: insert into rnpc_case_parts (brand,created_at,image_file_name,max_gpu_length_mm,model_name,motherboard_support,price,stocks,tower_class) values (?,?,?,?,?,?,?,?,?)
2026-09-09T11:35:43.332555075Z [inf]  Hibernate: insert into rnpc_case_parts (brand,created_at,image_file_name,max_gpu_length_mm,model_name,motherboard_support,price,stocks,tower_class) values (?,?,?,?,?,?,?,?,?)
2026-09-09T11:35:43.332558155Z [inf]  Hibernate: insert into rnpc_case_parts (brand,created_at,image_file_name,max_gpu_length_mm,model_name,motherboard_support,price,stocks,tower_class) values (?,?,?,?,?,?,?,?,?)
2026-09-09T11:35:43.332970181Z [inf]  Hibernate: insert into rnpc_case_parts (brand,created_at,image_file_name,max_gpu_length_mm,model_name,motherboard_support,price,stocks,tower_class) values (?,?,?,?,?,?,?,?,?)
2026-09-09T11:35:43.332972971Z [inf]  Hibernate: insert into rnpc_case_parts (brand,created_at,image_file_name,max_gpu_length_mm,model_name,motherboard_support,price,stocks,tower_class) values (?,?,?,?,?,?,?,?,?)
2026-09-09T11:35:43.334056541Z [inf]  Hibernate: insert into rnpc_case_parts (brand,created_at,image_file_name,max_gpu_length_mm,model_name,motherboard_support,price,stocks,tower_class) values (?,?,?,?,?,?,?,?,?)
2026-09-09T11:35:43.334059141Z [inf]  Hibernate: insert into rnpc_case_parts (brand,created_at,image_file_name,max_gpu_length_mm,model_name,motherboard_support,price,stocks,tower_class) values (?,?,?,?,?,?,?,?,?)
2026-09-09T11:35:43.334061501Z [inf]  Hibernate: insert into rnpc_case_parts (brand,created_at,image_file_name,max_gpu_length_mm,model_name,motherboard_support,price,stocks,tower_class) values (?,?,?,?,?,?,?,?,?)
2026-09-09T11:35:43.334063831Z [inf]  Hibernate: insert into rnpc_case_parts (brand,created_at,image_file_name,max_gpu_length_mm,model_name,motherboard_support,price,stocks,tower_class) values (?,?,?,?,?,?,?,?,?)
2026-09-09T11:35:43.334544106Z [inf]  Hibernate: insert into rnpc_case_parts (brand,created_at,image_file_name,max_gpu_length_mm,model_name,motherboard_support,price,stocks,tower_class) values (?,?,?,?,?,?,?,?,?)
2026-09-09T11:35:43.334547216Z [inf]  Hibernate: insert into rnpc_case_parts (brand,created_at,image_file_name,max_gpu_length_mm,model_name,motherboard_support,price,stocks,tower_class) values (?,?,?,?,?,?,?,?,?)
2026-09-09T11:35:43.334955453Z [inf]  Hibernate: insert into rnpc_case_parts (brand,created_at,image_file_name,max_gpu_length_mm,model_name,motherboard_support,price,stocks,tower_class) values (?,?,?,?,?,?,?,?,?)
2026-09-09T11:35:43.335548677Z [inf]  Hibernate: insert into rnpc_case_parts (brand,created_at,image_file_name,max_gpu_length_mm,model_name,motherboard_support,price,stocks,tower_class) values (?,?,?,?,?,?,?,?,?)
2026-09-09T11:35:43.335552097Z [inf]  Hibernate: insert into rnpc_case_parts (brand,created_at,image_file_name,max_gpu_length_mm,model_name,motherboard_support,price,stocks,tower_class) values (?,?,?,?,?,?,?,?,?)
2026-09-09T11:35:43.335893204Z [inf]  Hibernate: insert into rnpc_case_parts (brand,created_at,image_file_name,max_gpu_length_mm,model_name,motherboard_support,price,stocks,tower_class) values (?,?,?,?,?,?,?,?,?)
2026-09-09T11:35:43.336569328Z [inf]  Hibernate: insert into rnpc_case_parts (brand,created_at,image_file_name,max_gpu_length_mm,model_name,motherboard_support,price,stocks,tower_class) values (?,?,?,?,?,?,?,?,?)
2026-09-09T11:35:43.336571888Z [inf]  Hibernate: insert into rnpc_case_parts (brand,created_at,image_file_name,max_gpu_length_mm,model_name,motherboard_support,price,stocks,tower_class) values (?,?,?,?,?,?,?,?,?)
2026-09-09T11:35:43.336574138Z [inf]  Hibernate: insert into rnpc_case_parts (brand,created_at,image_file_name,max_gpu_length_mm,model_name,motherboard_support,price,stocks,tower_class) values (?,?,?,?,?,?,?,?,?)
2026-09-09T11:35:43.337307451Z [inf]  Hibernate: insert into rnpc_case_parts (brand,created_at,image_file_name,max_gpu_length_mm,model_name,motherboard_support,price,stocks,tower_class) values (?,?,?,?,?,?,?,?,?)
2026-09-09T11:35:43.337689238Z [inf]  Hibernate: insert into rnpc_case_parts (brand,created_at,image_file_name,max_gpu_length_mm,model_name,motherboard_support,price,stocks,tower_class) values (?,?,?,?,?,?,?,?,?)
2026-09-09T11:35:43.337693148Z [inf]  Hibernate: insert into rnpc_case_parts (brand,created_at,image_file_name,max_gpu_length_mm,model_name,motherboard_support,price,stocks,tower_class) values (?,?,?,?,?,?,?,?,?)
2026-09-09T11:35:43.346050690Z [inf]  Hibernate: select count(*) from rnpc_cooler_parts cp1_0
2026-09-09T11:35:43.350408100Z [inf]  Hibernate: insert into rnpc_cooler_parts (brand,created_at,image_file_name,model_name,notes,price,radiator_height,rgb,socket_support,stocks,type) values (?,?,?,?,?,?,?,?,?,?,?)
2026-09-09T11:35:43.350412799Z [inf]  Hibernate: insert into rnpc_cooler_parts (brand,created_at,image_file_name,model_name,notes,price,radiator_height,rgb,socket_support,stocks,type) values (?,?,?,?,?,?,?,?,?,?,?)
2026-09-09T11:35:43.350415549Z [inf]  Hibernate: insert into rnpc_cooler_parts (brand,created_at,image_file_name,model_name,notes,price,radiator_height,rgb,socket_support,stocks,type) values (?,?,?,?,?,?,?,?,?,?,?)
2026-09-09T11:35:43.350418469Z [inf]  Hibernate: insert into rnpc_cooler_parts (brand,created_at,image_file_name,model_name,notes,price,radiator_height,rgb,socket_support,stocks,type) values (?,?,?,?,?,?,?,?,?,?,?)
2026-09-09T11:35:43.350421159Z [inf]  Hibernate: insert into rnpc_cooler_parts (brand,created_at,image_file_name,model_name,notes,price,radiator_height,rgb,socket_support,stocks,type) values (?,?,?,?,?,?,?,?,?,?,?)
2026-09-09T11:35:43.350424299Z [inf]  Hibernate: insert into rnpc_cooler_parts (brand,created_at,image_file_name,model_name,notes,price,radiator_height,rgb,socket_support,stocks,type) values (?,?,?,?,?,?,?,?,?,?,?)
2026-09-09T11:35:43.350426649Z [inf]  Hibernate: insert into rnpc_cooler_parts (brand,created_at,image_file_name,model_name,notes,price,radiator_height,rgb,socket_support,stocks,type) values (?,?,?,?,?,?,?,?,?,?,?)
2026-09-09T11:35:43.350429729Z [inf]  Hibernate: insert into rnpc_cooler_parts (brand,created_at,image_file_name,model_name,notes,price,radiator_height,rgb,socket_support,stocks,type) values (?,?,?,?,?,?,?,?,?,?,?)
2026-09-09T11:35:43.350432139Z [inf]  Hibernate: insert into rnpc_cooler_parts (brand,created_at,image_file_name,model_name,notes,price,radiator_height,rgb,socket_support,stocks,type) values (?,?,?,?,?,?,?,?,?,?,?)
2026-09-09T11:35:43.351068384Z [inf]  Hibernate: insert into rnpc_cooler_parts (brand,created_at,image_file_name,model_name,notes,price,radiator_height,rgb,socket_support,stocks,type) values (?,?,?,?,?,?,?,?,?,?,?)
2026-09-09T11:35:43.351070414Z [inf]  Hibernate: insert into rnpc_cooler_parts (brand,created_at,image_file_name,model_name,notes,price,radiator_height,rgb,socket_support,stocks,type) values (?,?,?,?,?,?,?,?,?,?,?)
2026-09-09T11:35:43.351436620Z [inf]  Hibernate: insert into rnpc_cooler_parts (brand,created_at,image_file_name,model_name,notes,price,radiator_height,rgb,socket_support,stocks,type) values (?,?,?,?,?,?,?,?,?,?,?)
2026-09-09T11:35:43.351985816Z [inf]  Hibernate: insert into rnpc_cooler_parts (brand,created_at,image_file_name,model_name,notes,price,radiator_height,rgb,socket_support,stocks,type) values (?,?,?,?,?,?,?,?,?,?,?)
2026-09-09T11:35:43.352494021Z [inf]  Hibernate: insert into rnpc_cooler_parts (brand,created_at,image_file_name,model_name,notes,price,radiator_height,rgb,socket_support,stocks,type) values (?,?,?,?,?,?,?,?,?,?,?)
2026-09-09T11:35:43.352498051Z [inf]  Hibernate: insert into rnpc_cooler_parts (brand,created_at,image_file_name,model_name,notes,price,radiator_height,rgb,socket_support,stocks,type) values (?,?,?,?,?,?,?,?,?,?,?)
2026-09-09T11:35:43.353335054Z [inf]  Hibernate: insert into rnpc_cooler_parts (brand,created_at,image_file_name,model_name,notes,price,radiator_height,rgb,socket_support,stocks,type) values (?,?,?,?,?,?,?,?,?,?,?)
2026-09-09T11:35:43.353337854Z [inf]  Hibernate: insert into rnpc_cooler_parts (brand,created_at,image_file_name,model_name,notes,price,radiator_height,rgb,socket_support,stocks,type) values (?,?,?,?,?,?,?,?,?,?,?)
2026-09-09T11:35:43.353342443Z [inf]  Hibernate: insert into rnpc_cooler_parts (brand,created_at,image_file_name,model_name,notes,price,radiator_height,rgb,socket_support,stocks,type) values (?,?,?,?,?,?,?,?,?,?,?)
2026-09-09T11:35:43.353816229Z [inf]  Hibernate: insert into rnpc_cooler_parts (brand,created_at,image_file_name,model_name,notes,price,radiator_height,rgb,socket_support,stocks,type) values (?,?,?,?,?,?,?,?,?,?,?)
2026-09-09T11:35:43.354333884Z [inf]  Hibernate: insert into rnpc_cooler_parts (brand,created_at,image_file_name,model_name,notes,price,radiator_height,rgb,socket_support,stocks,type) values (?,?,?,?,?,?,?,?,?,?,?)
2026-09-09T11:35:43.354338093Z [inf]  Hibernate: insert into rnpc_cooler_parts (brand,created_at,image_file_name,model_name,notes,price,radiator_height,rgb,socket_support,stocks,type) values (?,?,?,?,?,?,?,?,?,?,?)
2026-09-09T11:35:43.354963988Z [inf]  Hibernate: insert into rnpc_cooler_parts (brand,created_at,image_file_name,model_name,notes,price,radiator_height,rgb,socket_support,stocks,type) values (?,?,?,?,?,?,?,?,?,?,?)
2026-09-09T11:35:43.354968538Z [inf]  Hibernate: insert into rnpc_cooler_parts (brand,created_at,image_file_name,model_name,notes,price,radiator_height,rgb,socket_support,stocks,type) values (?,?,?,?,?,?,?,?,?,?,?)
2026-09-09T11:35:43.355405054Z [inf]  Hibernate: insert into rnpc_cooler_parts (brand,created_at,image_file_name,model_name,notes,price,radiator_height,rgb,socket_support,stocks,type) values (?,?,?,?,?,?,?,?,?,?,?)
2026-09-09T11:35:43.355993739Z [inf]  Hibernate: insert into rnpc_cooler_parts (brand,created_at,image_file_name,model_name,notes,price,radiator_height,rgb,socket_support,stocks,type) values (?,?,?,?,?,?,?,?,?,?,?)
2026-09-09T11:35:43.355997539Z [inf]  Hibernate: insert into rnpc_cooler_parts (brand,created_at,image_file_name,model_name,notes,price,radiator_height,rgb,socket_support,stocks,type) values (?,?,?,?,?,?,?,?,?,?,?)
2026-09-09T11:35:43.356501504Z [inf]  Hibernate: insert into rnpc_cooler_parts (brand,created_at,image_file_name,model_name,notes,price,radiator_height,rgb,socket_support,stocks,type) values (?,?,?,?,?,?,?,?,?,?,?)
2026-09-09T11:35:43.356939059Z [inf]  Hibernate: insert into rnpc_cooler_parts (brand,created_at,image_file_name,model_name,notes,price,radiator_height,rgb,socket_support,stocks,type) values (?,?,?,?,?,?,?,?,?,?,?)
2026-09-09T11:35:43.356942139Z [inf]  Hibernate: insert into rnpc_cooler_parts (brand,created_at,image_file_name,model_name,notes,price,radiator_height,rgb,socket_support,stocks,type) values (?,?,?,?,?,?,?,?,?,?,?)
2026-09-09T11:35:43.357461725Z [inf]  Hibernate: insert into rnpc_cooler_parts (brand,created_at,image_file_name,model_name,notes,price,radiator_height,rgb,socket_support,stocks,type) values (?,?,?,?,?,?,?,?,?,?,?)
2026-09-09T11:35:43.357464385Z [inf]  Hibernate: insert into rnpc_cooler_parts (brand,created_at,image_file_name,model_name,notes,price,radiator_height,rgb,socket_support,stocks,type) values (?,?,?,?,?,?,?,?,?,?,?)
2026-09-09T11:35:43.357960860Z [inf]  Hibernate: insert into rnpc_cooler_parts (brand,created_at,image_file_name,model_name,notes,price,radiator_height,rgb,socket_support,stocks,type) values (?,?,?,?,?,?,?,?,?,?,?)
2026-09-09T11:35:43.358447416Z [inf]  Hibernate: insert into rnpc_cooler_parts (brand,created_at,image_file_name,model_name,notes,price,radiator_height,rgb,socket_support,stocks,type) values (?,?,?,?,?,?,?,?,?,?,?)
2026-09-09T11:35:43.358451366Z [inf]  Hibernate: insert into rnpc_cooler_parts (brand,created_at,image_file_name,model_name,notes,price,radiator_height,rgb,socket_support,stocks,type) values (?,?,?,?,?,?,?,?,?,?,?)