2026-09-09T11:11:34.346459138Z [inf]  	... 40 common frames omitted
2026-09-09T11:11:34.346464436Z [inf]  Caused by: com.mysql.cj.exceptions.CJCommunicationsException: Communications link failure
2026-09-09T11:11:34.346470332Z [inf]  
2026-09-09T11:11:34.346475935Z [inf]  The last packet sent successfully to the server was 0 milliseconds ago. The driver has not received any packets from the server.
2026-09-09T11:11:34.346481753Z [inf]  	at java.base/jdk.internal.reflect.DirectConstructorHandleAccessor.newInstance(DirectConstructorHandleAccessor.java:62) ~[na:na]
2026-09-09T11:11:34.346487587Z [inf]  	at java.base/java.lang.reflect.Constructor.newInstanceWithCaller(Constructor.java:502) ~[na:na]
2026-09-09T11:11:34.346493166Z [inf]  	at java.base/java.lang.reflect.Constructor.newInstance(Constructor.java:486) ~[na:na]
2026-09-09T11:11:34.346498861Z [inf]  	at com.mysql.cj.exceptions.ExceptionFactory.createException(ExceptionFactory.java:61) ~[mysql-connector-j-8.3.0.jar!/:8.3.0]
2026-09-09T11:11:34.346504325Z [inf]  	at com.mysql.cj.exceptions.ExceptionFactory.createException(ExceptionFactory.java:104) ~[mysql-connector-j-8.3.0.jar!/:8.3.0]
2026-09-09T11:11:34.346510549Z [inf]  	at com.mysql.cj.exceptions.ExceptionFactory.createException(ExceptionFactory.java:149) ~[mysql-connector-j-8.3.0.jar!/:8.3.0]
2026-09-09T11:11:34.346515855Z [inf]  	at com.mysql.cj.exceptions.ExceptionFactory.createCommunicationsException(ExceptionFactory.java:165) ~[mysql-connector-j-8.3.0.jar!/:8.3.0]
2026-09-09T11:11:34.346523010Z [inf]  	at com.mysql.cj.protocol.a.NativeSocketConnection.connect(NativeSocketConnection.java:88) ~[mysql-connector-j-8.3.0.jar!/:8.3.0]
2026-09-09T11:11:34.346529532Z [inf]  	at com.mysql.cj.NativeSession.connect(NativeSession.java:120) ~[mysql-connector-j-8.3.0.jar!/:8.3.0]
2026-09-09T11:11:34.348860050Z [inf]  	at com.mysql.cj.jdbc.ConnectionImpl.connectOneTryOnly(ConnectionImpl.java:935) ~[mysql-connector-j-8.3.0.jar!/:8.3.0]
2026-09-09T11:11:34.348870165Z [inf]  	at com.mysql.cj.jdbc.ConnectionImpl.createNewIO(ConnectionImpl.java:805) ~[mysql-connector-j-8.3.0.jar!/:8.3.0]
2026-09-09T11:11:34.348875762Z [inf]  	... 53 common frames omitted
2026-09-09T11:11:34.348881453Z [inf]  Caused by: java.net.ConnectException: Connection refused
2026-09-09T11:11:34.348888201Z [inf]  	at java.base/sun.nio.ch.Net.pollConnect(Native Method) ~[na:na]
2026-09-09T11:11:34.348894760Z [inf]  	at java.base/sun.nio.ch.Net.pollConnectNow(Net.java:682) ~[na:na]
2026-09-09T11:11:34.348901238Z [inf]  	at java.base/sun.nio.ch.NioSocketImpl.timedFinishConnect(NioSocketImpl.java:542) ~[na:na]
2026-09-09T11:11:34.348909135Z [inf]  	at java.base/sun.nio.ch.NioSocketImpl.connect(NioSocketImpl.java:592) ~[na:na]
2026-09-09T11:11:34.348914814Z [inf]  	at java.base/java.net.SocksSocketImpl.connect(SocksSocketImpl.java:327) ~[na:na]
2026-09-09T11:11:34.348920514Z [inf]  	at java.base/java.net.Socket.connect(Socket.java:751) ~[na:na]
2026-09-09T11:11:34.348928000Z [inf]  	at com.mysql.cj.protocol.StandardSocketFactory.connect(StandardSocketFactory.java:153) ~[mysql-connector-j-8.3.0.jar!/:8.3.0]
2026-09-09T11:11:34.348934327Z [inf]  	at com.mysql.cj.protocol.a.NativeSocketConnection.connect(NativeSocketConnection.java:62) ~[mysql-connector-j-8.3.0.jar!/:8.3.0]
2026-09-09T11:11:34.348940286Z [inf]  	... 56 common frames omitted
2026-09-09T11:11:34.348946230Z [inf]  
2026-09-09T11:11:34.348952444Z [inf]  2026-09-09T11:11:34.275Z ERROR 1 --- [inventory] [           main] j.LocalContainerEntityManagerFactoryBean : Failed to initialize JPA EntityManagerFactory: Unable to create requested service [org.hibernate.engine.jdbc.env.spi.JdbcEnvironment] due to: Unable to determine Dialect without JDBC metadata (please set 'jakarta.persistence.jdbc.url' for common cases or 'hibernate.dialect' when a custom Dialect implementation must be provided)
2026-09-09T11:11:34.351419830Z [inf]  2026-09-09T11:11:34.276Z  WARN 1 --- [inventory] [           main] ConfigServletWebServerApplicationContext : Exception encountered during context initialization - cancelling refresh attempt: org.springframework.beans.factory.BeanCreationException: Error creating bean with name 'entityManagerFactory' defined in class path resource [org/springframework/boot/autoconfigure/orm/jpa/HibernateJpaConfiguration.class]: Unable to create requested service [org.hibernate.engine.jdbc.env.spi.JdbcEnvironment] due to: Unable to determine Dialect without JDBC metadata (please set 'jakarta.persistence.jdbc.url' for common cases or 'hibernate.dialect' when a custom Dialect implementation must be provided)
2026-09-09T11:11:34.351430542Z [inf]  2026-09-09T11:11:34.280Z  INFO 1 --- [inventory] [           main] o.apache.catalina.core.StandardService   : Stopping service [Tomcat]
2026-09-09T11:11:34.351436972Z [inf]  2026-09-09T11:11:34.294Z  INFO 1 --- [inventory] [           main] .s.b.a.l.ConditionEvaluationReportLogger : 
2026-09-09T11:11:34.351491333Z [inf]  
2026-09-09T11:11:34.351496219Z [inf]  Error starting ApplicationContext. To display the condition evaluation report re-run your application with 'debug' enabled.
2026-09-09T11:11:34.351501042Z [inf]  2026-09-09T11:11:34.319Z ERROR 1 --- [inventory] [           main] o.s.boot.SpringApplication               : Application run failed
2026-09-09T11:11:34.351505029Z [inf]  
2026-09-09T11:11:34.351509439Z [inf]  org.springframework.beans.factory.BeanCreationException: Error creating bean with name 'entityManagerFactory' defined in class path resource [org/springframework/boot/autoconfigure/orm/jpa/HibernateJpaConfiguration.class]: Unable to create requested service [org.hibernate.engine.jdbc.env.spi.JdbcEnvironment] due to: Unable to determine Dialect without JDBC metadata (please set 'jakarta.persistence.jdbc.url' for common cases or 'hibernate.dialect' when a custom Dialect implementation must be provided)
2026-09-09T11:11:34.353446690Z [inf]  	at org.springframework.beans.factory.support.AbstractAutowireCapableBeanFactory.initializeBean(AbstractAutowireCapableBeanFactory.java:1806) ~[spring-beans-6.1.19.jar!/:6.1.19]
2026-09-09T11:11:34.353469278Z [inf]  	at org.springframework.beans.factory.support.AbstractAutowireCapableBeanFactory.doCreateBean(AbstractAutowireCapableBeanFactory.java:600) ~[spring-beans-6.1.19.jar!/:6.1.19]
2026-09-09T11:11:34.353478337Z [inf]  	at org.springframework.beans.factory.support.AbstractAutowireCapableBeanFactory.createBean(AbstractAutowireCapableBeanFactory.java:522) ~[spring-beans-6.1.19.jar!/:6.1.19]
2026-09-09T11:11:34.353485673Z [inf]  	at org.springframework.beans.factory.support.AbstractBeanFactory.lambda$doGetBean$0(AbstractBeanFactory.java:337) ~[spring-beans-6.1.19.jar!/:6.1.19]
2026-09-09T11:11:34.353493367Z [inf]  	at org.springframework.beans.factory.support.DefaultSingletonBeanRegistry.getSingleton(DefaultSingletonBeanRegistry.java:234) ~[spring-beans-6.1.19.jar!/:6.1.19]
2026-09-09T11:11:34.353506912Z [inf]  	at org.springframework.beans.factory.support.AbstractBeanFactory.doGetBean(AbstractBeanFactory.java:335) ~[spring-beans-6.1.19.jar!/:6.1.19]
2026-09-09T11:11:34.353516552Z [inf]  	at org.springframework.beans.factory.support.AbstractBeanFactory.getBean(AbstractBeanFactory.java:205) ~[spring-beans-6.1.19.jar!/:6.1.19]
2026-09-09T11:11:34.353523796Z [inf]  	at org.springframework.context.support.AbstractApplicationContext.finishBeanFactoryInitialization(AbstractApplicationContext.java:954) ~[spring-context-6.1.19.jar!/:6.1.19]
2026-09-09T11:11:34.353530929Z [inf]  	at org.springframework.context.support.AbstractApplicationContext.refresh(AbstractApplicationContext.java:625) ~[spring-context-6.1.19.jar!/:6.1.19]
2026-09-09T11:11:34.353538830Z [inf]  	at org.springframework.boot.web.servlet.context.ServletWebServerApplicationContext.refresh(ServletWebServerApplicationContext.java:146) ~[spring-boot-3.3.11.jar!/:3.3.11]
2026-09-09T11:11:34.360869843Z [inf]  	at org.springframework.boot.SpringApplication.refresh(SpringApplication.java:755) ~[spring-boot-3.3.11.jar!/:3.3.11]
2026-09-09T11:11:34.360879705Z [inf]  	at org.springframework.boot.SpringApplication.refreshContext(SpringApplication.java:456) ~[spring-boot-3.3.11.jar!/:3.3.11]
2026-09-09T11:11:34.360886497Z [inf]  	at org.springframework.boot.SpringApplication.run(SpringApplication.java:335) ~[spring-boot-3.3.11.jar!/:3.3.11]
2026-09-09T11:11:34.360893039Z [inf]  	at org.springframework.boot.SpringApplication.run(SpringApplication.java:1364) ~[spring-boot-3.3.11.jar!/:3.3.11]
2026-09-09T11:11:34.360899787Z [inf]  	at org.springframework.boot.SpringApplication.run(SpringApplication.java:1353) ~[spring-boot-3.3.11.jar!/:3.3.11]
2026-09-09T11:11:34.360907446Z [inf]  	at com.rnpc.inventory.InventoryApplication.main(InventoryApplication.java:11) ~[!/:0.0.1-SNAPSHOT]
2026-09-09T11:11:34.360913275Z [inf]  	at java.base/jdk.internal.reflect.DirectMethodHandleAccessor.invoke(DirectMethodHandleAccessor.java:103) ~[na:na]
2026-09-09T11:11:34.360952761Z [inf]  	at java.base/java.lang.reflect.Method.invoke(Method.java:580) ~[na:na]
2026-09-09T11:11:34.360988274Z [inf]  	at org.springframework.boot.loader.launch.Launcher.launch(Launcher.java:102) ~[inventory-0.0.1-SNAPSHOT.jar:0.0.1-SNAPSHOT]
2026-09-09T11:11:34.360995481Z [inf]  	at org.springframework.boot.loader.launch.Launcher.launch(Launcher.java:64) ~[inventory-0.0.1-SNAPSHOT.jar:0.0.1-SNAPSHOT]
2026-09-09T11:11:34.361003406Z [inf]  	at org.springframework.boot.loader.launch.JarLauncher.main(JarLauncher.java:40) ~[inventory-0.0.1-SNAPSHOT.jar:0.0.1-SNAPSHOT]
2026-09-09T11:11:34.361009702Z [inf]  Caused by: org.hibernate.service.spi.ServiceException: Unable to create requested service [org.hibernate.engine.jdbc.env.spi.JdbcEnvironment] due to: Unable to determine Dialect without JDBC metadata (please set 'jakarta.persistence.jdbc.url' for common cases or 'hibernate.dialect' when a custom Dialect implementation must be provided)
2026-09-09T11:11:34.361539825Z [inf]  	at org.hibernate.service.internal.AbstractServiceRegistryImpl.createService(AbstractServiceRegistryImpl.java:276) ~[hibernate-core-6.5.3.Final.jar!/:6.5.3.Final]
2026-09-09T11:11:34.361555124Z [inf]  	at org.hibernate.service.internal.AbstractServiceRegistryImpl.initializeService(AbstractServiceRegistryImpl.java:238) ~[hibernate-core-6.5.3.Final.jar!/:6.5.3.Final]
2026-09-09T11:11:34.361585294Z [inf]  	at org.hibernate.service.internal.AbstractServiceRegistryImpl.getService(AbstractServiceRegistryImpl.java:215) ~[hibernate-core-6.5.3.Final.jar!/:6.5.3.Final]
2026-09-09T11:11:34.361593622Z [inf]  	at org.hibernate.boot.model.relational.Database.<init>(Database.java:45) ~[hibernate-core-6.5.3.Final.jar!/:6.5.3.Final]
2026-09-09T11:11:34.361599776Z [inf]  	at org.hibernate.boot.internal.InFlightMetadataCollectorImpl.getDatabase(InFlightMetadataCollectorImpl.java:221) ~[hibernate-core-6.5.3.Final.jar!/:6.5.3.Final]
2026-09-09T11:11:34.361606020Z [inf]  	at org.hibernate.boot.internal.InFlightMetadataCollectorImpl.<init>(InFlightMetadataCollectorImpl.java:189) ~[hibernate-core-6.5.3.Final.jar!/:6.5.3.Final]
2026-09-09T11:11:34.361612360Z [inf]  	at org.hibernate.boot.model.process.spi.MetadataBuildingProcess.complete(MetadataBuildingProcess.java:171) ~[hibernate-core-6.5.3.Final.jar!/:6.5.3.Final]
2026-09-09T11:11:34.361618299Z [inf]  	at org.hibernate.jpa.boot.internal.EntityManagerFactoryBuilderImpl.metadata(EntityManagerFactoryBuilderImpl.java:1431) ~[hibernate-core-6.5.3.Final.jar!/:6.5.3.Final]
2026-09-09T11:11:34.361626901Z [inf]  	at org.hibernate.jpa.boot.internal.EntityManagerFactoryBuilderImpl.build(EntityManagerFactoryBuilderImpl.java:1502) ~[hibernate-core-6.5.3.Final.jar!/:6.5.3.Final]
2026-09-09T11:11:34.361634545Z [inf]  	at org.springframework.orm.jpa.vendor.SpringHibernateJpaPersistenceProvider.createContainerEntityManagerFactory(SpringHibernateJpaPersistenceProvider.java:75) ~[spring-orm-6.1.19.jar!/:6.1.19]
2026-09-09T11:11:34.363371815Z [inf]  	at org.springframework.orm.jpa.LocalContainerEntityManagerFactoryBean.createNativeEntityManagerFactory(LocalContainerEntityManagerFactoryBean.java:390) ~[spring-orm-6.1.19.jar!/:6.1.19]
2026-09-09T11:11:34.363382249Z [inf]  	at org.springframework.orm.jpa.AbstractEntityManagerFactoryBean.buildNativeEntityManagerFactory(AbstractEntityManagerFactoryBean.java:409) ~[spring-orm-6.1.19.jar!/:6.1.19]
2026-09-09T11:11:34.363388020Z [inf]  	at org.springframework.orm.jpa.AbstractEntityManagerFactoryBean.afterPropertiesSet(AbstractEntityManagerFactoryBean.java:396) ~[spring-orm-6.1.19.jar!/:6.1.19]
2026-09-09T11:11:34.363394600Z [inf]  	at org.springframework.orm.jpa.LocalContainerEntityManagerFactoryBean.afterPropertiesSet(LocalContainerEntityManagerFactoryBean.java:366) ~[spring-orm-6.1.19.jar!/:6.1.19]
2026-09-09T11:11:34.363401178Z [inf]  	at org.springframework.beans.factory.support.AbstractAutowireCapableBeanFactory.invokeInitMethods(AbstractAutowireCapableBeanFactory.java:1853) ~[spring-beans-6.1.19.jar!/:6.1.19]
2026-09-09T11:11:34.363411568Z [inf]  	at org.springframework.beans.factory.support.AbstractAutowireCapableBeanFactory.initializeBean(AbstractAutowireCapableBeanFactory.java:1802) ~[spring-beans-6.1.19.jar!/:6.1.19]
2026-09-09T11:11:34.363417978Z [inf]  	... 20 common frames omitted
2026-09-09T11:11:34.363425698Z [inf]  Caused by: org.hibernate.HibernateException: Unable to determine Dialect without JDBC metadata (please set 'jakarta.persistence.jdbc.url' for common cases or 'hibernate.dialect' when a custom Dialect implementation must be provided)
2026-09-09T11:11:34.363433259Z [inf]  	at org.hibernate.engine.jdbc.dialect.internal.DialectFactoryImpl.determineDialect(DialectFactoryImpl.java:191) ~[hibernate-core-6.5.3.Final.jar!/:6.5.3.Final]
2026-09-09T11:11:34.363440579Z [inf]  	at org.hibernate.engine.jdbc.dialect.internal.DialectFactoryImpl.buildDialect(DialectFactoryImpl.java:87) ~[hibernate-core-6.5.3.Final.jar!/:6.5.3.Final]
2026-09-09T11:11:34.364702689Z [inf]  	at org.hibernate.engine.jdbc.env.internal.JdbcEnvironmentInitiator.getJdbcEnvironmentWithDefaults(JdbcEnvironmentInitiator.java:153) ~[hibernate-core-6.5.3.Final.jar!/:6.5.3.Final]
2026-09-09T11:11:34.364724393Z [inf]  	at org.hibernate.engine.jdbc.env.internal.JdbcEnvironmentInitiator.getJdbcEnvironmentUsingJdbcMetadata(JdbcEnvironmentInitiator.java:364) ~[hibernate-core-6.5.3.Final.jar!/:6.5.3.Final]
2026-09-09T11:11:34.364732471Z [inf]  	at org.hibernate.engine.jdbc.env.internal.JdbcEnvironmentInitiator.initiateService(JdbcEnvironmentInitiator.java:124) ~[hibernate-core-6.5.3.Final.jar!/:6.5.3.Final]
2026-09-09T11:11:34.364741044Z [inf]  	at org.hibernate.engine.jdbc.env.internal.JdbcEnvironmentInitiator.initiateService(JdbcEnvironmentInitiator.java:78) ~[hibernate-core-6.5.3.Final.jar!/:6.5.3.Final]
2026-09-09T11:11:34.364748364Z [inf]  	at org.hibernate.boot.registry.internal.StandardServiceRegistryImpl.initiateService(StandardServiceRegistryImpl.java:130) ~[hibernate-core-6.5.3.Final.jar!/:6.5.3.Final]
2026-09-09T11:11:34.364755879Z [inf]  	at org.hibernate.service.internal.AbstractServiceRegistryImpl.createService(AbstractServiceRegistryImpl.java:263) ~[hibernate-core-6.5.3.Final.jar!/:6.5.3.Final]
2026-09-09T11:11:34.364766030Z [inf]  	... 35 common frames omitted
2026-09-09T11:11:34.364773357Z [inf]  
2026-09-09T11:11:37.331142460Z [inf]  
2026-09-09T11:11:37.331148045Z [inf]    .   ____          _            __ _ _
2026-09-09T11:11:37.331155447Z [inf]   /\\ / ___'_ __ _ _(_)_ __  __ _ \ \ \ \
2026-09-09T11:11:37.331156744Z [inf]   :: Spring Boot ::               (v3.3.11)
2026-09-09T11:11:37.331161084Z [inf]  ( ( )\___ | '_ | '_| | '_ \/ _` | \ \ \ \
2026-09-09T11:11:37.331167324Z [inf]   \\/  ___)| |_)| | | | | || (_| |  ) ) ) )
2026-09-09T11:11:37.331169175Z [inf]  
2026-09-09T11:11:37.331191231Z [inf]  
2026-09-09T11:11:37.331197671Z [inf]    '  |____| .__|_| |_|_| |_\__, | / / / /
2026-09-09T11:11:37.331204686Z [inf]   =========|_|==============|___/=/_/_/_/
2026-09-09T11:11:37.486517228Z [inf]  2026-09-09T11:11:37.479Z  INFO 1 --- [inventory] [           main] c.rnpc.inventory.InventoryApplication    : Starting InventoryApplication v0.0.1-SNAPSHOT using Java 21.0.2 with PID 1 (/app/target/inventory-0.0.1-SNAPSHOT.jar started by root in /app)
2026-09-09T11:11:37.486533354Z [inf]  2026-09-09T11:11:37.481Z  INFO 1 --- [inventory] [           main] c.rnpc.inventory.InventoryApplication    : No active profile set, falling back to 1 default profile: "default"
2026-09-09T11:11:39.594384197Z [inf]  2026-09-09T11:11:39.589Z  INFO 1 --- [inventory] [           main] .s.d.r.c.RepositoryConfigurationDelegate : Bootstrapping Spring Data JPA repositories in DEFAULT mode.
2026-09-09T11:11:39.784470057Z [inf]  2026-09-09T11:11:39.778Z  INFO 1 --- [inventory] [           main] .s.d.r.c.RepositoryConfigurationDelegate : Finished Spring Data repository scanning in 179 ms. Found 16 JPA repository interfaces.
2026-09-09T11:11:41.673819868Z [inf]  2026-09-09T11:11:41.671Z  INFO 1 --- [inventory] [           main] o.s.b.w.embedded.tomcat.TomcatWebServer  : Tomcat initialized with port 8080 (http)
2026-09-09T11:11:41.840284148Z [inf]  2026-09-09T11:11:41.761Z  INFO 1 --- [inventory] [           main] o.apache.catalina.core.StandardService   : Starting service [Tomcat]
2026-09-09T11:11:41.840295423Z [inf]  2026-09-09T11:11:41.762Z  INFO 1 --- [inventory] [           main] o.apache.catalina.core.StandardEngine    : Starting Servlet engine: [Apache Tomcat/10.1.40]
2026-09-09T11:11:41.847594011Z [inf]  2026-09-09T11:11:41.843Z  INFO 1 --- [inventory] [           main] o.a.c.c.C.[Tomcat].[localhost].[/]       : Initializing Spring embedded WebApplicationContext
2026-09-09T11:11:41.847601729Z [inf]  2026-09-09T11:11:41.844Z  INFO 1 --- [inventory] [           main] w.s.c.ServletWebServerApplicationContext : Root WebApplicationContext: initialization completed in 4275 ms
2026-09-09T11:11:42.469032095Z [inf]  2026-09-09T11:11:42.455Z  INFO 1 --- [inventory] [           main] o.hibernate.jpa.internal.util.LogHelper  : HHH000204: Processing PersistenceUnitInfo [name: default]
2026-09-09T11:11:42.747009009Z [inf]  2026-09-09T11:11:42.728Z  INFO 1 --- [inventory] [           main] org.hibernate.Version                    : HHH000412: Hibernate ORM core version 6.5.3.Final
2026-09-09T11:11:42.861243488Z [inf]  2026-09-09T11:11:42.854Z  INFO 1 --- [inventory] [           main] o.h.c.internal.RegionFactoryInitiator    : HHH000026: Second-level cache disabled
2026-09-09T11:11:43.826237340Z [inf]  2026-09-09T11:11:43.824Z  INFO 1 --- [inventory] [           main] o.s.o.j.p.SpringPersistenceUnitInfo      : No LoadTimeWeaver setup: ignoring JPA class transformer
2026-09-09T11:11:44.340064168Z [inf]  2026-09-09T11:11:43.926Z  INFO 1 --- [inventory] [           main] com.zaxxer.hikari.HikariDataSource       : HikariPool-1 - Starting...
2026-09-09T11:11:45.422669196Z [inf]  
2026-09-09T11:11:45.422681013Z [inf]  The last packet sent successfully to the server was 0 milliseconds ago. The driver has not received any packets from the server.
2026-09-09T11:11:45.422691123Z [inf]  2026-09-09T11:11:45.361Z  WARN 1 --- [inventory] [           main] o.h.e.j.e.i.JdbcEnvironmentInitiator     : HHH000342: Could not obtain connection to query metadata
2026-09-09T11:11:45.422697911Z [inf]  
2026-09-09T11:11:45.422705028Z [inf]  org.hibernate.exception.JDBCConnectionException: unable to obtain isolated JDBC connection [Communications link failure
2026-09-09T11:11:45.422711975Z [inf]  
2026-09-09T11:11:45.422718703Z [inf]  The last packet sent successfully to the server was 0 milliseconds ago. The driver has not received any packets from the server.] [n/a]
2026-09-09T11:11:45.422725796Z [inf]  	at org.hibernate.exception.internal.SQLStateConversionDelegate.convert(SQLStateConversionDelegate.java:100) ~[hibernate-core-6.5.3.Final.jar!/:6.5.3.Final]
2026-09-09T11:11:45.422733698Z [inf]  	at org.hibernate.exception.internal.StandardSQLExceptionConverter.convert(StandardSQLExceptionConverter.java:58) ~[hibernate-core-6.5.3.Final.jar!/:6.5.3.Final]
2026-09-09T11:11:45.422739567Z [inf]  	at org.hibernate.engine.jdbc.spi.SqlExceptionHelper.convert(SqlExceptionHelper.java:108) ~[hibernate-core-6.5.3.Final.jar!/:6.5.3.Final]
2026-09-09T11:11:45.422744757Z [inf]  	at org.hibernate.engine.jdbc.spi.SqlExceptionHelper.convert(SqlExceptionHelper.java:94) ~[hibernate-core-6.5.3.Final.jar!/:6.5.3.Final]
2026-09-09T11:11:45.422748998Z [inf]  	at org.hibernate.resource.transaction.backend.jdbc.internal.JdbcIsolationDelegate.delegateWork(JdbcIsolationDelegate.java:116) ~[hibernate-core-6.5.3.Final.jar!/:6.5.3.Final]
2026-09-09T11:11:45.422774079Z [inf]  2026-09-09T11:11:45.359Z  WARN 1 --- [inventory] [           main] o.h.engine.jdbc.spi.SqlExceptionHelper   : SQL Error: 0, SQLState: 08S01
2026-09-09T11:11:45.422779493Z [inf]  2026-09-09T11:11:45.359Z ERROR 1 --- [inventory] [           main] o.h.engine.jdbc.spi.SqlExceptionHelper   : Communications link failure
2026-09-09T11:11:45.424205898Z [inf]  	at org.hibernate.engine.jdbc.env.internal.JdbcEnvironmentInitiator.getJdbcEnvironmentUsingJdbcMetadata(JdbcEnvironmentInitiator.java:292) ~[hibernate-core-6.5.3.Final.jar!/:6.5.3.Final]
2026-09-09T11:11:45.424210263Z [inf]  	at org.hibernate.engine.jdbc.env.internal.JdbcEnvironmentInitiator.initiateService(JdbcEnvironmentInitiator.java:124) ~[hibernate-core-6.5.3.Final.jar!/:6.5.3.Final]
2026-09-09T11:11:45.424215551Z [inf]  	at org.hibernate.engine.jdbc.env.internal.JdbcEnvironmentInitiator.initiateService(JdbcEnvironmentInitiator.java:78) ~[hibernate-core-6.5.3.Final.jar!/:6.5.3.Final]
2026-09-09T11:11:45.424219539Z [inf]  	at org.hibernate.boot.registry.internal.StandardServiceRegistryImpl.initiateService(StandardServiceRegistryImpl.java:130) ~[hibernate-core-6.5.3.Final.jar!/:6.5.3.Final]
2026-09-09T11:11:45.424223877Z [inf]  	at org.hibernate.service.internal.AbstractServiceRegistryImpl.createService(AbstractServiceRegistryImpl.java:263) ~[hibernate-core-6.5.3.Final.jar!/:6.5.3.Final]
2026-09-09T11:11:45.424227659Z [inf]  	at org.hibernate.service.internal.AbstractServiceRegistryImpl.initializeService(AbstractServiceRegistryImpl.java:238) ~[hibernate-core-6.5.3.Final.jar!/:6.5.3.Final]
2026-09-09T11:11:45.424232676Z [inf]  	at org.hibernate.service.internal.AbstractServiceRegistryImpl.getService(AbstractServiceRegistryImpl.java:215) ~[hibernate-core-6.5.3.Final.jar!/:6.5.3.Final]
2026-09-09T11:11:45.424236744Z [inf]  	at org.hibernate.boot.model.relational.Database.<init>(Database.java:45) ~[hibernate-core-6.5.3.Final.jar!/:6.5.3.Final]
2026-09-09T11:11:45.424240739Z [inf]  	at org.hibernate.boot.internal.InFlightMetadataCollectorImpl.getDatabase(InFlightMetadataCollectorImpl.java:221) ~[hibernate-core-6.5.3.Final.jar!/:6.5.3.Final]
2026-09-09T11:11:45.424245916Z [inf]  	at org.hibernate.boot.internal.InFlightMetadataCollectorImpl.<init>(InFlightMetadataCollectorImpl.java:189) ~[hibernate-core-6.5.3.Final.jar!/:6.5.3.Final]
2026-09-09T11:11:45.425536646Z [inf]  	at org.hibernate.boot.model.process.spi.MetadataBuildingProcess.complete(MetadataBuildingProcess.java:171) ~[hibernate-core-6.5.3.Final.jar!/:6.5.3.Final]
2026-09-09T11:11:45.425544478Z [inf]  	at org.hibernate.jpa.boot.internal.EntityManagerFactoryBuilderImpl.metadata(EntityManagerFactoryBuilderImpl.java:1431) ~[hibernate-core-6.5.3.Final.jar!/:6.5.3.Final]
2026-09-09T11:11:45.425549739Z [inf]  	at org.hibernate.jpa.boot.internal.EntityManagerFactoryBuilderImpl.build(EntityManagerFactoryBuilderImpl.java:1502) ~[hibernate-core-6.5.3.Final.jar!/:6.5.3.Final]
2026-09-09T11:11:45.425557342Z [inf]  	at org.springframework.orm.jpa.vendor.SpringHibernateJpaPersistenceProvider.createContainerEntityManagerFactory(SpringHibernateJpaPersistenceProvider.java:75) ~[spring-orm-6.1.19.jar!/:6.1.19]
2026-09-09T11:11:45.425562176Z [inf]  	at org.springframework.orm.jpa.LocalContainerEntityManagerFactoryBean.createNativeEntityManagerFactory(LocalContainerEntityManagerFactoryBean.java:390) ~[spring-orm-6.1.19.jar!/:6.1.19]
2026-09-09T11:11:45.425567727Z [inf]  	at org.springframework.orm.jpa.AbstractEntityManagerFactoryBean.buildNativeEntityManagerFactory(AbstractEntityManagerFactoryBean.java:409) ~[spring-orm-6.1.19.jar!/:6.1.19]
2026-09-09T11:11:45.425572246Z [inf]  	at org.springframework.orm.jpa.AbstractEntityManagerFactoryBean.afterPropertiesSet(AbstractEntityManagerFactoryBean.java:396) ~[spring-orm-6.1.19.jar!/:6.1.19]
2026-09-09T11:11:45.425576212Z [inf]  	at org.springframework.orm.jpa.LocalContainerEntityManagerFactoryBean.afterPropertiesSet(LocalContainerEntityManagerFactoryBean.java:366) ~[spring-orm-6.1.19.jar!/:6.1.19]
2026-09-09T11:11:45.425675336Z [inf]  	at org.springframework.beans.factory.support.AbstractAutowireCapableBeanFactory.invokeInitMethods(AbstractAutowireCapableBeanFactory.java:1853) ~[spring-beans-6.1.19.jar!/:6.1.19]
2026-09-09T11:11:45.425680613Z [inf]  	at org.springframework.beans.factory.support.AbstractAutowireCapableBeanFactory.initializeBean(AbstractAutowireCapableBeanFactory.java:1802) ~[spring-beans-6.1.19.jar!/:6.1.19]
2026-09-09T11:11:45.427603365Z [inf]  	at org.springframework.beans.factory.support.AbstractAutowireCapableBeanFactory.doCreateBean(AbstractAutowireCapableBeanFactory.java:600) ~[spring-beans-6.1.19.jar!/:6.1.19]
2026-09-09T11:11:45.427608601Z [inf]  	at org.springframework.beans.factory.support.AbstractAutowireCapableBeanFactory.createBean(AbstractAutowireCapableBeanFactory.java:522) ~[spring-beans-6.1.19.jar!/:6.1.19]
2026-09-09T11:11:45.427615014Z [inf]  	at org.springframework.beans.factory.support.AbstractBeanFactory.lambda$doGetBean$0(AbstractBeanFactory.java:337) ~[spring-beans-6.1.19.jar!/:6.1.19]
2026-09-09T11:11:45.427626755Z [inf]  	at org.springframework.beans.factory.support.DefaultSingletonBeanRegistry.getSingleton(DefaultSingletonBeanRegistry.java:234) ~[spring-beans-6.1.19.jar!/:6.1.19]
2026-09-09T11:11:45.427631919Z [inf]  	at org.springframework.beans.factory.support.AbstractBeanFactory.doGetBean(AbstractBeanFactory.java:335) ~[spring-beans-6.1.19.jar!/:6.1.19]
2026-09-09T11:11:45.427637022Z [inf]  	at org.springframework.beans.factory.support.AbstractBeanFactory.getBean(AbstractBeanFactory.java:205) ~[spring-beans-6.1.19.jar!/:6.1.19]
2026-09-09T11:11:45.427640977Z [inf]  	at org.springframework.context.support.AbstractApplicationContext.finishBeanFactoryInitialization(AbstractApplicationContext.java:954) ~[spring-context-6.1.19.jar!/:6.1.19]
2026-09-09T11:11:45.427644778Z [inf]  	at org.springframework.context.support.AbstractApplicationContext.refresh(AbstractApplicationContext.java:625) ~[spring-context-6.1.19.jar!/:6.1.19]
2026-09-09T11:11:45.427648497Z [inf]  	at org.springframework.boot.web.servlet.context.ServletWebServerApplicationContext.refresh(ServletWebServerApplicationContext.java:146) ~[spring-boot-3.3.11.jar!/:3.3.11]
2026-09-09T11:11:45.427653251Z [inf]  	at org.springframework.boot.SpringApplication.refresh(SpringApplication.java:755) ~[spring-boot-3.3.11.jar!/:3.3.11]
2026-09-09T11:11:45.427657757Z [inf]  	at org.springframework.boot.SpringApplication.refreshContext(SpringApplication.java:456) ~[spring-boot-3.3.11.jar!/:3.3.11]
2026-09-09T11:11:45.428929899Z [inf]  	at org.springframework.boot.SpringApplication.run(SpringApplication.java:335) ~[spring-boot-3.3.11.jar!/:3.3.11]
2026-09-09T11:11:45.428931193Z [inf]  	at java.base/jdk.internal.reflect.DirectMethodHandleAccessor.invoke(DirectMethodHandleAccessor.java:103) ~[na:na]
2026-09-09T11:11:45.428936563Z [inf]  	at org.springframework.boot.SpringApplication.run(SpringApplication.java:1364) ~[spring-boot-3.3.11.jar!/:3.3.11]
2026-09-09T11:11:45.428937290Z [inf]  	at java.base/java.lang.reflect.Method.invoke(Method.java:580) ~[na:na]
2026-09-09T11:11:45.428943032Z [inf]  	at org.springframework.boot.SpringApplication.run(SpringApplication.java:1353) ~[spring-boot-3.3.11.jar!/:3.3.11]
2026-09-09T11:11:45.428944023Z [inf]  	at org.springframework.boot.loader.launch.Launcher.launch(Launcher.java:102) ~[inventory-0.0.1-SNAPSHOT.jar:0.0.1-SNAPSHOT]
2026-09-09T11:11:45.428949440Z [inf]  	at com.rnpc.inventory.InventoryApplication.main(InventoryApplication.java:11) ~[!/:0.0.1-SNAPSHOT]
2026-09-09T11:11:45.428950606Z [inf]  	at org.springframework.boot.loader.launch.Launcher.launch(Launcher.java:64) ~[inventory-0.0.1-SNAPSHOT.jar:0.0.1-SNAPSHOT]
2026-09-09T11:11:45.428979813Z [inf]  	at org.springframework.boot.loader.launch.JarLauncher.main(JarLauncher.java:40) ~[inventory-0.0.1-SNAPSHOT.jar:0.0.1-SNAPSHOT]
2026-09-09T11:11:45.428985685Z [inf]  Caused by: com.mysql.cj.jdbc.exceptions.CommunicationsException: Communications link failure
2026-09-09T11:11:45.428991616Z [inf]  
2026-09-09T11:11:45.429005087Z [inf]  The last packet sent successfully to the server was 0 milliseconds ago. The driver has not received any packets from the server.
2026-09-09T11:11:45.429015220Z [inf]  	at com.mysql.cj.jdbc.exceptions.SQLError.createCommunicationsException(SQLError.java:174) ~[mysql-connector-j-8.3.0.jar!/:8.3.0]
2026-09-09T11:11:45.429021271Z [inf]  	at com.mysql.cj.jdbc.exceptions.SQLExceptionsMapping.translateException(SQLExceptionsMapping.java:64) ~[mysql-connector-j-8.3.0.jar!/:8.3.0]
2026-09-09T11:11:45.430104971Z [inf]  	at com.zaxxer.hikari.util.DriverDataSource.getConnection(DriverDataSource.java:137) ~[HikariCP-5.1.0.jar!/:na]
2026-09-09T11:11:45.430113063Z [inf]  	at com.zaxxer.hikari.pool.PoolBase.newConnection(PoolBase.java:360) ~[HikariCP-5.1.0.jar!/:na]
2026-09-09T11:11:45.430120744Z [inf]  	at com.zaxxer.hikari.pool.PoolBase.newPoolEntry(PoolBase.java:202) ~[HikariCP-5.1.0.jar!/:na]
2026-09-09T11:11:45.430126592Z [inf]  	at com.zaxxer.hikari.pool.HikariPool.createPoolEntry(HikariPool.java:461) ~[HikariCP-5.1.0.jar!/:na]
2026-09-09T11:11:45.430134418Z [inf]  	at com.zaxxer.hikari.pool.HikariPool.checkFailFast(HikariPool.java:550) ~[HikariCP-5.1.0.jar!/:na]
2026-09-09T11:11:45.430141141Z [inf]  	at com.zaxxer.hikari.pool.HikariPool.<init>(HikariPool.java:98) ~[HikariCP-5.1.0.jar!/:na]
2026-09-09T11:11:45.430154716Z [inf]  	at com.zaxxer.hikari.HikariDataSource.getConnection(HikariDataSource.java:111) ~[HikariCP-5.1.0.jar!/:na]
2026-09-09T11:11:45.430161064Z [inf]  	at org.hibernate.engine.jdbc.connections.internal.DatasourceConnectionProviderImpl.getConnection(DatasourceConnectionProviderImpl.java:122) ~[hibernate-core-6.5.3.Final.jar!/:6.5.3.Final]
2026-09-09T11:11:45.430166773Z [inf]  	at org.hibernate.engine.jdbc.env.internal.JdbcEnvironmentInitiator$ConnectionProviderJdbcConnectionAccess.obtainConnection(JdbcEnvironmentInitiator.java:439) ~[hibernate-core-6.5.3.Final.jar!/:6.5.3.Final]
2026-09-09T11:11:45.430292038Z [inf]  	at com.mysql.cj.jdbc.ConnectionImpl.createNewIO(ConnectionImpl.java:815) ~[mysql-connector-j-8.3.0.jar!/:8.3.0]
2026-09-09T11:11:45.430298132Z [inf]  	at com.mysql.cj.jdbc.ConnectionImpl.<init>(ConnectionImpl.java:438) ~[mysql-connector-j-8.3.0.jar!/:8.3.0]
2026-09-09T11:11:45.430304339Z [inf]  	at com.mysql.cj.jdbc.ConnectionImpl.getInstance(ConnectionImpl.java:241) ~[mysql-connector-j-8.3.0.jar!/:8.3.0]
2026-09-09T11:11:45.430310838Z [inf]  	at com.mysql.cj.jdbc.NonRegisteringDriver.connect(NonRegisteringDriver.java:189) ~[mysql-connector-j-8.3.0.jar!/:8.3.0]
2026-09-09T11:11:45.433220041Z [inf]  
2026-09-09T11:11:45.433225682Z [inf]  	at org.hibernate.resource.transaction.backend.jdbc.internal.JdbcIsolationDelegate.delegateWork(JdbcIsolationDelegate.java:61) ~[hibernate-core-6.5.3.Final.jar!/:6.5.3.Final]
2026-09-09T11:11:45.433231674Z [inf]  The last packet sent successfully to the server was 0 milliseconds ago. The driver has not received any packets from the server.
2026-09-09T11:11:45.433233610Z [inf]  	... 40 common frames omitted
2026-09-09T11:11:45.433239946Z [inf]  Caused by: com.mysql.cj.exceptions.CJCommunicationsException: Communications link failure
2026-09-09T11:11:45.433241805Z [inf]  	at java.base/jdk.internal.reflect.DirectConstructorHandleAccessor.newInstance(DirectConstructorHandleAccessor.java:62) ~[na:na]
2026-09-09T11:11:45.433248617Z [inf]  	at java.base/java.lang.reflect.Constructor.newInstanceWithCaller(Constructor.java:502) ~[na:na]
2026-09-09T11:11:45.433255709Z [inf]  	at java.base/java.lang.reflect.Constructor.newInstance(Constructor.java:486) ~[na:na]
2026-09-09T11:11:45.433258940Z [inf]  	at com.mysql.cj.exceptions.ExceptionFactory.createException(ExceptionFactory.java:149) ~[mysql-connector-j-8.3.0.jar!/:8.3.0]
2026-09-09T11:11:45.433264353Z [inf]  	at com.mysql.cj.exceptions.ExceptionFactory.createException(ExceptionFactory.java:61) ~[mysql-connector-j-8.3.0.jar!/:8.3.0]
2026-09-09T11:11:45.433269341Z [inf]  	at com.mysql.cj.exceptions.ExceptionFactory.createCommunicationsException(ExceptionFactory.java:165) ~[mysql-connector-j-8.3.0.jar!/:8.3.0]
2026-09-09T11:11:45.433275556Z [inf]  	at com.mysql.cj.exceptions.ExceptionFactory.createException(ExceptionFactory.java:104) ~[mysql-connector-j-8.3.0.jar!/:8.3.0]
2026-09-09T11:11:45.433280460Z [inf]  	at com.mysql.cj.protocol.a.NativeSocketConnection.connect(NativeSocketConnection.java:88) ~[mysql-connector-j-8.3.0.jar!/:8.3.0]
2026-09-09T11:11:45.433287422Z [inf]  	at com.mysql.cj.NativeSession.connect(NativeSession.java:120) ~[mysql-connector-j-8.3.0.jar!/:8.3.0]
2026-09-09T11:11:45.434167411Z [inf]  	at com.mysql.cj.protocol.a.NativeSocketConnection.connect(NativeSocketConnection.java:62) ~[mysql-connector-j-8.3.0.jar!/:8.3.0]
2026-09-09T11:11:45.434171129Z [inf]  	at java.base/sun.nio.ch.Net.pollConnect(Native Method) ~[na:na]
2026-09-09T11:11:45.434176713Z [inf]  	... 56 common frames omitted
2026-09-09T11:11:45.434185228Z [inf]  	at java.base/sun.nio.ch.Net.pollConnectNow(Net.java:682) ~[na:na]
2026-09-09T11:11:45.434185520Z [inf]  
2026-09-09T11:11:45.434185895Z [inf]  	at com.mysql.cj.jdbc.ConnectionImpl.createNewIO(ConnectionImpl.java:805) ~[mysql-connector-j-8.3.0.jar!/:8.3.0]
2026-09-09T11:11:45.434193409Z [inf]  	... 53 common frames omitted
2026-09-09T11:11:45.434194741Z [inf]  2026-09-09T11:11:45.365Z ERROR 1 --- [inventory] [           main] j.LocalContainerEntityManagerFactoryBean : Failed to initialize JPA EntityManagerFactory: Unable to create requested service [org.hibernate.engine.jdbc.env.spi.JdbcEnvironment] due to: Unable to determine Dialect without JDBC metadata (please set 'jakarta.persistence.jdbc.url' for common cases or 'hibernate.dialect' when a custom Dialect implementation must be provided)
2026-09-09T11:11:45.434194873Z [inf]  	at java.base/sun.nio.ch.NioSocketImpl.timedFinishConnect(NioSocketImpl.java:542) ~[na:na]
2026-09-09T11:11:45.434200599Z [inf]  Caused by: java.net.ConnectException: Connection refused
2026-09-09T11:11:45.434204675Z [inf]  	at com.mysql.cj.jdbc.ConnectionImpl.connectOneTryOnly(ConnectionImpl.java:935) ~[mysql-connector-j-8.3.0.jar!/:8.3.0]
2026-09-09T11:11:45.434218042Z [inf]  	at java.base/java.net.Socket.connect(Socket.java:751) ~[na:na]
2026-09-09T11:11:45.434225328Z [inf]  	at com.mysql.cj.protocol.StandardSocketFactory.connect(StandardSocketFactory.java:153) ~[mysql-connector-j-8.3.0.jar!/:8.3.0]
2026-09-09T11:11:45.434236403Z [inf]  	at java.base/sun.nio.ch.NioSocketImpl.connect(NioSocketImpl.java:592) ~[na:na]
2026-09-09T11:11:45.434248171Z [inf]  	at java.base/java.net.SocksSocketImpl.connect(SocksSocketImpl.java:327) ~[na:na]
2026-09-09T11:11:45.437583948Z [inf]  2026-09-09T11:11:45.365Z  WARN 1 --- [inventory] [           main] ConfigServletWebServerApplicationContext : Exception encountered during context initialization - cancelling refresh attempt: org.springframework.beans.factory.BeanCreationException: Error creating bean with name 'entityManagerFactory' defined in class path resource [org/springframework/boot/autoconfigure/orm/jpa/HibernateJpaConfiguration.class]: Unable to create requested service [org.hibernate.engine.jdbc.env.spi.JdbcEnvironment] due to: Unable to determine Dialect without JDBC metadata (please set 'jakarta.persistence.jdbc.url' for common cases or 'hibernate.dialect' when a custom Dialect implementation must be provided)
2026-09-09T11:11:45.437591059Z [inf]  2026-09-09T11:11:45.368Z  INFO 1 --- [inventory] [           main] o.apache.catalina.core.StandardService   : Stopping service [Tomcat]
2026-09-09T11:11:45.437598089Z [inf]  2026-09-09T11:11:45.379Z  INFO 1 --- [inventory] [           main] .s.b.a.l.ConditionEvaluationReportLogger : 
2026-09-09T11:11:45.437604292Z [inf]  
2026-09-09T11:11:45.437635088Z [inf]  Error starting ApplicationContext. To display the condition evaluation report re-run your application with 'debug' enabled.
2026-09-09T11:11:45.437644340Z [inf]  2026-09-09T11:11:45.399Z ERROR 1 --- [inventory] [           main] o.s.boot.SpringApplication               : Application run failed
2026-09-09T11:11:45.437653398Z [inf]  
2026-09-09T11:11:45.437659945Z [inf]  org.springframework.beans.factory.BeanCreationException: Error creating bean with name 'entityManagerFactory' defined in class path resource [org/springframework/boot/autoconfigure/orm/jpa/HibernateJpaConfiguration.class]: Unable to create requested service [org.hibernate.engine.jdbc.env.spi.JdbcEnvironment] due to: Unable to determine Dialect without JDBC metadata (please set 'jakarta.persistence.jdbc.url' for common cases or 'hibernate.dialect' when a custom Dialect implementation must be provided)
2026-09-09T11:11:45.440782890Z [inf]  	at org.springframework.beans.factory.support.AbstractAutowireCapableBeanFactory.initializeBean(AbstractAutowireCapableBeanFactory.java:1806) ~[spring-beans-6.1.19.jar!/:6.1.19]
2026-09-09T11:11:45.440795681Z [inf]  	at org.springframework.beans.factory.support.AbstractAutowireCapableBeanFactory.doCreateBean(AbstractAutowireCapableBeanFactory.java:600) ~[spring-beans-6.1.19.jar!/:6.1.19]
2026-09-09T11:11:45.440803551Z [inf]  	at org.springframework.beans.factory.support.AbstractAutowireCapableBeanFactory.createBean(AbstractAutowireCapableBeanFactory.java:522) ~[spring-beans-6.1.19.jar!/:6.1.19]
2026-09-09T11:11:45.440810613Z [inf]  	at org.springframework.beans.factory.support.AbstractBeanFactory.lambda$doGetBean$0(AbstractBeanFactory.java:337) ~[spring-beans-6.1.19.jar!/:6.1.19]
2026-09-09T11:11:45.440816734Z [inf]  	at org.springframework.beans.factory.support.DefaultSingletonBeanRegistry.getSingleton(DefaultSingletonBeanRegistry.java:234) ~[spring-beans-6.1.19.jar!/:6.1.19]
2026-09-09T11:11:45.440863157Z [inf]  	at org.springframework.beans.factory.support.AbstractBeanFactory.doGetBean(AbstractBeanFactory.java:335) ~[spring-beans-6.1.19.jar!/:6.1.19]
2026-09-09T11:11:45.440875858Z [inf]  	at org.springframework.beans.factory.support.AbstractBeanFactory.getBean(AbstractBeanFactory.java:205) ~[spring-beans-6.1.19.jar!/:6.1.19]
2026-09-09T11:11:45.440882919Z [inf]  	at org.springframework.context.support.AbstractApplicationContext.finishBeanFactoryInitialization(AbstractApplicationContext.java:954) ~[spring-context-6.1.19.jar!/:6.1.19]
2026-09-09T11:11:45.440890440Z [inf]  	at org.springframework.context.support.AbstractApplicationContext.refresh(AbstractApplicationContext.java:625) ~[spring-context-6.1.19.jar!/:6.1.19]
2026-09-09T11:11:45.440896775Z [inf]  	at org.springframework.boot.web.servlet.context.ServletWebServerApplicationContext.refresh(ServletWebServerApplicationContext.java:146) ~[spring-boot-3.3.11.jar!/:3.3.11]
2026-09-09T11:11:45.444073226Z [inf]  	at java.base/java.lang.reflect.Method.invoke(Method.java:580) ~[na:na]
2026-09-09T11:11:45.444082189Z [inf]  	at org.springframework.boot.loader.launch.Launcher.launch(Launcher.java:102) ~[inventory-0.0.1-SNAPSHOT.jar:0.0.1-SNAPSHOT]
2026-09-09T11:11:45.444088148Z [inf]  	at org.springframework.boot.loader.launch.Launcher.launch(Launcher.java:64) ~[inventory-0.0.1-SNAPSHOT.jar:0.0.1-SNAPSHOT]
2026-09-09T11:11:45.444093306Z [inf]  	at org.springframework.boot.loader.launch.JarLauncher.main(JarLauncher.java:40) ~[inventory-0.0.1-SNAPSHOT.jar:0.0.1-SNAPSHOT]
2026-09-09T11:11:45.444100562Z [inf]  Caused by: org.hibernate.service.spi.ServiceException: Unable to create requested service [org.hibernate.engine.jdbc.env.spi.JdbcEnvironment] due to: Unable to determine Dialect without JDBC metadata (please set 'jakarta.persistence.jdbc.url' for common cases or 'hibernate.dialect' when a custom Dialect implementation must be provided)
2026-09-09T11:11:45.444177280Z [inf]  	at org.springframework.boot.SpringApplication.refresh(SpringApplication.java:755) ~[spring-boot-3.3.11.jar!/:3.3.11]
2026-09-09T11:11:45.444184000Z [inf]  	at org.springframework.boot.SpringApplication.refreshContext(SpringApplication.java:456) ~[spring-boot-3.3.11.jar!/:3.3.11]
2026-09-09T11:11:45.444189931Z [inf]  	at org.springframework.boot.SpringApplication.run(SpringApplication.java:335) ~[spring-boot-3.3.11.jar!/:3.3.11]
2026-09-09T11:11:45.444195692Z [inf]  	at org.springframework.boot.SpringApplication.run(SpringApplication.java:1364) ~[spring-boot-3.3.11.jar!/:3.3.11]
2026-09-09T11:11:45.444200805Z [inf]  	at org.springframework.boot.SpringApplication.run(SpringApplication.java:1353) ~[spring-boot-3.3.11.jar!/:3.3.11]
2026-09-09T11:11:45.444205705Z [inf]  	at com.rnpc.inventory.InventoryApplication.main(InventoryApplication.java:11) ~[!/:0.0.1-SNAPSHOT]
2026-09-09T11:11:45.444212379Z [inf]  	at java.base/jdk.internal.reflect.DirectMethodHandleAccessor.invoke(DirectMethodHandleAccessor.java:103) ~[na:na]
2026-09-09T11:11:45.448250474Z [inf]  	at org.hibernate.service.internal.AbstractServiceRegistryImpl.createService(AbstractServiceRegistryImpl.java:276) ~[hibernate-core-6.5.3.Final.jar!/:6.5.3.Final]
2026-09-09T11:11:45.448256212Z [inf]  	at org.hibernate.service.internal.AbstractServiceRegistryImpl.initializeService(AbstractServiceRegistryImpl.java:238) ~[hibernate-core-6.5.3.Final.jar!/:6.5.3.Final]
2026-09-09T11:11:45.448263232Z [inf]  	at org.hibernate.service.internal.AbstractServiceRegistryImpl.getService(AbstractServiceRegistryImpl.java:215) ~[hibernate-core-6.5.3.Final.jar!/:6.5.3.Final]
2026-09-09T11:11:45.448268703Z [inf]  	at org.hibernate.boot.model.relational.Database.<init>(Database.java:45) ~[hibernate-core-6.5.3.Final.jar!/:6.5.3.Final]
2026-09-09T11:11:45.448273812Z [inf]  	at org.hibernate.boot.internal.InFlightMetadataCollectorImpl.getDatabase(InFlightMetadataCollectorImpl.java:221) ~[hibernate-core-6.5.3.Final.jar!/:6.5.3.Final]
2026-09-09T11:11:45.448279166Z [inf]  	at org.hibernate.boot.internal.InFlightMetadataCollectorImpl.<init>(InFlightMetadataCollectorImpl.java:189) ~[hibernate-core-6.5.3.Final.jar!/:6.5.3.Final]
2026-09-09T11:11:45.448284191Z [inf]  	at org.hibernate.boot.model.process.spi.MetadataBuildingProcess.complete(MetadataBuildingProcess.java:171) ~[hibernate-core-6.5.3.Final.jar!/:6.5.3.Final]
2026-09-09T11:11:45.448289016Z [inf]  	at org.hibernate.jpa.boot.internal.EntityManagerFactoryBuilderImpl.metadata(EntityManagerFactoryBuilderImpl.java:1431) ~[hibernate-core-6.5.3.Final.jar!/:6.5.3.Final]
2026-09-09T11:11:45.448294690Z [inf]  	at org.hibernate.jpa.boot.internal.EntityManagerFactoryBuilderImpl.build(EntityManagerFactoryBuilderImpl.java:1502) ~[hibernate-core-6.5.3.Final.jar!/:6.5.3.Final]
2026-09-09T11:11:45.448300642Z [inf]  	at org.springframework.orm.jpa.vendor.SpringHibernateJpaPersistenceProvider.createContainerEntityManagerFactory(SpringHibernateJpaPersistenceProvider.java:75) ~[spring-orm-6.1.19.jar!/:6.1.19]
2026-09-09T11:11:45.450840516Z [inf]  	at org.springframework.orm.jpa.LocalContainerEntityManagerFactoryBean.createNativeEntityManagerFactory(LocalContainerEntityManagerFactoryBean.java:390) ~[spring-orm-6.1.19.jar!/:6.1.19]
2026-09-09T11:11:45.450846272Z [inf]  	at org.springframework.orm.jpa.AbstractEntityManagerFactoryBean.buildNativeEntityManagerFactory(AbstractEntityManagerFactoryBean.java:409) ~[spring-orm-6.1.19.jar!/:6.1.19]
2026-09-09T11:11:45.450851442Z [inf]  	at org.springframework.orm.jpa.AbstractEntityManagerFactoryBean.afterPropertiesSet(AbstractEntityManagerFactoryBean.java:396) ~[spring-orm-6.1.19.jar!/:6.1.19]
2026-09-09T11:11:45.450862467Z [inf]  	at org.springframework.orm.jpa.LocalContainerEntityManagerFactoryBean.afterPropertiesSet(LocalContainerEntityManagerFactoryBean.java:366) ~[spring-orm-6.1.19.jar!/:6.1.19]
2026-09-09T11:11:45.450868449Z [inf]  	at org.springframework.beans.factory.support.AbstractAutowireCapableBeanFactory.invokeInitMethods(AbstractAutowireCapableBeanFactory.java:1853) ~[spring-beans-6.1.19.jar!/:6.1.19]
2026-09-09T11:11:45.450873776Z [inf]  	at org.springframework.beans.factory.support.AbstractAutowireCapableBeanFactory.initializeBean(AbstractAutowireCapableBeanFactory.java:1802) ~[spring-beans-6.1.19.jar!/:6.1.19]
2026-09-09T11:11:45.450878735Z [inf]  	... 20 common frames omitted
2026-09-09T11:11:45.450884872Z [inf]  Caused by: org.hibernate.HibernateException: Unable to determine Dialect without JDBC metadata (please set 'jakarta.persistence.jdbc.url' for common cases or 'hibernate.dialect' when a custom Dialect implementation must be provided)
2026-09-09T11:11:45.450892178Z [inf]  	at org.hibernate.engine.jdbc.dialect.internal.DialectFactoryImpl.determineDialect(DialectFactoryImpl.java:191) ~[hibernate-core-6.5.3.Final.jar!/:6.5.3.Final]
2026-09-09T11:11:45.450897370Z [inf]  	at org.hibernate.engine.jdbc.dialect.internal.DialectFactoryImpl.buildDialect(DialectFactoryImpl.java:87) ~[hibernate-core-6.5.3.Final.jar!/:6.5.3.Final]
2026-09-09T11:11:45.453112924Z [inf]  	at org.hibernate.engine.jdbc.env.internal.JdbcEnvironmentInitiator.getJdbcEnvironmentWithDefaults(JdbcEnvironmentInitiator.java:153) ~[hibernate-core-6.5.3.Final.jar!/:6.5.3.Final]
2026-09-09T11:11:45.453124110Z [inf]  	at org.hibernate.engine.jdbc.env.internal.JdbcEnvironmentInitiator.getJdbcEnvironmentUsingJdbcMetadata(JdbcEnvironmentInitiator.java:364) ~[hibernate-core-6.5.3.Final.jar!/:6.5.3.Final]
2026-09-09T11:11:45.453132438Z [inf]  	at org.hibernate.engine.jdbc.env.internal.JdbcEnvironmentInitiator.initiateService(JdbcEnvironmentInitiator.java:124) ~[hibernate-core-6.5.3.Final.jar!/:6.5.3.Final]
2026-09-09T11:11:45.453138854Z [inf]  	at org.hibernate.engine.jdbc.env.internal.JdbcEnvironmentInitiator.initiateService(JdbcEnvironmentInitiator.java:78) ~[hibernate-core-6.5.3.Final.jar!/:6.5.3.Final]
2026-09-09T11:11:45.453145091Z [inf]  	at org.hibernate.boot.registry.internal.StandardServiceRegistryImpl.initiateService(StandardServiceRegistryImpl.java:130) ~[hibernate-core-6.5.3.Final.jar!/:6.5.3.Final]
2026-09-09T11:11:45.453151571Z [inf]  	at org.hibernate.service.internal.AbstractServiceRegistryImpl.createService(AbstractServiceRegistryImpl.java:263) ~[hibernate-core-6.5.3.Final.jar!/:6.5.3.Final]
2026-09-09T11:11:45.453157900Z [inf]  	... 35 common frames omitted
2026-09-09T11:11:45.453165013Z [inf]  
2026-09-09T11:11:48.465707124Z [inf]  
2026-09-09T11:11:48.465713723Z [inf]    .   ____          _            __ _ _
2026-09-09T11:11:48.465720323Z [inf]   /\\ / ___'_ __ _ _(_)_ __  __ _ \ \ \ \
2026-09-09T11:11:48.465728208Z [inf]  ( ( )\___ | '_ | '_| | '_ \/ _` | \ \ \ \
2026-09-09T11:11:48.465734610Z [inf]   \\/  ___)| |_)| | | | | || (_| |  ) ) ) )
2026-09-09T11:11:48.465740798Z [inf]    '  |____| .__|_| |_|_| |_\__, | / / / /
2026-09-09T11:11:48.465747633Z [inf]   =========|_|==============|___/=/_/_/_/
2026-09-09T11:11:48.465753745Z [inf]  
2026-09-09T11:11:48.465760182Z [inf]   :: Spring Boot ::               (v3.3.11)
2026-09-09T11:11:48.465766329Z [inf]  
2026-09-09T11:11:48.498821886Z [inf]  2026-09-09T11:11:48.476Z  INFO 1 --- [inventory] [           main] c.rnpc.inventory.InventoryApplication    : Starting InventoryApplication v0.0.1-SNAPSHOT using Java 21.0.2 with PID 1 (/app/target/inventory-0.0.1-SNAPSHOT.jar started by root in /app)
2026-09-09T11:11:48.498834941Z [inf]  2026-09-09T11:11:48.479Z  INFO 1 --- [inventory] [           main] c.rnpc.inventory.InventoryApplication    : No active profile set, falling back to 1 default profile: "default"
2026-09-09T11:11:50.615571505Z [inf]  2026-09-09T11:11:50.592Z  INFO 1 --- [inventory] [           main] .s.d.r.c.RepositoryConfigurationDelegate : Bootstrapping Spring Data JPA repositories in DEFAULT mode.
2026-09-09T11:11:50.773365150Z [inf]  2026-09-09T11:11:50.772Z  INFO 1 --- [inventory] [           main] .s.d.r.c.RepositoryConfigurationDelegate : Finished Spring Data repository scanning in 172 ms. Found 16 JPA repository interfaces.
2026-09-09T11:11:52.690457758Z [inf]  2026-09-09T11:11:52.660Z  INFO 1 --- [inventory] [           main] o.s.b.w.embedded.tomcat.TomcatWebServer  : Tomcat initialized with port 8080 (http)
2026-09-09T11:11:52.690464953Z [inf]  2026-09-09T11:11:52.674Z  INFO 1 --- [inventory] [           main] o.apache.catalina.core.StandardService   : Starting service [Tomcat]
2026-09-09T11:11:52.690469295Z [inf]  2026-09-09T11:11:52.674Z  INFO 1 --- [inventory] [           main] o.apache.catalina.core.StandardEngine    : Starting Servlet engine: [Apache Tomcat/10.1.40]
2026-09-09T11:11:52.716632976Z [inf]  2026-09-09T11:11:52.705Z  INFO 1 --- [inventory] [           main] o.a.c.c.C.[Tomcat].[localhost].[/]       : Initializing Spring embedded WebApplicationContext
2026-09-09T11:11:52.790482370Z [inf]  2026-09-09T11:11:52.744Z  INFO 1 --- [inventory] [           main] w.s.c.ServletWebServerApplicationContext : Root WebApplicationContext: initialization completed in 4129 ms
2026-09-09T11:11:53.507080493Z [inf]  2026-09-09T11:11:53.365Z  INFO 1 --- [inventory] [           main] o.hibernate.jpa.internal.util.LogHelper  : HHH000204: Processing PersistenceUnitInfo [name: default]
2026-09-09T11:11:53.587482320Z [inf]  2026-09-09T11:11:53.566Z  INFO 1 --- [inventory] [           main] org.hibernate.Version                    : HHH000412: Hibernate ORM core version 6.5.3.Final
2026-09-09T11:11:53.751254709Z [inf]  2026-09-09T11:11:53.747Z  INFO 1 --- [inventory] [           main] o.h.c.internal.RegionFactoryInitiator    : HHH000026: Second-level cache disabled
2026-09-09T11:11:54.770894013Z [inf]  2026-09-09T11:11:54.754Z  INFO 1 --- [inventory] [           main] o.s.o.j.p.SpringPersistenceUnitInfo      : No LoadTimeWeaver setup: ignoring JPA class transformer
2026-09-09T11:11:54.857947438Z [inf]  2026-09-09T11:11:54.856Z  INFO 1 --- [inventory] [           main] com.zaxxer.hikari.HikariDataSource       : HikariPool-1 - Starting...
2026-09-09T11:11:56.409606294Z [inf]  2026-09-09T11:11:56.355Z  WARN 1 --- [inventory] [           main] o.h.engine.jdbc.spi.SqlExceptionHelper   : SQL Error: 0, SQLState: 08S01
2026-09-09T11:11:56.409607668Z [inf]  
2026-09-09T11:11:56.409612369Z [inf]  2026-09-09T11:11:56.355Z ERROR 1 --- [inventory] [           main] o.h.engine.jdbc.spi.SqlExceptionHelper   : Communications link failure
2026-09-09T11:11:56.409617680Z [inf]  
2026-09-09T11:11:56.409622190Z [inf]  org.hibernate.exception.JDBCConnectionException: unable to obtain isolated JDBC connection [Communications link failure
2026-09-09T11:11:56.409623891Z [inf]  The last packet sent successfully to the server was 0 milliseconds ago. The driver has not received any packets from the server.
2026-09-09T11:11:56.409629788Z [inf]  2026-09-09T11:11:56.357Z  WARN 1 --- [inventory] [           main] o.h.e.j.e.i.JdbcEnvironmentInitiator     : HHH000342: Could not obtain connection to query metadata
2026-09-09T11:11:56.409631876Z [inf]  
2026-09-09T11:11:56.409644202Z [inf]  The last packet sent successfully to the server was 0 milliseconds ago. The driver has not received any packets from the server.] [n/a]
2026-09-09T11:11:56.409650804Z [inf]  	at org.hibernate.exception.internal.SQLStateConversionDelegate.convert(SQLStateConversionDelegate.java:100) ~[hibernate-core-6.5.3.Final.jar!/:6.5.3.Final]
2026-09-09T11:11:56.409662705Z [inf]  	at org.hibernate.exception.internal.StandardSQLExceptionConverter.convert(StandardSQLExceptionConverter.java:58) ~[hibernate-core-6.5.3.Final.jar!/:6.5.3.Final]
2026-09-09T11:11:56.409673009Z [inf]  	at org.hibernate.engine.jdbc.spi.SqlExceptionHelper.convert(SqlExceptionHelper.java:108) ~[hibernate-core-6.5.3.Final.jar!/:6.5.3.Final]
2026-09-09T11:11:56.409680682Z [inf]  	at org.hibernate.engine.jdbc.spi.SqlExceptionHelper.convert(SqlExceptionHelper.java:94) ~[hibernate-core-6.5.3.Final.jar!/:6.5.3.Final]
2026-09-09T11:11:56.409686799Z [inf]  	at org.hibernate.resource.transaction.backend.jdbc.internal.JdbcIsolationDelegate.delegateWork(JdbcIsolationDelegate.java:116) ~[hibernate-core-6.5.3.Final.jar!/:6.5.3.Final]
2026-09-09T11:11:56.410656503Z [inf]  	at org.hibernate.engine.jdbc.env.internal.JdbcEnvironmentInitiator.getJdbcEnvironmentUsingJdbcMetadata(JdbcEnvironmentInitiator.java:292) ~[hibernate-core-6.5.3.Final.jar!/:6.5.3.Final]
2026-09-09T11:11:56.410661248Z [inf]  	at org.hibernate.engine.jdbc.env.internal.JdbcEnvironmentInitiator.initiateService(JdbcEnvironmentInitiator.java:124) ~[hibernate-core-6.5.3.Final.jar!/:6.5.3.Final]
2026-09-09T11:11:56.410666041Z [inf]  	at org.hibernate.engine.jdbc.env.internal.JdbcEnvironmentInitiator.initiateService(JdbcEnvironmentInitiator.java:78) ~[hibernate-core-6.5.3.Final.jar!/:6.5.3.Final]
2026-09-09T11:11:56.410671179Z [inf]  	at org.hibernate.boot.registry.internal.StandardServiceRegistryImpl.initiateService(StandardServiceRegistryImpl.java:130) ~[hibernate-core-6.5.3.Final.jar!/:6.5.3.Final]
2026-09-09T11:11:56.410675694Z [inf]  	at org.hibernate.service.internal.AbstractServiceRegistryImpl.createService(AbstractServiceRegistryImpl.java:263) ~[hibernate-core-6.5.3.Final.jar!/:6.5.3.Final]
2026-09-09T11:11:56.410679714Z [inf]  	at org.hibernate.service.internal.AbstractServiceRegistryImpl.initializeService(AbstractServiceRegistryImpl.java:238) ~[hibernate-core-6.5.3.Final.jar!/:6.5.3.Final]
2026-09-09T11:11:56.410684034Z [inf]  	at org.hibernate.service.internal.AbstractServiceRegistryImpl.getService(AbstractServiceRegistryImpl.java:215) ~[hibernate-core-6.5.3.Final.jar!/:6.5.3.Final]
2026-09-09T11:11:56.410688536Z [inf]  	at org.hibernate.boot.model.relational.Database.<init>(Database.java:45) ~[hibernate-core-6.5.3.Final.jar!/:6.5.3.Final]
2026-09-09T11:11:56.410693098Z [inf]  	at org.hibernate.boot.internal.InFlightMetadataCollectorImpl.getDatabase(InFlightMetadataCollectorImpl.java:221) ~[hibernate-core-6.5.3.Final.jar!/:6.5.3.Final]
2026-09-09T11:11:56.410697969Z [inf]  	at org.hibernate.boot.internal.InFlightMetadataCollectorImpl.<init>(InFlightMetadataCollectorImpl.java:189) ~[hibernate-core-6.5.3.Final.jar!/:6.5.3.Final]
2026-09-09T11:11:56.412457067Z [inf]  	at org.hibernate.boot.model.process.spi.MetadataBuildingProcess.complete(MetadataBuildingProcess.java:171) ~[hibernate-core-6.5.3.Final.jar!/:6.5.3.Final]
2026-09-09T11:11:56.412463289Z [inf]  	at org.hibernate.jpa.boot.internal.EntityManagerFactoryBuilderImpl.metadata(EntityManagerFactoryBuilderImpl.java:1431) ~[hibernate-core-6.5.3.Final.jar!/:6.5.3.Final]
2026-09-09T11:11:56.412469325Z [inf]  	at org.hibernate.jpa.boot.internal.EntityManagerFactoryBuilderImpl.build(EntityManagerFactoryBuilderImpl.java:1502) ~[hibernate-core-6.5.3.Final.jar!/:6.5.3.Final]
2026-09-09T11:11:56.412474900Z [inf]  	at org.springframework.orm.jpa.vendor.SpringHibernateJpaPersistenceProvider.createContainerEntityManagerFactory(SpringHibernateJpaPersistenceProvider.java:75) ~[spring-orm-6.1.19.jar!/:6.1.19]
2026-09-09T11:11:56.412481767Z [inf]  	at org.springframework.orm.jpa.LocalContainerEntityManagerFactoryBean.createNativeEntityManagerFactory(LocalContainerEntityManagerFactoryBean.java:390) ~[spring-orm-6.1.19.jar!/:6.1.19]
2026-09-09T11:11:56.412487902Z [inf]  	at org.springframework.orm.jpa.AbstractEntityManagerFactoryBean.buildNativeEntityManagerFactory(AbstractEntityManagerFactoryBean.java:409) ~[spring-orm-6.1.19.jar!/:6.1.19]
2026-09-09T11:11:56.412496377Z [inf]  	at org.springframework.orm.jpa.AbstractEntityManagerFactoryBean.afterPropertiesSet(AbstractEntityManagerFactoryBean.java:396) ~[spring-orm-6.1.19.jar!/:6.1.19]
2026-09-09T11:11:56.412502365Z [inf]  	at org.springframework.orm.jpa.LocalContainerEntityManagerFactoryBean.afterPropertiesSet(LocalContainerEntityManagerFactoryBean.java:366) ~[spring-orm-6.1.19.jar!/:6.1.19]
2026-09-09T11:11:56.412508928Z [inf]  	at org.springframework.beans.factory.support.AbstractAutowireCapableBeanFactory.invokeInitMethods(AbstractAutowireCapableBeanFactory.java:1853) ~[spring-beans-6.1.19.jar!/:6.1.19]
2026-09-09T11:11:56.412514703Z [inf]  	at org.springframework.beans.factory.support.AbstractAutowireCapableBeanFactory.initializeBean(AbstractAutowireCapableBeanFactory.java:1802) ~[spring-beans-6.1.19.jar!/:6.1.19]
2026-09-09T11:11:56.414331926Z [inf]  	at org.springframework.boot.SpringApplication.refreshContext(SpringApplication.java:456) ~[spring-boot-3.3.11.jar!/:3.3.11]
2026-09-09T11:11:56.414339646Z [inf]  	at org.springframework.beans.factory.support.AbstractAutowireCapableBeanFactory.doCreateBean(AbstractAutowireCapableBeanFactory.java:600) ~[spring-beans-6.1.19.jar!/:6.1.19]
2026-09-09T11:11:56.414345690Z [inf]  	at org.springframework.beans.factory.support.AbstractAutowireCapableBeanFactory.createBean(AbstractAutowireCapableBeanFactory.java:522) ~[spring-beans-6.1.19.jar!/:6.1.19]
2026-09-09T11:11:56.414350595Z [inf]  	at org.springframework.beans.factory.support.AbstractBeanFactory.lambda$doGetBean$0(AbstractBeanFactory.java:337) ~[spring-beans-6.1.19.jar!/:6.1.19]
2026-09-09T11:11:56.414356577Z [inf]  	at org.springframework.beans.factory.support.DefaultSingletonBeanRegistry.getSingleton(DefaultSingletonBeanRegistry.java:234) ~[spring-beans-6.1.19.jar!/:6.1.19]
2026-09-09T11:11:56.414366097Z [inf]  	at org.springframework.beans.factory.support.AbstractBeanFactory.doGetBean(AbstractBeanFactory.java:335) ~[spring-beans-6.1.19.jar!/:6.1.19]
2026-09-09T11:11:56.414371991Z [inf]  	at org.springframework.beans.factory.support.AbstractBeanFactory.getBean(AbstractBeanFactory.java:205) ~[spring-beans-6.1.19.jar!/:6.1.19]
2026-09-09T11:11:56.414381376Z [inf]  	at org.springframework.context.support.AbstractApplicationContext.finishBeanFactoryInitialization(AbstractApplicationContext.java:954) ~[spring-context-6.1.19.jar!/:6.1.19]
2026-09-09T11:11:56.414386689Z [inf]  	at org.springframework.context.support.AbstractApplicationContext.refresh(AbstractApplicationContext.java:625) ~[spring-context-6.1.19.jar!/:6.1.19]
2026-09-09T11:11:56.414391468Z [inf]  	at org.springframework.boot.web.servlet.context.ServletWebServerApplicationContext.refresh(ServletWebServerApplicationContext.java:146) ~[spring-boot-3.3.11.jar!/:3.3.11]
2026-09-09T11:11:56.414396281Z [inf]  	at org.springframework.boot.SpringApplication.refresh(SpringApplication.java:755) ~[spring-boot-3.3.11.jar!/:3.3.11]
2026-09-09T11:11:56.415626721Z [inf]  	at org.springframework.boot.SpringApplication.run(SpringApplication.java:335) ~[spring-boot-3.3.11.jar!/:3.3.11]
2026-09-09T11:11:56.415635255Z [inf]  	at org.springframework.boot.SpringApplication.run(SpringApplication.java:1364) ~[spring-boot-3.3.11.jar!/:3.3.11]
2026-09-09T11:11:56.415640909Z [inf]  	at org.springframework.boot.SpringApplication.run(SpringApplication.java:1353) ~[spring-boot-3.3.11.jar!/:3.3.11]
2026-09-09T11:11:56.415646040Z [inf]  	at com.rnpc.inventory.InventoryApplication.main(InventoryApplication.java:11) ~[!/:0.0.1-SNAPSHOT]
2026-09-09T11:11:56.415651517Z [inf]  	at java.base/jdk.internal.reflect.DirectMethodHandleAccessor.invoke(DirectMethodHandleAccessor.java:103) ~[na:na]
2026-09-09T11:11:56.415654180Z [inf]  	at com.mysql.cj.jdbc.exceptions.SQLError.createCommunicationsException(SQLError.java:174) ~[mysql-connector-j-8.3.0.jar!/:8.3.0]
2026-09-09T11:11:56.415658245Z [inf]  	at java.base/java.lang.reflect.Method.invoke(Method.java:580) ~[na:na]
2026-09-09T11:11:56.415660310Z [inf]  	at com.mysql.cj.jdbc.exceptions.SQLExceptionsMapping.translateException(SQLExceptionsMapping.java:64) ~[mysql-connector-j-8.3.0.jar!/:8.3.0]
2026-09-09T11:11:56.415667233Z [inf]  	at org.springframework.boot.loader.launch.Launcher.launch(Launcher.java:102) ~[inventory-0.0.1-SNAPSHOT.jar:0.0.1-SNAPSHOT]
2026-09-09T11:11:56.415674078Z [inf]  	at org.springframework.boot.loader.launch.Launcher.launch(Launcher.java:64) ~[inventory-0.0.1-SNAPSHOT.jar:0.0.1-SNAPSHOT]
2026-09-09T11:11:56.415679113Z [inf]  	at org.springframework.boot.loader.launch.JarLauncher.main(JarLauncher.java:40) ~[inventory-0.0.1-SNAPSHOT.jar:0.0.1-SNAPSHOT]
2026-09-09T11:11:56.415684438Z [inf]  Caused by: com.mysql.cj.jdbc.exceptions.CommunicationsException: Communications link failure
2026-09-09T11:11:56.415689201Z [inf]  
2026-09-09T11:11:56.415693243Z [inf]  The last packet sent successfully to the server was 0 milliseconds ago. The driver has not received any packets from the server.
2026-09-09T11:11:56.417618971Z [inf]  	at com.mysql.cj.jdbc.ConnectionImpl.createNewIO(ConnectionImpl.java:815) ~[mysql-connector-j-8.3.0.jar!/:8.3.0]
2026-09-09T11:11:56.417627152Z [inf]  	at com.mysql.cj.jdbc.ConnectionImpl.<init>(ConnectionImpl.java:438) ~[mysql-connector-j-8.3.0.jar!/:8.3.0]
2026-09-09T11:11:56.417634269Z [inf]  	at com.mysql.cj.jdbc.ConnectionImpl.getInstance(ConnectionImpl.java:241) ~[mysql-connector-j-8.3.0.jar!/:8.3.0]
2026-09-09T11:11:56.417641275Z [inf]  	at com.mysql.cj.jdbc.NonRegisteringDriver.connect(NonRegisteringDriver.java:189) ~[mysql-connector-j-8.3.0.jar!/:8.3.0]
2026-09-09T11:11:56.417647664Z [inf]  	at com.zaxxer.hikari.util.DriverDataSource.getConnection(DriverDataSource.java:137) ~[HikariCP-5.1.0.jar!/:na]
2026-09-09T11:11:56.417654514Z [inf]  	at com.zaxxer.hikari.pool.PoolBase.newConnection(PoolBase.java:360) ~[HikariCP-5.1.0.jar!/:na]
2026-09-09T11:11:56.417662086Z [inf]  	at com.zaxxer.hikari.pool.PoolBase.newPoolEntry(PoolBase.java:202) ~[HikariCP-5.1.0.jar!/:na]
2026-09-09T11:11:56.417667772Z [inf]  	at com.zaxxer.hikari.pool.HikariPool.createPoolEntry(HikariPool.java:461) ~[HikariCP-5.1.0.jar!/:na]
2026-09-09T11:11:56.417674035Z [inf]  	at com.zaxxer.hikari.pool.HikariPool.checkFailFast(HikariPool.java:550) ~[HikariCP-5.1.0.jar!/:na]
2026-09-09T11:11:56.417682109Z [inf]  	at com.zaxxer.hikari.pool.HikariPool.<init>(HikariPool.java:98) ~[HikariCP-5.1.0.jar!/:na]
2026-09-09T11:11:56.417688027Z [inf]  	at com.zaxxer.hikari.HikariDataSource.getConnection(HikariDataSource.java:111) ~[HikariCP-5.1.0.jar!/:na]
2026-09-09T11:11:56.417693858Z [inf]  	at org.hibernate.engine.jdbc.connections.internal.DatasourceConnectionProviderImpl.getConnection(DatasourceConnectionProviderImpl.java:122) ~[hibernate-core-6.5.3.Final.jar!/:6.5.3.Final]
2026-09-09T11:11:56.417699876Z [inf]  	at org.hibernate.engine.jdbc.env.internal.JdbcEnvironmentInitiator$ConnectionProviderJdbcConnectionAccess.obtainConnection(JdbcEnvironmentInitiator.java:439) ~[hibernate-core-6.5.3.Final.jar!/:6.5.3.Final]
2026-09-09T11:11:56.419427579Z [inf]  	at org.hibernate.resource.transaction.backend.jdbc.internal.JdbcIsolationDelegate.delegateWork(JdbcIsolationDelegate.java:61) ~[hibernate-core-6.5.3.Final.jar!/:6.5.3.Final]
2026-09-09T11:11:56.419432411Z [inf]  	... 40 common frames omitted
2026-09-09T11:11:56.419437256Z [inf]  Caused by: com.mysql.cj.exceptions.CJCommunicationsException: Communications link failure
2026-09-09T11:11:56.419441642Z [inf]  
2026-09-09T11:11:56.419446246Z [inf]  The last packet sent successfully to the server was 0 milliseconds ago. The driver has not received any packets from the server.
2026-09-09T11:11:56.419450382Z [inf]  	at java.base/jdk.internal.reflect.DirectConstructorHandleAccessor.newInstance(DirectConstructorHandleAccessor.java:62) ~[na:na]
2026-09-09T11:11:56.419454993Z [inf]  	at java.base/java.lang.reflect.Constructor.newInstanceWithCaller(Constructor.java:502) ~[na:na]
2026-09-09T11:11:56.419459597Z [inf]  	at java.base/java.lang.reflect.Constructor.newInstance(Constructor.java:486) ~[na:na]
2026-09-09T11:11:56.419464172Z [inf]  	at com.mysql.cj.exceptions.ExceptionFactory.createException(ExceptionFactory.java:61) ~[mysql-connector-j-8.3.0.jar!/:8.3.0]
2026-09-09T11:11:56.419468426Z [inf]  	at com.mysql.cj.exceptions.ExceptionFactory.createException(ExceptionFactory.java:104) ~[mysql-connector-j-8.3.0.jar!/:8.3.0]
2026-09-09T11:11:56.419472386Z [inf]  	at com.mysql.cj.exceptions.ExceptionFactory.createException(ExceptionFactory.java:149) ~[mysql-connector-j-8.3.0.jar!/:8.3.0]
2026-09-09T11:11:56.419476722Z [inf]  	at com.mysql.cj.exceptions.ExceptionFactory.createCommunicationsException(ExceptionFactory.java:165) ~[mysql-connector-j-8.3.0.jar!/:8.3.0]
2026-09-09T11:11:56.419481106Z [inf]  	at com.mysql.cj.protocol.a.NativeSocketConnection.connect(NativeSocketConnection.java:88) ~[mysql-connector-j-8.3.0.jar!/:8.3.0]
2026-09-09T11:11:56.419485101Z [inf]  	at com.mysql.cj.NativeSession.connect(NativeSession.java:120) ~[mysql-connector-j-8.3.0.jar!/:8.3.0]
2026-09-09T11:11:56.420928045Z [inf]  	at com.mysql.cj.jdbc.ConnectionImpl.connectOneTryOnly(ConnectionImpl.java:935) ~[mysql-connector-j-8.3.0.jar!/:8.3.0]
2026-09-09T11:11:56.420934249Z [inf]  	at com.mysql.cj.jdbc.ConnectionImpl.createNewIO(ConnectionImpl.java:805) ~[mysql-connector-j-8.3.0.jar!/:8.3.0]
2026-09-09T11:11:56.420938213Z [inf]  	... 53 common frames omitted
2026-09-09T11:11:56.420942442Z [inf]  Caused by: java.net.ConnectException: Connection refused
2026-09-09T11:11:56.420946434Z [inf]  	at java.base/sun.nio.ch.Net.pollConnect(Native Method) ~[na:na]
2026-09-09T11:11:56.420951046Z [inf]  	at java.base/sun.nio.ch.Net.pollConnectNow(Net.java:682) ~[na:na]
2026-09-09T11:11:56.420954785Z [inf]  	at java.base/sun.nio.ch.NioSocketImpl.timedFinishConnect(NioSocketImpl.java:542) ~[na:na]
2026-09-09T11:11:56.420958522Z [inf]  	at java.base/sun.nio.ch.NioSocketImpl.connect(NioSocketImpl.java:592) ~[na:na]
2026-09-09T11:11:56.420962321Z [inf]  	at java.base/java.net.SocksSocketImpl.connect(SocksSocketImpl.java:327) ~[na:na]
2026-09-09T11:11:56.420966591Z [inf]  	at java.base/java.net.Socket.connect(Socket.java:751) ~[na:na]
2026-09-09T11:11:56.420970292Z [inf]  	at com.mysql.cj.protocol.StandardSocketFactory.connect(StandardSocketFactory.java:153) ~[mysql-connector-j-8.3.0.jar!/:8.3.0]
2026-09-09T11:11:56.420975099Z [inf]  	at com.mysql.cj.protocol.a.NativeSocketConnection.connect(NativeSocketConnection.java:62) ~[mysql-connector-j-8.3.0.jar!/:8.3.0]
2026-09-09T11:11:56.420979374Z [inf]  	... 56 common frames omitted
2026-09-09T11:11:56.420983428Z [inf]  
2026-09-09T11:11:56.420987602Z [inf]  2026-09-09T11:11:56.362Z ERROR 1 --- [inventory] [           main] j.LocalContainerEntityManagerFactoryBean : Failed to initialize JPA EntityManagerFactory: Unable to create requested service [org.hibernate.engine.jdbc.env.spi.JdbcEnvironment] due to: Unable to determine Dialect without JDBC metadata (please set 'jakarta.persistence.jdbc.url' for common cases or 'hibernate.dialect' when a custom Dialect implementation must be provided)
2026-09-09T11:11:56.422134756Z [inf]  2026-09-09T11:11:56.362Z  WARN 1 --- [inventory] [           main] ConfigServletWebServerApplicationContext : Exception encountered during context initialization - cancelling refresh attempt: org.springframework.beans.factory.BeanCreationException: Error creating bean with name 'entityManagerFactory' defined in class path resource [org/springframework/boot/autoconfigure/orm/jpa/HibernateJpaConfiguration.class]: Unable to create requested service [org.hibernate.engine.jdbc.env.spi.JdbcEnvironment] due to: Unable to determine Dialect without JDBC metadata (please set 'jakarta.persistence.jdbc.url' for common cases or 'hibernate.dialect' when a custom Dialect implementation must be provided)
2026-09-09T11:11:56.422143903Z [inf]  2026-09-09T11:11:56.365Z  INFO 1 --- [inventory] [           main] o.apache.catalina.core.StandardService   : Stopping service [Tomcat]
2026-09-09T11:11:56.422149969Z [inf]  2026-09-09T11:11:56.378Z  INFO 1 --- [inventory] [           main] .s.b.a.l.ConditionEvaluationReportLogger : 
2026-09-09T11:11:56.422155609Z [inf]  
2026-09-09T11:11:56.422165012Z [inf]  Error starting ApplicationContext. To display the condition evaluation report re-run your application with 'debug' enabled.
2026-09-09T11:11:56.422170958Z [inf]  2026-09-09T11:11:56.401Z ERROR 1 --- [inventory] [           main] o.s.boot.SpringApplication               : Application run failed
2026-09-09T11:11:56.422176477Z [inf]  
2026-09-09T11:11:56.422182609Z [inf]  org.springframework.beans.factory.BeanCreationException: Error creating bean with name 'entityManagerFactory' defined in class path resource [org/springframework/boot/autoconfigure/orm/jpa/HibernateJpaConfiguration.class]: Unable to create requested service [org.hibernate.engine.jdbc.env.spi.JdbcEnvironment] due to: Unable to determine Dialect without JDBC metadata (please set 'jakarta.persistence.jdbc.url' for common cases or 'hibernate.dialect' when a custom Dialect implementation must be provided)
2026-09-09T11:11:56.424136653Z [inf]  	at org.springframework.beans.factory.support.AbstractAutowireCapableBeanFactory.initializeBean(AbstractAutowireCapableBeanFactory.java:1806) ~[spring-beans-6.1.19.jar!/:6.1.19]
2026-09-09T11:11:56.424144545Z [inf]  	at org.springframework.beans.factory.support.AbstractAutowireCapableBeanFactory.doCreateBean(AbstractAutowireCapableBeanFactory.java:600) ~[spring-beans-6.1.19.jar!/:6.1.19]
2026-09-09T11:11:56.424151475Z [inf]  	at org.springframework.beans.factory.support.AbstractAutowireCapableBeanFactory.createBean(AbstractAutowireCapableBeanFactory.java:522) ~[spring-beans-6.1.19.jar!/:6.1.19]
2026-09-09T11:11:56.424158907Z [inf]  	at org.springframework.beans.factory.support.AbstractBeanFactory.lambda$doGetBean$0(AbstractBeanFactory.java:337) ~[spring-beans-6.1.19.jar!/:6.1.19]
2026-09-09T11:11:56.424165290Z [inf]  	at org.springframework.beans.factory.support.DefaultSingletonBeanRegistry.getSingleton(DefaultSingletonBeanRegistry.java:234) ~[spring-beans-6.1.19.jar!/:6.1.19]
2026-09-09T11:11:56.424171350Z [inf]  	at org.springframework.beans.factory.support.AbstractBeanFactory.doGetBean(AbstractBeanFactory.java:335) ~[spring-beans-6.1.19.jar!/:6.1.19]
2026-09-09T11:11:56.424177282Z [inf]  	at org.springframework.beans.factory.support.AbstractBeanFactory.getBean(AbstractBeanFactory.java:205) ~[spring-beans-6.1.19.jar!/:6.1.19]
2026-09-09T11:11:56.424187556Z [inf]  	at org.springframework.context.support.AbstractApplicationContext.finishBeanFactoryInitialization(AbstractApplicationContext.java:954) ~[spring-context-6.1.19.jar!/:6.1.19]
2026-09-09T11:11:56.424193338Z [inf]  	at org.springframework.context.support.AbstractApplicationContext.refresh(AbstractApplicationContext.java:625) ~[spring-context-6.1.19.jar!/:6.1.19]
2026-09-09T11:11:56.424199304Z [inf]  	at org.springframework.boot.web.servlet.context.ServletWebServerApplicationContext.refresh(ServletWebServerApplicationContext.java:146) ~[spring-boot-3.3.11.jar!/:3.3.11]
2026-09-09T11:11:56.424877690Z [inf]  Caused by: org.hibernate.service.spi.ServiceException: Unable to create requested service [org.hibernate.engine.jdbc.env.spi.JdbcEnvironment] due to: Unable to determine Dialect without JDBC metadata (please set 'jakarta.persistence.jdbc.url' for common cases or 'hibernate.dialect' when a custom Dialect implementation must be provided)
2026-09-09T11:11:56.424881167Z [inf]  	at org.springframework.boot.SpringApplication.refresh(SpringApplication.java:755) ~[spring-boot-3.3.11.jar!/:3.3.11]
2026-09-09T11:11:56.424882866Z [inf]  	at java.base/jdk.internal.reflect.DirectMethodHandleAccessor.invoke(DirectMethodHandleAccessor.java:103) ~[na:na]
2026-09-09T11:11:56.424887351Z [inf]  	at org.springframework.boot.SpringApplication.refreshContext(SpringApplication.java:456) ~[spring-boot-3.3.11.jar!/:3.3.11]
2026-09-09T11:11:56.424892524Z [inf]  	at java.base/java.lang.reflect.Method.invoke(Method.java:580) ~[na:na]
2026-09-09T11:11:56.424895803Z [inf]  	at org.springframework.boot.SpringApplication.run(SpringApplication.java:335) ~[spring-boot-3.3.11.jar!/:3.3.11]
2026-09-09T11:11:56.424900784Z [inf]  	at org.springframework.boot.loader.launch.Launcher.launch(Launcher.java:102) ~[inventory-0.0.1-SNAPSHOT.jar:0.0.1-SNAPSHOT]
2026-09-09T11:11:56.424902898Z [inf]  	at org.springframework.boot.SpringApplication.run(SpringApplication.java:1364) ~[spring-boot-3.3.11.jar!/:3.3.11]
2026-09-09T11:11:56.424908879Z [inf]  	at org.springframework.boot.loader.launch.Launcher.launch(Launcher.java:64) ~[inventory-0.0.1-SNAPSHOT.jar:0.0.1-SNAPSHOT]
2026-09-09T11:11:56.424911257Z [inf]  	at org.springframework.boot.SpringApplication.run(SpringApplication.java:1353) ~[spring-boot-3.3.11.jar!/:3.3.11]
2026-09-09T11:11:56.424916746Z [inf]  	at org.springframework.boot.loader.launch.JarLauncher.main(JarLauncher.java:40) ~[inventory-0.0.1-SNAPSHOT.jar:0.0.1-SNAPSHOT]
2026-09-09T11:11:56.424919779Z [inf]  	at com.rnpc.inventory.InventoryApplication.main(InventoryApplication.java:11) ~[!/:0.0.1-SNAPSHOT]
2026-09-09T11:11:56.426227128Z [inf]  	at org.hibernate.service.internal.AbstractServiceRegistryImpl.createService(AbstractServiceRegistryImpl.java:276) ~[hibernate-core-6.5.3.Final.jar!/:6.5.3.Final]
2026-09-09T11:11:56.426237472Z [inf]  	at org.hibernate.service.internal.AbstractServiceRegistryImpl.initializeService(AbstractServiceRegistryImpl.java:238) ~[hibernate-core-6.5.3.Final.jar!/:6.5.3.Final]
2026-09-09T11:11:56.426244482Z [inf]  	at org.hibernate.service.internal.AbstractServiceRegistryImpl.getService(AbstractServiceRegistryImpl.java:215) ~[hibernate-core-6.5.3.Final.jar!/:6.5.3.Final]
2026-09-09T11:11:56.426251386Z [inf]  	at org.hibernate.boot.model.relational.Database.<init>(Database.java:45) ~[hibernate-core-6.5.3.Final.jar!/:6.5.3.Final]
2026-09-09T11:11:56.426257859Z [inf]  	at org.hibernate.boot.internal.InFlightMetadataCollectorImpl.getDatabase(InFlightMetadataCollectorImpl.java:221) ~[hibernate-core-6.5.3.Final.jar!/:6.5.3.Final]
2026-09-09T11:11:56.426277664Z [inf]  	at org.hibernate.boot.internal.InFlightMetadataCollectorImpl.<init>(InFlightMetadataCollectorImpl.java:189) ~[hibernate-core-6.5.3.Final.jar!/:6.5.3.Final]
2026-09-09T11:11:56.426284186Z [inf]  	at org.hibernate.boot.model.process.spi.MetadataBuildingProcess.complete(MetadataBuildingProcess.java:171) ~[hibernate-core-6.5.3.Final.jar!/:6.5.3.Final]
2026-09-09T11:11:56.426290103Z [inf]  	at org.hibernate.jpa.boot.internal.EntityManagerFactoryBuilderImpl.metadata(EntityManagerFactoryBuilderImpl.java:1431) ~[hibernate-core-6.5.3.Final.jar!/:6.5.3.Final]
2026-09-09T11:11:56.426296180Z [inf]  	at org.hibernate.jpa.boot.internal.EntityManagerFactoryBuilderImpl.build(EntityManagerFactoryBuilderImpl.java:1502) ~[hibernate-core-6.5.3.Final.jar!/:6.5.3.Final]
2026-09-09T11:11:56.426302503Z [inf]  	at org.springframework.orm.jpa.vendor.SpringHibernateJpaPersistenceProvider.createContainerEntityManagerFactory(SpringHibernateJpaPersistenceProvider.java:75) ~[spring-orm-6.1.19.jar!/:6.1.19]
2026-09-09T11:11:56.427783042Z [inf]  	at org.springframework.orm.jpa.LocalContainerEntityManagerFactoryBean.createNativeEntityManagerFactory(LocalContainerEntityManagerFactoryBean.java:390) ~[spring-orm-6.1.19.jar!/:6.1.19]
2026-09-09T11:11:56.427791626Z [inf]  	at org.springframework.orm.jpa.AbstractEntityManagerFactoryBean.buildNativeEntityManagerFactory(AbstractEntityManagerFactoryBean.java:409) ~[spring-orm-6.1.19.jar!/:6.1.19]
2026-09-09T11:11:56.427806745Z [inf]  	at org.springframework.orm.jpa.AbstractEntityManagerFactoryBean.afterPropertiesSet(AbstractEntityManagerFactoryBean.java:396) ~[spring-orm-6.1.19.jar!/:6.1.19]
2026-09-09T11:11:56.427811521Z [inf]  	at org.springframework.orm.jpa.LocalContainerEntityManagerFactoryBean.afterPropertiesSet(LocalContainerEntityManagerFactoryBean.java:366) ~[spring-orm-6.1.19.jar!/:6.1.19]
2026-09-09T11:11:56.427818494Z [inf]  	at org.springframework.beans.factory.support.AbstractAutowireCapableBeanFactory.invokeInitMethods(AbstractAutowireCapableBeanFactory.java:1853) ~[spring-beans-6.1.19.jar!/:6.1.19]
2026-09-09T11:11:56.427825401Z [inf]  	at org.springframework.beans.factory.support.AbstractAutowireCapableBeanFactory.initializeBean(AbstractAutowireCapableBeanFactory.java:1802) ~[spring-beans-6.1.19.jar!/:6.1.19]
2026-09-09T11:11:56.427831034Z [inf]  	... 20 common frames omitted
2026-09-09T11:11:56.427838588Z [inf]  Caused by: org.hibernate.HibernateException: Unable to determine Dialect without JDBC metadata (please set 'jakarta.persistence.jdbc.url' for common cases or 'hibernate.dialect' when a custom Dialect implementation must be provided)
2026-09-09T11:11:56.427844242Z [inf]  	at org.hibernate.engine.jdbc.dialect.internal.DialectFactoryImpl.determineDialect(DialectFactoryImpl.java:191) ~[hibernate-core-6.5.3.Final.jar!/:6.5.3.Final]
2026-09-09T11:11:56.427851546Z [inf]  	at org.hibernate.engine.jdbc.dialect.internal.DialectFactoryImpl.buildDialect(DialectFactoryImpl.java:87) ~[hibernate-core-6.5.3.Final.jar!/:6.5.3.Final]
2026-09-09T11:11:56.429264746Z [inf]  	at org.hibernate.engine.jdbc.env.internal.JdbcEnvironmentInitiator.getJdbcEnvironmentWithDefaults(JdbcEnvironmentInitiator.java:153) ~[hibernate-core-6.5.3.Final.jar!/:6.5.3.Final]
2026-09-09T11:11:56.429265576Z [inf]  
2026-09-09T11:11:56.429271788Z [inf]  	at org.hibernate.engine.jdbc.env.internal.JdbcEnvironmentInitiator.getJdbcEnvironmentUsingJdbcMetadata(JdbcEnvironmentInitiator.java:364) ~[hibernate-core-6.5.3.Final.jar!/:6.5.3.Final]
2026-09-09T11:11:56.429277803Z [inf]  	at org.hibernate.engine.jdbc.env.internal.JdbcEnvironmentInitiator.initiateService(JdbcEnvironmentInitiator.java:124) ~[hibernate-core-6.5.3.Final.jar!/:6.5.3.Final]
2026-09-09T11:11:56.429283320Z [inf]  	at org.hibernate.engine.jdbc.env.internal.JdbcEnvironmentInitiator.initiateService(JdbcEnvironmentInitiator.java:78) ~[hibernate-core-6.5.3.Final.jar!/:6.5.3.Final]
2026-09-09T11:11:56.429288891Z [inf]  	at org.hibernate.boot.registry.internal.StandardServiceRegistryImpl.initiateService(StandardServiceRegistryImpl.java:130) ~[hibernate-core-6.5.3.Final.jar!/:6.5.3.Final]
2026-09-09T11:11:56.429294401Z [inf]  	at org.hibernate.service.internal.AbstractServiceRegistryImpl.createService(AbstractServiceRegistryImpl.java:263) ~[hibernate-core-6.5.3.Final.jar!/:6.5.3.Final]
2026-09-09T11:11:56.429298551Z [inf]  	... 35 common frames omitted
2026-09-09T11:11:59.446502021Z [inf]    '  |____| .__|_| |_|_| |_\__, | / / / /
2026-09-09T11:11:59.446519236Z [inf]   =========|_|==============|___/=/_/_/_/
2026-09-09T11:11:59.446530348Z [inf]  
2026-09-09T11:11:59.446538811Z [inf]  
2026-09-09T11:11:59.446540113Z [inf]   :: Spring Boot ::               (v3.3.11)
2026-09-09T11:11:59.446548468Z [inf]  
2026-09-09T11:11:59.446551290Z [inf]    .   ____          _            __ _ _
2026-09-09T11:11:59.446557647Z [inf]   /\\ / ___'_ __ _ _(_)_ __  __ _ \ \ \ \
2026-09-09T11:11:59.446562940Z [inf]  ( ( )\___ | '_ | '_| | '_ \/ _` | \ \ \ \
2026-09-09T11:11:59.446567822Z [inf]   \\/  ___)| |_)| | | | | || (_| |  ) ) ) )
2026-09-09T11:11:59.574147107Z [inf]  2026-09-09T11:11:59.559Z  INFO 1 --- [inventory] [           main] c.rnpc.inventory.InventoryApplication    : Starting InventoryApplication v0.0.1-SNAPSHOT using Java 21.0.2 with PID 1 (/app/target/inventory-0.0.1-SNAPSHOT.jar started by root in /app)
2026-09-09T11:11:59.574152245Z [inf]  2026-09-09T11:11:59.563Z  INFO 1 --- [inventory] [           main] c.rnpc.inventory.InventoryApplication    : No active profile set, falling back to 1 default profile: "default"
2026-09-09T11:12:01.938226730Z [inf]  2026-09-09T11:12:01.935Z  INFO 1 --- [inventory] [           main] .s.d.r.c.RepositoryConfigurationDelegate : Bootstrapping Spring Data JPA repositories in DEFAULT mode.
2026-09-09T11:12:02.690923518Z [inf]  2026-09-09T11:12:02.143Z  INFO 1 --- [inventory] [           main] .s.d.r.c.RepositoryConfigurationDelegate : Finished Spring Data repository scanning in 196 ms. Found 16 JPA repository interfaces.
2026-09-09T11:12:04.579746761Z [inf]  2026-09-09T11:12:04.169Z  INFO 1 --- [inventory] [           main] w.s.c.ServletWebServerApplicationContext : Root WebApplicationContext: initialization completed in 4514 ms
2026-09-09T11:12:04.579798768Z [inf]  2026-09-09T11:12:04.047Z  INFO 1 --- [inventory] [           main] o.s.b.w.embedded.tomcat.TomcatWebServer  : Tomcat initialized with port 8080 (http)
2026-09-09T11:12:04.579806620Z [inf]  2026-09-09T11:12:04.135Z  INFO 1 --- [inventory] [           main] o.apache.catalina.core.StandardService   : Starting service [Tomcat]
2026-09-09T11:12:04.579814601Z [inf]  2026-09-09T11:12:04.135Z  INFO 1 --- [inventory] [           main] o.apache.catalina.core.StandardEngine    : Starting Servlet engine: [Apache Tomcat/10.1.40]
2026-09-09T11:12:04.579821256Z [inf]  2026-09-09T11:12:04.168Z  INFO 1 --- [inventory] [           main] o.a.c.c.C.[Tomcat].[localhost].[/]       : Initializing Spring embedded WebApplicationContext
2026-09-09T11:12:04.843255358Z [inf]  2026-09-09T11:12:04.833Z  INFO 1 --- [inventory] [           main] o.hibernate.jpa.internal.util.LogHelper  : HHH000204: Processing PersistenceUnitInfo [name: default]
2026-09-09T11:12:05.608127551Z [inf]  2026-09-09T11:12:05.330Z  INFO 1 --- [inventory] [           main] o.h.c.internal.RegionFactoryInitiator    : HHH000026: Second-level cache disabled
2026-09-09T11:12:05.608303518Z [inf]  2026-09-09T11:12:05.138Z  INFO 1 --- [inventory] [           main] org.hibernate.Version                    : HHH000412: Hibernate ORM core version 6.5.3.Final
2026-09-09T11:12:06.493483265Z [inf]  2026-09-09T11:12:06.228Z  INFO 1 --- [inventory] [           main] o.s.o.j.p.SpringPersistenceUnitInfo      : No LoadTimeWeaver setup: ignoring JPA class transformer
2026-09-09T11:12:06.493489117Z [inf]  2026-09-09T11:12:06.331Z  INFO 1 --- [inventory] [           main] com.zaxxer.hikari.HikariDataSource       : HikariPool-1 - Starting...
2026-09-09T11:12:07.650305663Z [inf]  2026-09-09T11:12:07.648Z  WARN 1 --- [inventory] [           main] o.h.engine.jdbc.spi.SqlExceptionHelper   : SQL Error: 0, SQLState: 08S01
2026-09-09T11:12:07.650319293Z [inf]  2026-09-09T11:12:07.648Z ERROR 1 --- [inventory] [           main] o.h.engine.jdbc.spi.SqlExceptionHelper   : Communications link failure
2026-09-09T11:12:07.650327423Z [inf]  
2026-09-09T11:12:07.650334075Z [inf]  The last packet sent successfully to the server was 0 milliseconds ago. The driver has not received any packets from the server.
2026-09-09T11:12:07.656892704Z [inf]  2026-09-09T11:12:07.649Z  WARN 1 --- [inventory] [           main] o.h.e.j.e.i.JdbcEnvironmentInitiator     : HHH000342: Could not obtain connection to query metadata
2026-09-09T11:12:07.656904519Z [inf]  
2026-09-09T11:12:07.656912603Z [inf]  org.hibernate.exception.JDBCConnectionException: unable to obtain isolated JDBC connection [Communications link failure
2026-09-09T11:12:07.656919142Z [inf]  
2026-09-09T11:12:07.656925097Z [inf]  The last packet sent successfully to the server was 0 milliseconds ago. The driver has not received any packets from the server.] [n/a]
2026-09-09T11:12:07.656930738Z [inf]  	at org.hibernate.exception.internal.SQLStateConversionDelegate.convert(SQLStateConversionDelegate.java:100) ~[hibernate-core-6.5.3.Final.jar!/:6.5.3.Final]
2026-09-09T11:12:07.656935248Z [inf]  	at org.hibernate.exception.internal.StandardSQLExceptionConverter.convert(StandardSQLExceptionConverter.java:58) ~[hibernate-core-6.5.3.Final.jar!/:6.5.3.Final]
2026-09-09T11:12:07.656940223Z [inf]  	at org.hibernate.engine.jdbc.spi.SqlExceptionHelper.convert(SqlExceptionHelper.java:108) ~[hibernate-core-6.5.3.Final.jar!/:6.5.3.Final]
2026-09-09T11:12:07.656946355Z [inf]  	at org.hibernate.engine.jdbc.spi.SqlExceptionHelper.convert(SqlExceptionHelper.java:94) ~[hibernate-core-6.5.3.Final.jar!/:6.5.3.Final]
2026-09-09T11:12:07.656952620Z [inf]  	at org.hibernate.resource.transaction.backend.jdbc.internal.JdbcIsolationDelegate.delegateWork(JdbcIsolationDelegate.java:116) ~[hibernate-core-6.5.3.Final.jar!/:6.5.3.Final]
2026-09-09T11:12:07.656959555Z [inf]  	at org.hibernate.engine.jdbc.env.internal.JdbcEnvironmentInitiator.getJdbcEnvironmentUsingJdbcMetadata(JdbcEnvironmentInitiator.java:292) ~[hibernate-core-6.5.3.Final.jar!/:6.5.3.Final]
2026-09-09T11:12:07.656966154Z [inf]  	at org.hibernate.engine.jdbc.env.internal.JdbcEnvironmentInitiator.initiateService(JdbcEnvironmentInitiator.java:124) ~[hibernate-core-6.5.3.Final.jar!/:6.5.3.Final]
2026-09-09T11:12:07.658516900Z [inf]  	at org.hibernate.engine.jdbc.env.internal.JdbcEnvironmentInitiator.initiateService(JdbcEnvironmentInitiator.java:78) ~[hibernate-core-6.5.3.Final.jar!/:6.5.3.Final]
2026-09-09T11:12:07.658526616Z [inf]  	at org.hibernate.boot.registry.internal.StandardServiceRegistryImpl.initiateService(StandardServiceRegistryImpl.java:130) ~[hibernate-core-6.5.3.Final.jar!/:6.5.3.Final]
2026-09-09T11:12:07.658532892Z [inf]  	at org.hibernate.service.internal.AbstractServiceRegistryImpl.createService(AbstractServiceRegistryImpl.java:263) ~[hibernate-core-6.5.3.Final.jar!/:6.5.3.Final]
2026-09-09T11:12:07.658538494Z [inf]  	at org.hibernate.service.internal.AbstractServiceRegistryImpl.initializeService(AbstractServiceRegistryImpl.java:238) ~[hibernate-core-6.5.3.Final.jar!/:6.5.3.Final]
2026-09-09T11:12:07.658543922Z [inf]  	at org.hibernate.service.internal.AbstractServiceRegistryImpl.getService(AbstractServiceRegistryImpl.java:215) ~[hibernate-core-6.5.3.Final.jar!/:6.5.3.Final]
2026-09-09T11:12:07.658549820Z [inf]  	at org.hibernate.boot.model.relational.Database.<init>(Database.java:45) ~[hibernate-core-6.5.3.Final.jar!/:6.5.3.Final]
2026-09-09T11:12:07.658555651Z [inf]  	at org.hibernate.boot.internal.InFlightMetadataCollectorImpl.getDatabase(InFlightMetadataCollectorImpl.java:221) ~[hibernate-core-6.5.3.Final.jar!/:6.5.3.Final]
2026-09-09T11:12:07.658560900Z [inf]  	at org.hibernate.boot.internal.InFlightMetadataCollectorImpl.<init>(InFlightMetadataCollectorImpl.java:189) ~[hibernate-core-6.5.3.Final.jar!/:6.5.3.Final]
2026-09-09T11:12:07.658564767Z [inf]  	at org.hibernate.boot.model.process.spi.MetadataBuildingProcess.complete(MetadataBuildingProcess.java:171) ~[hibernate-core-6.5.3.Final.jar!/:6.5.3.Final]
2026-09-09T11:12:07.658569302Z [inf]  	at org.hibernate.jpa.boot.internal.EntityManagerFactoryBuilderImpl.metadata(EntityManagerFactoryBuilderImpl.java:1431) ~[hibernate-core-6.5.3.Final.jar!/:6.5.3.Final]
2026-09-09T11:12:07.658573017Z [inf]  	at org.hibernate.jpa.boot.internal.EntityManagerFactoryBuilderImpl.build(EntityManagerFactoryBuilderImpl.java:1502) ~[hibernate-core-6.5.3.Final.jar!/:6.5.3.Final]
2026-09-09T11:12:07.660111732Z [inf]  	at org.springframework.orm.jpa.vendor.SpringHibernateJpaPersistenceProvider.createContainerEntityManagerFactory(SpringHibernateJpaPersistenceProvider.java:75) ~[spring-orm-6.1.19.jar!/:6.1.19]
2026-09-09T11:12:07.660117936Z [inf]  	at org.springframework.orm.jpa.LocalContainerEntityManagerFactoryBean.createNativeEntityManagerFactory(LocalContainerEntityManagerFactoryBean.java:390) ~[spring-orm-6.1.19.jar!/:6.1.19]
2026-09-09T11:12:07.660122030Z [inf]  	at org.springframework.orm.jpa.AbstractEntityManagerFactoryBean.buildNativeEntityManagerFactory(AbstractEntityManagerFactoryBean.java:409) ~[spring-orm-6.1.19.jar!/:6.1.19]
2026-09-09T11:12:07.660126347Z [inf]  	at org.springframework.orm.jpa.AbstractEntityManagerFactoryBean.afterPropertiesSet(AbstractEntityManagerFactoryBean.java:396) ~[spring-orm-6.1.19.jar!/:6.1.19]
2026-09-09T11:12:07.660130428Z [inf]  	at org.springframework.orm.jpa.LocalContainerEntityManagerFactoryBean.afterPropertiesSet(LocalContainerEntityManagerFactoryBean.java:366) ~[spring-orm-6.1.19.jar!/:6.1.19]
2026-09-09T11:12:07.660134520Z [inf]  	at org.springframework.beans.factory.support.AbstractAutowireCapableBeanFactory.invokeInitMethods(AbstractAutowireCapableBeanFactory.java:1853) ~[spring-beans-6.1.19.jar!/:6.1.19]
2026-09-09T11:12:07.660138422Z [inf]  	at org.springframework.beans.factory.support.AbstractAutowireCapableBeanFactory.initializeBean(AbstractAutowireCapableBeanFactory.java:1802) ~[spring-beans-6.1.19.jar!/:6.1.19]
2026-09-09T11:12:07.660142530Z [inf]  	at org.springframework.beans.factory.support.AbstractAutowireCapableBeanFactory.doCreateBean(AbstractAutowireCapableBeanFactory.java:600) ~[spring-beans-6.1.19.jar!/:6.1.19]
2026-09-09T11:12:07.660147184Z [inf]  	at org.springframework.beans.factory.support.AbstractAutowireCapableBeanFactory.createBean(AbstractAutowireCapableBeanFactory.java:522) ~[spring-beans-6.1.19.jar!/:6.1.19]
2026-09-09T11:12:07.660152943Z [inf]  	at org.springframework.beans.factory.support.AbstractBeanFactory.lambda$doGetBean$0(AbstractBeanFactory.java:337) ~[spring-beans-6.1.19.jar!/:6.1.19]
2026-09-09T11:12:07.662095474Z [inf]  	at org.springframework.beans.factory.support.DefaultSingletonBeanRegistry.getSingleton(DefaultSingletonBeanRegistry.java:234) ~[spring-beans-6.1.19.jar!/:6.1.19]
2026-09-09T11:12:07.662102364Z [inf]  	at org.springframework.beans.factory.support.AbstractBeanFactory.doGetBean(AbstractBeanFactory.java:335) ~[spring-beans-6.1.19.jar!/:6.1.19]
2026-09-09T11:12:07.662109383Z [inf]  	at org.springframework.beans.factory.support.AbstractBeanFactory.getBean(AbstractBeanFactory.java:205) ~[spring-beans-6.1.19.jar!/:6.1.19]
2026-09-09T11:12:07.662114732Z [inf]  	at org.springframework.context.support.AbstractApplicationContext.finishBeanFactoryInitialization(AbstractApplicationContext.java:954) ~[spring-context-6.1.19.jar!/:6.1.19]
2026-09-09T11:12:07.662119496Z [inf]  	at org.springframework.context.support.AbstractApplicationContext.refresh(AbstractApplicationContext.java:625) ~[spring-context-6.1.19.jar!/:6.1.19]
2026-09-09T11:12:07.662124786Z [inf]  	at org.springframework.boot.web.servlet.context.ServletWebServerApplicationContext.refresh(ServletWebServerApplicationContext.java:146) ~[spring-boot-3.3.11.jar!/:3.3.11]
2026-09-09T11:12:07.662131232Z [inf]  	at org.springframework.boot.SpringApplication.refresh(SpringApplication.java:755) ~[spring-boot-3.3.11.jar!/:3.3.11]
2026-09-09T11:12:07.662136998Z [inf]  	at org.springframework.boot.SpringApplication.refreshContext(SpringApplication.java:456) ~[spring-boot-3.3.11.jar!/:3.3.11]
2026-09-09T11:12:07.662143293Z [inf]  	at org.springframework.boot.SpringApplication.run(SpringApplication.java:335) ~[spring-boot-3.3.11.jar!/:3.3.11]
2026-09-09T11:12:07.662148307Z [inf]  	at org.springframework.boot.SpringApplication.run(SpringApplication.java:1364) ~[spring-boot-3.3.11.jar!/:3.3.11]
2026-09-09T11:12:07.662153450Z [inf]  	at org.springframework.boot.SpringApplication.run(SpringApplication.java:1353) ~[spring-boot-3.3.11.jar!/:3.3.11]
2026-09-09T11:12:07.662158754Z [inf]  	at com.rnpc.inventory.InventoryApplication.main(InventoryApplication.java:11) ~[!/:0.0.1-SNAPSHOT]
2026-09-09T11:12:07.664190825Z [inf]  	at java.base/jdk.internal.reflect.DirectMethodHandleAccessor.invoke(DirectMethodHandleAccessor.java:103) ~[na:na]
2026-09-09T11:12:07.664199186Z [inf]  	at java.base/java.lang.reflect.Method.invoke(Method.java:580) ~[na:na]
2026-09-09T11:12:07.664205201Z [inf]  	at org.springframework.boot.loader.launch.Launcher.launch(Launcher.java:102) ~[inventory-0.0.1-SNAPSHOT.jar:0.0.1-SNAPSHOT]
2026-09-09T11:12:07.664209733Z [inf]  	at org.springframework.boot.loader.launch.Launcher.launch(Launcher.java:64) ~[inventory-0.0.1-SNAPSHOT.jar:0.0.1-SNAPSHOT]
2026-09-09T11:12:07.664213919Z [inf]  	at org.springframework.boot.loader.launch.JarLauncher.main(JarLauncher.java:40) ~[inventory-0.0.1-SNAPSHOT.jar:0.0.1-SNAPSHOT]
2026-09-09T11:12:07.664217810Z [inf]  Caused by: com.mysql.cj.jdbc.exceptions.CommunicationsException: Communications link failure
2026-09-09T11:12:07.664222038Z [inf]  
2026-09-09T11:12:07.664225997Z [inf]  The last packet sent successfully to the server was 0 milliseconds ago. The driver has not received any packets from the server.
2026-09-09T11:12:07.664230089Z [inf]  	at com.mysql.cj.jdbc.exceptions.SQLError.createCommunicationsException(SQLError.java:174) ~[mysql-connector-j-8.3.0.jar!/:8.3.0]
2026-09-09T11:12:07.664233934Z [inf]  	at com.mysql.cj.jdbc.exceptions.SQLExceptionsMapping.translateException(SQLExceptionsMapping.java:64) ~[mysql-connector-j-8.3.0.jar!/:8.3.0]
2026-09-09T11:12:07.664237827Z [inf]  	at com.mysql.cj.jdbc.ConnectionImpl.createNewIO(ConnectionImpl.java:815) ~[mysql-connector-j-8.3.0.jar!/:8.3.0]
2026-09-09T11:12:07.664242691Z [inf]  	at com.mysql.cj.jdbc.ConnectionImpl.<init>(ConnectionImpl.java:438) ~[mysql-connector-j-8.3.0.jar!/:8.3.0]
2026-09-09T11:12:07.664246340Z [inf]  	at com.mysql.cj.jdbc.ConnectionImpl.getInstance(ConnectionImpl.java:241) ~[mysql-connector-j-8.3.0.jar!/:8.3.0]
2026-09-09T11:12:07.665909286Z [inf]  	at com.mysql.cj.jdbc.NonRegisteringDriver.connect(NonRegisteringDriver.java:189) ~[mysql-connector-j-8.3.0.jar!/:8.3.0]
2026-09-09T11:12:07.665917539Z [inf]  	at com.zaxxer.hikari.util.DriverDataSource.getConnection(DriverDataSource.java:137) ~[HikariCP-5.1.0.jar!/:na]
2026-09-09T11:12:07.665922417Z [inf]  	at com.zaxxer.hikari.pool.PoolBase.newConnection(PoolBase.java:360) ~[HikariCP-5.1.0.jar!/:na]
2026-09-09T11:12:07.665926926Z [inf]  	at com.zaxxer.hikari.pool.PoolBase.newPoolEntry(PoolBase.java:202) ~[HikariCP-5.1.0.jar!/:na]
2026-09-09T11:12:07.665932418Z [inf]  	at com.zaxxer.hikari.pool.HikariPool.createPoolEntry(HikariPool.java:461) ~[HikariCP-5.1.0.jar!/:na]
2026-09-09T11:12:07.665938669Z [inf]  	at com.zaxxer.hikari.pool.HikariPool.checkFailFast(HikariPool.java:550) ~[HikariCP-5.1.0.jar!/:na]
2026-09-09T11:12:07.665944303Z [inf]  	at com.zaxxer.hikari.pool.HikariPool.<init>(HikariPool.java:98) ~[HikariCP-5.1.0.jar!/:na]
2026-09-09T11:12:07.665949536Z [inf]  	at com.zaxxer.hikari.HikariDataSource.getConnection(HikariDataSource.java:111) ~[HikariCP-5.1.0.jar!/:na]
2026-09-09T11:12:07.665954985Z [inf]  	at org.hibernate.engine.jdbc.connections.internal.DatasourceConnectionProviderImpl.getConnection(DatasourceConnectionProviderImpl.java:122) ~[hibernate-core-6.5.3.Final.jar!/:6.5.3.Final]
2026-09-09T11:12:07.665962021Z [inf]  	at org.hibernate.engine.jdbc.env.internal.JdbcEnvironmentInitiator$ConnectionProviderJdbcConnectionAccess.obtainConnection(JdbcEnvironmentInitiator.java:439) ~[hibernate-core-6.5.3.Final.jar!/:6.5.3.Final]
2026-09-09T11:12:07.665967978Z [inf]  	at org.hibernate.resource.transaction.backend.jdbc.internal.JdbcIsolationDelegate.delegateWork(JdbcIsolationDelegate.java:61) ~[hibernate-core-6.5.3.Final.jar!/:6.5.3.Final]
2026-09-09T11:12:07.665973924Z [inf]  	... 40 common frames omitted
2026-09-09T11:12:07.665978918Z [inf]  Caused by: com.mysql.cj.exceptions.CJCommunicationsException: Communications link failure
2026-09-09T11:12:07.665985633Z [inf]  
2026-09-09T11:12:07.665989943Z [inf]  The last packet sent successfully to the server was 0 milliseconds ago. The driver has not received any packets from the server.
2026-09-09T11:12:07.667585958Z [inf]  	at java.base/jdk.internal.reflect.DirectConstructorHandleAccessor.newInstance(DirectConstructorHandleAccessor.java:62) ~[na:na]
2026-09-09T11:12:07.667598144Z [inf]  	at java.base/java.lang.reflect.Constructor.newInstanceWithCaller(Constructor.java:502) ~[na:na]
2026-09-09T11:12:07.667604893Z [inf]  	at java.base/java.lang.reflect.Constructor.newInstance(Constructor.java:486) ~[na:na]
2026-09-09T11:12:07.667611099Z [inf]  	at com.mysql.cj.exceptions.ExceptionFactory.createException(ExceptionFactory.java:61) ~[mysql-connector-j-8.3.0.jar!/:8.3.0]
2026-09-09T11:12:07.667616807Z [inf]  	at com.mysql.cj.exceptions.ExceptionFactory.createException(ExceptionFactory.java:104) ~[mysql-connector-j-8.3.0.jar!/:8.3.0]
2026-09-09T11:12:07.667634348Z [inf]  	at com.mysql.cj.exceptions.ExceptionFactory.createException(ExceptionFactory.java:149) ~[mysql-connector-j-8.3.0.jar!/:8.3.0]
2026-09-09T11:12:07.667644131Z [inf]  	at com.mysql.cj.exceptions.ExceptionFactory.createCommunicationsException(ExceptionFactory.java:165) ~[mysql-connector-j-8.3.0.jar!/:8.3.0]
2026-09-09T11:12:07.667651498Z [inf]  	at com.mysql.cj.protocol.a.NativeSocketConnection.connect(NativeSocketConnection.java:88) ~[mysql-connector-j-8.3.0.jar!/:8.3.0]
2026-09-09T11:12:07.667656845Z [inf]  	at com.mysql.cj.NativeSession.connect(NativeSession.java:120) ~[mysql-connector-j-8.3.0.jar!/:8.3.0]
2026-09-09T11:12:07.667665448Z [inf]  	at com.mysql.cj.jdbc.ConnectionImpl.connectOneTryOnly(ConnectionImpl.java:935) ~[mysql-connector-j-8.3.0.jar!/:8.3.0]
2026-09-09T11:12:07.667670551Z [inf]  	at com.mysql.cj.jdbc.ConnectionImpl.createNewIO(ConnectionImpl.java:805) ~[mysql-connector-j-8.3.0.jar!/:8.3.0]
2026-09-09T11:12:07.667679231Z [inf]  	... 53 common frames omitted
2026-09-09T11:12:07.667694890Z [inf]  Caused by: java.net.ConnectException: Connection refused
2026-09-09T11:12:07.667700665Z [inf]  	at java.base/sun.nio.ch.Net.pollConnect(Native Method) ~[na:na]
2026-09-09T11:12:07.669710452Z [inf]  	at java.base/sun.nio.ch.Net.pollConnectNow(Net.java:682) ~[na:na]
2026-09-09T11:12:07.669716357Z [inf]  	at java.base/sun.nio.ch.NioSocketImpl.timedFinishConnect(NioSocketImpl.java:542) ~[na:na]
2026-09-09T11:12:07.669720894Z [inf]  	at java.base/sun.nio.ch.NioSocketImpl.connect(NioSocketImpl.java:592) ~[na:na]
2026-09-09T11:12:07.669724861Z [inf]  	at java.base/java.net.SocksSocketImpl.connect(SocksSocketImpl.java:327) ~[na:na]
2026-09-09T11:12:07.669730046Z [inf]  	at java.base/java.net.Socket.connect(Socket.java:751) ~[na:na]
2026-09-09T11:12:07.669735561Z [inf]  	at com.mysql.cj.protocol.StandardSocketFactory.connect(StandardSocketFactory.java:153) ~[mysql-connector-j-8.3.0.jar!/:8.3.0]
2026-09-09T11:12:07.669739362Z [inf]  	at com.mysql.cj.protocol.a.NativeSocketConnection.connect(NativeSocketConnection.java:62) ~[mysql-connector-j-8.3.0.jar!/:8.3.0]
2026-09-09T11:12:07.669742973Z [inf]  	... 56 common frames omitted
2026-09-09T11:12:07.669746674Z [inf]  
2026-09-09T11:12:07.669750878Z [inf]  2026-09-09T11:12:07.654Z ERROR 1 --- [inventory] [           main] j.LocalContainerEntityManagerFactoryBean : Failed to initialize JPA EntityManagerFactory: Unable to create requested service [org.hibernate.engine.jdbc.env.spi.JdbcEnvironment] due to: Unable to determine Dialect without JDBC metadata (please set 'jakarta.persistence.jdbc.url' for common cases or 'hibernate.dialect' when a custom Dialect implementation must be provided)
2026-09-09T11:12:07.669754915Z [inf]  2026-09-09T11:12:07.654Z  WARN 1 --- [inventory] [           main] ConfigServletWebServerApplicationContext : Exception encountered during context initialization - cancelling refresh attempt: org.springframework.beans.factory.BeanCreationException: Error creating bean with name 'entityManagerFactory' defined in class path resource [org/springframework/boot/autoconfigure/orm/jpa/HibernateJpaConfiguration.class]: Unable to create requested service [org.hibernate.engine.jdbc.env.spi.JdbcEnvironment] due to: Unable to determine Dialect without JDBC metadata (please set 'jakarta.persistence.jdbc.url' for common cases or 'hibernate.dialect' when a custom Dialect implementation must be provided)
2026-09-09T11:12:07.671136319Z [inf]  2026-09-09T11:12:07.657Z  INFO 1 --- [inventory] [           main] o.apache.catalina.core.StandardService   : Stopping service [Tomcat]
2026-09-09T11:12:07.672952948Z [inf]  2026-09-09T11:12:07.671Z  INFO 1 --- [inventory] [           main] .s.b.a.l.ConditionEvaluationReportLogger : 
2026-09-09T11:12:07.672964048Z [inf]  
2026-09-09T11:12:07.672970456Z [inf]  Error starting ApplicationContext. To display the condition evaluation report re-run your application with 'debug' enabled.
2026-09-09T11:12:07.699806766Z [inf]  2026-09-09T11:12:07.693Z ERROR 1 --- [inventory] [           main] o.s.boot.SpringApplication               : Application run failed
2026-09-09T11:12:07.699821726Z [inf]  
2026-09-09T11:12:07.699831567Z [inf]  org.springframework.beans.factory.BeanCreationException: Error creating bean with name 'entityManagerFactory' defined in class path resource [org/springframework/boot/autoconfigure/orm/jpa/HibernateJpaConfiguration.class]: Unable to create requested service [org.hibernate.engine.jdbc.env.spi.JdbcEnvironment] due to: Unable to determine Dialect without JDBC metadata (please set 'jakarta.persistence.jdbc.url' for common cases or 'hibernate.dialect' when a custom Dialect implementation must be provided)
2026-09-09T11:12:07.699837630Z [inf]  	at org.springframework.beans.factory.support.AbstractAutowireCapableBeanFactory.initializeBean(AbstractAutowireCapableBeanFactory.java:1806) ~[spring-beans-6.1.19.jar!/:6.1.19]
2026-09-09T11:12:07.699842846Z [inf]  	at org.springframework.beans.factory.support.AbstractAutowireCapableBeanFactory.doCreateBean(AbstractAutowireCapableBeanFactory.java:600) ~[spring-beans-6.1.19.jar!/:6.1.19]
2026-09-09T11:12:07.699848820Z [inf]  	at org.springframework.beans.factory.support.AbstractAutowireCapableBeanFactory.createBean(AbstractAutowireCapableBeanFactory.java:522) ~[spring-beans-6.1.19.jar!/:6.1.19]
2026-09-09T11:12:07.699854896Z [inf]  	at org.springframework.beans.factory.support.AbstractBeanFactory.lambda$doGetBean$0(AbstractBeanFactory.java:337) ~[spring-beans-6.1.19.jar!/:6.1.19]
2026-09-09T11:12:07.699859528Z [inf]  	at org.springframework.beans.factory.support.DefaultSingletonBeanRegistry.getSingleton(DefaultSingletonBeanRegistry.java:234) ~[spring-beans-6.1.19.jar!/:6.1.19]
2026-09-09T11:12:07.699864147Z [inf]  	at org.springframework.beans.factory.support.AbstractBeanFactory.doGetBean(AbstractBeanFactory.java:335) ~[spring-beans-6.1.19.jar!/:6.1.19]
2026-09-09T11:12:07.699869143Z [inf]  	at org.springframework.beans.factory.support.AbstractBeanFactory.getBean(AbstractBeanFactory.java:205) ~[spring-beans-6.1.19.jar!/:6.1.19]
2026-09-09T11:12:07.703000402Z [inf]  	at org.springframework.context.support.AbstractApplicationContext.finishBeanFactoryInitialization(AbstractApplicationContext.java:954) ~[spring-context-6.1.19.jar!/:6.1.19]
2026-09-09T11:12:07.703009761Z [inf]  	at org.springframework.context.support.AbstractApplicationContext.refresh(AbstractApplicationContext.java:625) ~[spring-context-6.1.19.jar!/:6.1.19]
2026-09-09T11:12:07.703017088Z [inf]  	at org.springframework.boot.web.servlet.context.ServletWebServerApplicationContext.refresh(ServletWebServerApplicationContext.java:146) ~[spring-boot-3.3.11.jar!/:3.3.11]
2026-09-09T11:12:07.703024116Z [inf]  	at org.springframework.boot.SpringApplication.refresh(SpringApplication.java:755) ~[spring-boot-3.3.11.jar!/:3.3.11]
2026-09-09T11:12:07.703029526Z [inf]  	at org.springframework.boot.SpringApplication.refreshContext(SpringApplication.java:456) ~[spring-boot-3.3.11.jar!/:3.3.11]
2026-09-09T11:12:07.703034545Z [inf]  	at org.springframework.boot.SpringApplication.run(SpringApplication.java:335) ~[spring-boot-3.3.11.jar!/:3.3.11]
2026-09-09T11:12:07.703039154Z [inf]  	at org.springframework.boot.SpringApplication.run(SpringApplication.java:1364) ~[spring-boot-3.3.11.jar!/:3.3.11]
2026-09-09T11:12:07.703045988Z [inf]  	at org.springframework.boot.SpringApplication.run(SpringApplication.java:1353) ~[spring-boot-3.3.11.jar!/:3.3.11]
2026-09-09T11:12:07.703050879Z [inf]  	at com.rnpc.inventory.InventoryApplication.main(InventoryApplication.java:11) ~[!/:0.0.1-SNAPSHOT]
2026-09-09T11:12:07.703055620Z [inf]  	at java.base/jdk.internal.reflect.DirectMethodHandleAccessor.invoke(DirectMethodHandleAccessor.java:103) ~[na:na]
2026-09-09T11:12:07.703059960Z [inf]  	at java.base/java.lang.reflect.Method.invoke(Method.java:580) ~[na:na]
2026-09-09T11:12:07.703064526Z [inf]  	at org.springframework.boot.loader.launch.Launcher.launch(Launcher.java:102) ~[inventory-0.0.1-SNAPSHOT.jar:0.0.1-SNAPSHOT]
2026-09-09T11:12:07.703073432Z [inf]  	at org.springframework.boot.loader.launch.Launcher.launch(Launcher.java:64) ~[inventory-0.0.1-SNAPSHOT.jar:0.0.1-SNAPSHOT]
2026-09-09T11:12:07.704649692Z [inf]  	at org.springframework.boot.loader.launch.JarLauncher.main(JarLauncher.java:40) ~[inventory-0.0.1-SNAPSHOT.jar:0.0.1-SNAPSHOT]
2026-09-09T11:12:07.704658690Z [inf]  Caused by: org.hibernate.service.spi.ServiceException: Unable to create requested service [org.hibernate.engine.jdbc.env.spi.JdbcEnvironment] due to: Unable to determine Dialect without JDBC metadata (please set 'jakarta.persistence.jdbc.url' for common cases or 'hibernate.dialect' when a custom Dialect implementation must be provided)
2026-09-09T11:12:07.704665824Z [inf]  	at org.hibernate.service.internal.AbstractServiceRegistryImpl.createService(AbstractServiceRegistryImpl.java:276) ~[hibernate-core-6.5.3.Final.jar!/:6.5.3.Final]
2026-09-09T11:12:07.704668254Z [inf]  	at org.hibernate.boot.internal.InFlightMetadataCollectorImpl.getDatabase(InFlightMetadataCollectorImpl.java:221) ~[hibernate-core-6.5.3.Final.jar!/:6.5.3.Final]
2026-09-09T11:12:07.704675182Z [inf]  	at org.hibernate.service.internal.AbstractServiceRegistryImpl.initializeService(AbstractServiceRegistryImpl.java:238) ~[hibernate-core-6.5.3.Final.jar!/:6.5.3.Final]
2026-09-09T11:12:07.704678382Z [inf]  	at org.hibernate.boot.internal.InFlightMetadataCollectorImpl.<init>(InFlightMetadataCollectorImpl.java:189) ~[hibernate-core-6.5.3.Final.jar!/:6.5.3.Final]
2026-09-09T11:12:07.704682480Z [inf]  	at org.hibernate.service.internal.AbstractServiceRegistryImpl.getService(AbstractServiceRegistryImpl.java:215) ~[hibernate-core-6.5.3.Final.jar!/:6.5.3.Final]
2026-09-09T11:12:07.704689934Z [inf]  	at org.hibernate.boot.model.relational.Database.<init>(Database.java:45) ~[hibernate-core-6.5.3.Final.jar!/:6.5.3.Final]
2026-09-09T11:12:07.704690925Z [inf]  	at org.hibernate.boot.model.process.spi.MetadataBuildingProcess.complete(MetadataBuildingProcess.java:171) ~[hibernate-core-6.5.3.Final.jar!/:6.5.3.Final]
2026-09-09T11:12:07.704698137Z [inf]  	at org.hibernate.jpa.boot.internal.EntityManagerFactoryBuilderImpl.metadata(EntityManagerFactoryBuilderImpl.java:1431) ~[hibernate-core-6.5.3.Final.jar!/:6.5.3.Final]
2026-09-09T11:12:07.706325807Z [inf]  	at org.hibernate.jpa.boot.internal.EntityManagerFactoryBuilderImpl.build(EntityManagerFactoryBuilderImpl.java:1502) ~[hibernate-core-6.5.3.Final.jar!/:6.5.3.Final]
2026-09-09T11:12:07.706334304Z [inf]  	at org.springframework.orm.jpa.vendor.SpringHibernateJpaPersistenceProvider.createContainerEntityManagerFactory(SpringHibernateJpaPersistenceProvider.java:75) ~[spring-orm-6.1.19.jar!/:6.1.19]
2026-09-09T11:12:07.706340247Z [inf]  	at org.springframework.orm.jpa.LocalContainerEntityManagerFactoryBean.createNativeEntityManagerFactory(LocalContainerEntityManagerFactoryBean.java:390) ~[spring-orm-6.1.19.jar!/:6.1.19]
2026-09-09T11:12:07.706344195Z [inf]  	at org.springframework.orm.jpa.AbstractEntityManagerFactoryBean.buildNativeEntityManagerFactory(AbstractEntityManagerFactoryBean.java:409) ~[spring-orm-6.1.19.jar!/:6.1.19]
2026-09-09T11:12:07.706348448Z [inf]  	at org.springframework.orm.jpa.AbstractEntityManagerFactoryBean.afterPropertiesSet(AbstractEntityManagerFactoryBean.java:396) ~[spring-orm-6.1.19.jar!/:6.1.19]
2026-09-09T11:12:07.706352488Z [inf]  	at org.springframework.orm.jpa.LocalContainerEntityManagerFactoryBean.afterPropertiesSet(LocalContainerEntityManagerFactoryBean.java:366) ~[spring-orm-6.1.19.jar!/:6.1.19]
2026-09-09T11:12:07.706358248Z [inf]  	at org.springframework.beans.factory.support.AbstractAutowireCapableBeanFactory.invokeInitMethods(AbstractAutowireCapableBeanFactory.java:1853) ~[spring-beans-6.1.19.jar!/:6.1.19]
2026-09-09T11:12:07.706362154Z [inf]  	at org.springframework.beans.factory.support.AbstractAutowireCapableBeanFactory.initializeBean(AbstractAutowireCapableBeanFactory.java:1802) ~[spring-beans-6.1.19.jar!/:6.1.19]
2026-09-09T11:12:07.706367098Z [inf]  	... 20 common frames omitted
2026-09-09T11:12:07.706371900Z [inf]  Caused by: org.hibernate.HibernateException: Unable to determine Dialect without JDBC metadata (please set 'jakarta.persistence.jdbc.url' for common cases or 'hibernate.dialect' when a custom Dialect implementation must be provided)
2026-09-09T11:12:07.708542480Z [inf]  	at org.hibernate.engine.jdbc.dialect.internal.DialectFactoryImpl.determineDialect(DialectFactoryImpl.java:191) ~[hibernate-core-6.5.3.Final.jar!/:6.5.3.Final]
2026-09-09T11:12:07.708552162Z [inf]  	at org.hibernate.engine.jdbc.dialect.internal.DialectFactoryImpl.buildDialect(DialectFactoryImpl.java:87) ~[hibernate-core-6.5.3.Final.jar!/:6.5.3.Final]
2026-09-09T11:12:07.708557765Z [inf]  	at org.hibernate.engine.jdbc.env.internal.JdbcEnvironmentInitiator.getJdbcEnvironmentWithDefaults(JdbcEnvironmentInitiator.java:153) ~[hibernate-core-6.5.3.Final.jar!/:6.5.3.Final]
2026-09-09T11:12:07.708562421Z [inf]  	at org.hibernate.engine.jdbc.env.internal.JdbcEnvironmentInitiator.getJdbcEnvironmentUsingJdbcMetadata(JdbcEnvironmentInitiator.java:364) ~[hibernate-core-6.5.3.Final.jar!/:6.5.3.Final]
2026-09-09T11:12:07.708567570Z [inf]  	at org.hibernate.engine.jdbc.env.internal.JdbcEnvironmentInitiator.initiateService(JdbcEnvironmentInitiator.java:124) ~[hibernate-core-6.5.3.Final.jar!/:6.5.3.Final]
2026-09-09T11:12:07.708572522Z [inf]  	at org.hibernate.engine.jdbc.env.internal.JdbcEnvironmentInitiator.initiateService(JdbcEnvironmentInitiator.java:78) ~[hibernate-core-6.5.3.Final.jar!/:6.5.3.Final]
2026-09-09T11:12:07.708577307Z [inf]  	at org.hibernate.boot.registry.internal.StandardServiceRegistryImpl.initiateService(StandardServiceRegistryImpl.java:130) ~[hibernate-core-6.5.3.Final.jar!/:6.5.3.Final]
2026-09-09T11:12:07.708582374Z [inf]  	at org.hibernate.service.internal.AbstractServiceRegistryImpl.createService(AbstractServiceRegistryImpl.java:263) ~[hibernate-core-6.5.3.Final.jar!/:6.5.3.Final]
2026-09-09T11:12:07.708587489Z [inf]  	... 35 common frames omitted
2026-09-09T11:12:07.708593781Z [inf]  
2026-09-09T11:12:10.551523451Z [inf]  
2026-09-09T11:12:10.551533532Z [inf]    .   ____          _            __ _ _
2026-09-09T11:12:10.551540824Z [inf]   /\\ / ___'_ __ _ _(_)_ __  __ _ \ \ \ \
2026-09-09T11:12:10.551546414Z [inf]  ( ( )\___ | '_ | '_| | '_ \/ _` | \ \ \ \
2026-09-09T11:12:10.551552789Z [inf]   \\/  ___)| |_)| | | | | || (_| |  ) ) ) )
2026-09-09T11:12:10.551559226Z [inf]    '  |____| .__|_| |_|_| |_\__, | / / / /
2026-09-09T11:12:10.551565640Z [inf]   =========|_|==============|___/=/_/_/_/
2026-09-09T11:12:10.551571480Z [inf]  
2026-09-09T11:12:10.554803629Z [inf]   :: Spring Boot ::               (v3.3.11)
2026-09-09T11:12:10.554809570Z [inf]  
2026-09-09T11:12:10.758442574Z [inf]  2026-09-09T11:12:10.749Z  INFO 1 --- [inventory] [           main] c.rnpc.inventory.InventoryApplication    : Starting InventoryApplication v0.0.1-SNAPSHOT using Java 21.0.2 with PID 1 (/app/target/inventory-0.0.1-SNAPSHOT.jar started by root in /app)
2026-09-09T11:12:10.758451613Z [inf]  2026-09-09T11:12:10.751Z  INFO 1 --- [inventory] [           main] c.rnpc.inventory.InventoryApplication    : No active profile set, falling back to 1 default profile: "default"
2026-09-09T11:12:12.695225494Z [inf]  2026-09-09T11:12:12.693Z  INFO 1 --- [inventory] [           main] .s.d.r.c.RepositoryConfigurationDelegate : Bootstrapping Spring Data JPA repositories in DEFAULT mode.
2026-09-09T11:12:12.948421011Z [inf]  2026-09-09T11:12:12.941Z  INFO 1 --- [inventory] [           main] .s.d.r.c.RepositoryConfigurationDelegate : Finished Spring Data repository scanning in 178 ms. Found 16 JPA repository interfaces.
2026-09-09T11:12:14.669858042Z [inf]  2026-09-09T11:12:14.661Z  INFO 1 --- [inventory] [           main] o.s.b.w.embedded.tomcat.TomcatWebServer  : Tomcat initialized with port 8080 (http)
2026-09-09T11:12:14.773194466Z [inf]  2026-09-09T11:12:14.742Z  INFO 1 --- [inventory] [           main] o.apache.catalina.core.StandardService   : Starting service [Tomcat]
2026-09-09T11:12:14.773200815Z [inf]  2026-09-09T11:12:14.742Z  INFO 1 --- [inventory] [           main] o.apache.catalina.core.StandardEngine    : Starting Servlet engine: [Apache Tomcat/10.1.40]
2026-09-09T11:12:14.776728350Z [inf]  2026-09-09T11:12:14.774Z  INFO 1 --- [inventory] [           main] o.a.c.c.C.[Tomcat].[localhost].[/]       : Initializing Spring embedded WebApplicationContext
2026-09-09T11:12:14.778820521Z [inf]  2026-09-09T11:12:14.775Z  INFO 1 --- [inventory] [           main] w.s.c.ServletWebServerApplicationContext : Root WebApplicationContext: initialization completed in 3981 ms
2026-09-09T11:12:15.625263515Z [inf]  2026-09-09T11:12:15.462Z  INFO 1 --- [inventory] [           main] o.hibernate.jpa.internal.util.LogHelper  : HHH000204: Processing PersistenceUnitInfo [name: default]
2026-09-09T11:12:15.697984556Z [inf]  2026-09-09T11:12:15.661Z  INFO 1 --- [inventory] [           main] org.hibernate.Version                    : HHH000412: Hibernate ORM core version 6.5.3.Final
2026-09-09T11:12:15.859629984Z [inf]  2026-09-09T11:12:15.842Z  INFO 1 --- [inventory] [           main] o.h.c.internal.RegionFactoryInitiator    : HHH000026: Second-level cache disabled
2026-09-09T11:12:16.657783417Z [inf]  2026-09-09T11:12:16.547Z  INFO 1 --- [inventory] [           main] o.s.o.j.p.SpringPersistenceUnitInfo      : No LoadTimeWeaver setup: ignoring JPA class transformer
2026-09-09T11:12:16.657792880Z [inf]  2026-09-09T11:12:16.573Z  INFO 1 --- [inventory] [           main] com.zaxxer.hikari.HikariDataSource       : HikariPool-1 - Starting...
2026-09-09T11:12:17.968214463Z [inf]  2026-09-09T11:12:17.960Z  WARN 1 --- [inventory] [           main] o.h.engine.jdbc.spi.SqlExceptionHelper   : SQL Error: 0, SQLState: 08S01
2026-09-09T11:12:17.968224902Z [inf]  2026-09-09T11:12:17.960Z ERROR 1 --- [inventory] [           main] o.h.engine.jdbc.spi.SqlExceptionHelper   : Communications link failure
2026-09-09T11:12:17.968231639Z [inf]  
2026-09-09T11:12:17.968236976Z [inf]  The last packet sent successfully to the server was 0 milliseconds ago. The driver has not received any packets from the server.
2026-09-09T11:12:17.968242241Z [inf]  2026-09-09T11:12:17.961Z  WARN 1 --- [inventory] [           main] o.h.e.j.e.i.JdbcEnvironmentInitiator     : HHH000342: Could not obtain connection to query metadata
2026-09-09T11:12:17.968247308Z [inf]  
2026-09-09T11:12:17.968251824Z [inf]  org.hibernate.exception.JDBCConnectionException: unable to obtain isolated JDBC connection [Communications link failure
2026-09-09T11:12:17.968257596Z [inf]  
2026-09-09T11:12:17.968262162Z [inf]  The last packet sent successfully to the server was 0 milliseconds ago. The driver has not received any packets from the server.] [n/a]
2026-09-09T11:12:17.968268151Z [inf]  	at org.hibernate.exception.internal.SQLStateConversionDelegate.convert(SQLStateConversionDelegate.java:100) ~[hibernate-core-6.5.3.Final.jar!/:6.5.3.Final]
2026-09-09T11:12:17.968272375Z [inf]  	at org.hibernate.exception.internal.StandardSQLExceptionConverter.convert(StandardSQLExceptionConverter.java:58) ~[hibernate-core-6.5.3.Final.jar!/:6.5.3.Final]
2026-09-09T11:12:17.968276466Z [inf]  	at org.hibernate.engine.jdbc.spi.SqlExceptionHelper.convert(SqlExceptionHelper.java:108) ~[hibernate-core-6.5.3.Final.jar!/:6.5.3.Final]
2026-09-09T11:12:17.968280411Z [inf]  	at org.hibernate.engine.jdbc.spi.SqlExceptionHelper.convert(SqlExceptionHelper.java:94) ~[hibernate-core-6.5.3.Final.jar!/:6.5.3.Final]
2026-09-09T11:12:17.968285971Z [inf]  	at org.hibernate.resource.transaction.backend.jdbc.internal.JdbcIsolationDelegate.delegateWork(JdbcIsolationDelegate.java:116) ~[hibernate-core-6.5.3.Final.jar!/:6.5.3.Final]
2026-09-09T11:12:17.969098384Z [inf]  	at org.hibernate.engine.jdbc.env.internal.JdbcEnvironmentInitiator.getJdbcEnvironmentUsingJdbcMetadata(JdbcEnvironmentInitiator.java:292) ~[hibernate-core-6.5.3.Final.jar!/:6.5.3.Final]
2026-09-09T11:12:17.969098880Z [inf]  	at org.hibernate.boot.internal.InFlightMetadataCollectorImpl.<init>(InFlightMetadataCollectorImpl.java:189) ~[hibernate-core-6.5.3.Final.jar!/:6.5.3.Final]
2026-09-09T11:12:17.969108540Z [inf]  	at org.hibernate.engine.jdbc.env.internal.JdbcEnvironmentInitiator.initiateService(JdbcEnvironmentInitiator.java:124) ~[hibernate-core-6.5.3.Final.jar!/:6.5.3.Final]
2026-09-09T11:12:17.969115289Z [inf]  	at org.hibernate.engine.jdbc.env.internal.JdbcEnvironmentInitiator.initiateService(JdbcEnvironmentInitiator.java:78) ~[hibernate-core-6.5.3.Final.jar!/:6.5.3.Final]
2026-09-09T11:12:17.969120001Z [inf]  	at org.hibernate.boot.registry.internal.StandardServiceRegistryImpl.initiateService(StandardServiceRegistryImpl.java:130) ~[hibernate-core-6.5.3.Final.jar!/:6.5.3.Final]
2026-09-09T11:12:17.969124672Z [inf]  	at org.hibernate.service.internal.AbstractServiceRegistryImpl.createService(AbstractServiceRegistryImpl.java:263) ~[hibernate-core-6.5.3.Final.jar!/:6.5.3.Final]
2026-09-09T11:12:17.969129633Z [inf]  	at org.hibernate.service.internal.AbstractServiceRegistryImpl.initializeService(AbstractServiceRegistryImpl.java:238) ~[hibernate-core-6.5.3.Final.jar!/:6.5.3.Final]
2026-09-09T11:12:17.969134544Z [inf]  	at org.hibernate.service.internal.AbstractServiceRegistryImpl.getService(AbstractServiceRegistryImpl.java:215) ~[hibernate-core-6.5.3.Final.jar!/:6.5.3.Final]
2026-09-09T11:12:17.969139789Z [inf]  	at org.hibernate.boot.model.relational.Database.<init>(Database.java:45) ~[hibernate-core-6.5.3.Final.jar!/:6.5.3.Final]
2026-09-09T11:12:17.969144579Z [inf]  	at org.hibernate.boot.internal.InFlightMetadataCollectorImpl.getDatabase(InFlightMetadataCollectorImpl.java:221) ~[hibernate-core-6.5.3.Final.jar!/:6.5.3.Final]
2026-09-09T11:12:17.971212892Z [inf]  	at org.hibernate.boot.model.process.spi.MetadataBuildingProcess.complete(MetadataBuildingProcess.java:171) ~[hibernate-core-6.5.3.Final.jar!/:6.5.3.Final]
2026-09-09T11:12:17.971221536Z [inf]  	at org.hibernate.jpa.boot.internal.EntityManagerFactoryBuilderImpl.metadata(EntityManagerFactoryBuilderImpl.java:1431) ~[hibernate-core-6.5.3.Final.jar!/:6.5.3.Final]
2026-09-09T11:12:17.971228546Z [inf]  	at org.hibernate.jpa.boot.internal.EntityManagerFactoryBuilderImpl.build(EntityManagerFactoryBuilderImpl.java:1502) ~[hibernate-core-6.5.3.Final.jar!/:6.5.3.Final]
2026-09-09T11:12:17.971235551Z [inf]  	at org.springframework.orm.jpa.vendor.SpringHibernateJpaPersistenceProvider.createContainerEntityManagerFactory(SpringHibernateJpaPersistenceProvider.java:75) ~[spring-orm-6.1.19.jar!/:6.1.19]
2026-09-09T11:12:17.971241407Z [inf]  	at org.springframework.orm.jpa.LocalContainerEntityManagerFactoryBean.createNativeEntityManagerFactory(LocalContainerEntityManagerFactoryBean.java:390) ~[spring-orm-6.1.19.jar!/:6.1.19]
2026-09-09T11:12:17.971247716Z [inf]  	at org.springframework.orm.jpa.AbstractEntityManagerFactoryBean.buildNativeEntityManagerFactory(AbstractEntityManagerFactoryBean.java:409) ~[spring-orm-6.1.19.jar!/:6.1.19]
2026-09-09T11:12:17.971251949Z [inf]  	at org.springframework.orm.jpa.AbstractEntityManagerFactoryBean.afterPropertiesSet(AbstractEntityManagerFactoryBean.java:396) ~[spring-orm-6.1.19.jar!/:6.1.19]
2026-09-09T11:12:17.971256232Z [inf]  	at org.springframework.orm.jpa.LocalContainerEntityManagerFactoryBean.afterPropertiesSet(LocalContainerEntityManagerFactoryBean.java:366) ~[spring-orm-6.1.19.jar!/:6.1.19]
2026-09-09T11:12:17.971260133Z [inf]  	at org.springframework.beans.factory.support.AbstractAutowireCapableBeanFactory.invokeInitMethods(AbstractAutowireCapableBeanFactory.java:1853) ~[spring-beans-6.1.19.jar!/:6.1.19]
2026-09-09T11:12:17.971264622Z [inf]  	at org.springframework.beans.factory.support.AbstractAutowireCapableBeanFactory.initializeBean(AbstractAutowireCapableBeanFactory.java:1802) ~[spring-beans-6.1.19.jar!/:6.1.19]
2026-09-09T11:12:17.973747650Z [inf]  	at org.springframework.beans.factory.support.AbstractAutowireCapableBeanFactory.doCreateBean(AbstractAutowireCapableBeanFactory.java:600) ~[spring-beans-6.1.19.jar!/:6.1.19]
2026-09-09T11:12:17.973760917Z [inf]  	at org.springframework.beans.factory.support.AbstractAutowireCapableBeanFactory.createBean(AbstractAutowireCapableBeanFactory.java:522) ~[spring-beans-6.1.19.jar!/:6.1.19]
2026-09-09T11:12:17.973773445Z [inf]  	at org.springframework.beans.factory.support.AbstractBeanFactory.lambda$doGetBean$0(AbstractBeanFactory.java:337) ~[spring-beans-6.1.19.jar!/:6.1.19]
2026-09-09T11:12:17.973780679Z [inf]  	at org.springframework.beans.factory.support.DefaultSingletonBeanRegistry.getSingleton(DefaultSingletonBeanRegistry.java:234) ~[spring-beans-6.1.19.jar!/:6.1.19]
2026-09-09T11:12:17.973787775Z [inf]  	at org.springframework.beans.factory.support.AbstractBeanFactory.doGetBean(AbstractBeanFactory.java:335) ~[spring-beans-6.1.19.jar!/:6.1.19]
2026-09-09T11:12:17.973799494Z [inf]  	at org.springframework.beans.factory.support.AbstractBeanFactory.getBean(AbstractBeanFactory.java:205) ~[spring-beans-6.1.19.jar!/:6.1.19]
2026-09-09T11:12:17.973806572Z [inf]  	at org.springframework.context.support.AbstractApplicationContext.finishBeanFactoryInitialization(AbstractApplicationContext.java:954) ~[spring-context-6.1.19.jar!/:6.1.19]
2026-09-09T11:12:17.973813411Z [inf]  	at org.springframework.context.support.AbstractApplicationContext.refresh(AbstractApplicationContext.java:625) ~[spring-context-6.1.19.jar!/:6.1.19]
2026-09-09T11:12:17.973820392Z [inf]  	at org.springframework.boot.web.servlet.context.ServletWebServerApplicationContext.refresh(ServletWebServerApplicationContext.java:146) ~[spring-boot-3.3.11.jar!/:3.3.11]
2026-09-09T11:12:17.973827694Z [inf]  	at org.springframework.boot.SpringApplication.refresh(SpringApplication.java:755) ~[spring-boot-3.3.11.jar!/:3.3.11]
2026-09-09T11:12:17.973834026Z [inf]  	at org.springframework.boot.SpringApplication.refreshContext(SpringApplication.java:456) ~[spring-boot-3.3.11.jar!/:3.3.11]
2026-09-09T11:12:17.975344390Z [inf]  	at com.mysql.cj.jdbc.exceptions.SQLError.createCommunicationsException(SQLError.java:174) ~[mysql-connector-j-8.3.0.jar!/:8.3.0]
2026-09-09T11:12:17.975356259Z [inf]  	at com.mysql.cj.jdbc.exceptions.SQLExceptionsMapping.translateException(SQLExceptionsMapping.java:64) ~[mysql-connector-j-8.3.0.jar!/:8.3.0]
2026-09-09T11:12:17.975359631Z [inf]  	at org.springframework.boot.SpringApplication.run(SpringApplication.java:335) ~[spring-boot-3.3.11.jar!/:3.3.11]
2026-09-09T11:12:17.975374443Z [inf]  	at org.springframework.boot.SpringApplication.run(SpringApplication.java:1364) ~[spring-boot-3.3.11.jar!/:3.3.11]
2026-09-09T11:12:17.975380599Z [inf]  	at org.springframework.boot.SpringApplication.run(SpringApplication.java:1353) ~[spring-boot-3.3.11.jar!/:3.3.11]
2026-09-09T11:12:17.975387066Z [inf]  	at com.rnpc.inventory.InventoryApplication.main(InventoryApplication.java:11) ~[!/:0.0.1-SNAPSHOT]
2026-09-09T11:12:17.975393188Z [inf]  	at java.base/jdk.internal.reflect.DirectMethodHandleAccessor.invoke(DirectMethodHandleAccessor.java:103) ~[na:na]
2026-09-09T11:12:17.975399415Z [inf]  	at java.base/java.lang.reflect.Method.invoke(Method.java:580) ~[na:na]
2026-09-09T11:12:17.975405939Z [inf]  	at org.springframework.boot.loader.launch.Launcher.launch(Launcher.java:102) ~[inventory-0.0.1-SNAPSHOT.jar:0.0.1-SNAPSHOT]
2026-09-09T11:12:17.975411646Z [inf]  	at org.springframework.boot.loader.launch.Launcher.launch(Launcher.java:64) ~[inventory-0.0.1-SNAPSHOT.jar:0.0.1-SNAPSHOT]
2026-09-09T11:12:17.975418681Z [inf]  	at org.springframework.boot.loader.launch.JarLauncher.main(JarLauncher.java:40) ~[inventory-0.0.1-SNAPSHOT.jar:0.0.1-SNAPSHOT]
2026-09-09T11:12:17.975425116Z [inf]  Caused by: com.mysql.cj.jdbc.exceptions.CommunicationsException: Communications link failure
2026-09-09T11:12:17.975431731Z [inf]  
2026-09-09T11:12:17.975438221Z [inf]  The last packet sent successfully to the server was 0 milliseconds ago. The driver has not received any packets from the server.
2026-09-09T11:12:17.977607317Z [inf]  	at com.mysql.cj.jdbc.ConnectionImpl.createNewIO(ConnectionImpl.java:815) ~[mysql-connector-j-8.3.0.jar!/:8.3.0]
2026-09-09T11:12:17.977616362Z [inf]  	at com.mysql.cj.jdbc.ConnectionImpl.<init>(ConnectionImpl.java:438) ~[mysql-connector-j-8.3.0.jar!/:8.3.0]
2026-09-09T11:12:17.977623236Z [inf]  	at com.mysql.cj.jdbc.ConnectionImpl.getInstance(ConnectionImpl.java:241) ~[mysql-connector-j-8.3.0.jar!/:8.3.0]
2026-09-09T11:12:17.977628807Z [inf]  	at com.mysql.cj.jdbc.NonRegisteringDriver.connect(NonRegisteringDriver.java:189) ~[mysql-connector-j-8.3.0.jar!/:8.3.0]
2026-09-09T11:12:17.977635215Z [inf]  	at com.zaxxer.hikari.util.DriverDataSource.getConnection(DriverDataSource.java:137) ~[HikariCP-5.1.0.jar!/:na]
2026-09-09T11:12:17.977641553Z [inf]  	at com.zaxxer.hikari.pool.PoolBase.newConnection(PoolBase.java:360) ~[HikariCP-5.1.0.jar!/:na]
2026-09-09T11:12:17.977647549Z [inf]  	at com.zaxxer.hikari.pool.PoolBase.newPoolEntry(PoolBase.java:202) ~[HikariCP-5.1.0.jar!/:na]
2026-09-09T11:12:17.977653981Z [inf]  	at com.zaxxer.hikari.pool.HikariPool.createPoolEntry(HikariPool.java:461) ~[HikariCP-5.1.0.jar!/:na]
2026-09-09T11:12:17.977660483Z [inf]  	at com.zaxxer.hikari.pool.HikariPool.checkFailFast(HikariPool.java:550) ~[HikariCP-5.1.0.jar!/:na]
2026-09-09T11:12:17.977666843Z [inf]  	at com.zaxxer.hikari.pool.HikariPool.<init>(HikariPool.java:98) ~[HikariCP-5.1.0.jar!/:na]
2026-09-09T11:12:17.977672359Z [inf]  	at com.zaxxer.hikari.HikariDataSource.getConnection(HikariDataSource.java:111) ~[HikariCP-5.1.0.jar!/:na]
2026-09-09T11:12:17.977678841Z [inf]  	at org.hibernate.engine.jdbc.connections.internal.DatasourceConnectionProviderImpl.getConnection(DatasourceConnectionProviderImpl.java:122) ~[hibernate-core-6.5.3.Final.jar!/:6.5.3.Final]
2026-09-09T11:12:17.977684553Z [inf]  	at org.hibernate.engine.jdbc.env.internal.JdbcEnvironmentInitiator$ConnectionProviderJdbcConnectionAccess.obtainConnection(JdbcEnvironmentInitiator.java:439) ~[hibernate-core-6.5.3.Final.jar!/:6.5.3.Final]
2026-09-09T11:12:17.978794233Z [inf]  	at org.hibernate.resource.transaction.backend.jdbc.internal.JdbcIsolationDelegate.delegateWork(JdbcIsolationDelegate.java:61) ~[hibernate-core-6.5.3.Final.jar!/:6.5.3.Final]
2026-09-09T11:12:17.978804712Z [inf]  	... 40 common frames omitted
2026-09-09T11:12:17.978811173Z [inf]  Caused by: com.mysql.cj.exceptions.CJCommunicationsException: Communications link failure
2026-09-09T11:12:17.978817681Z [inf]  
2026-09-09T11:12:17.978823218Z [inf]  The last packet sent successfully to the server was 0 milliseconds ago. The driver has not received any packets from the server.
2026-09-09T11:12:17.978830075Z [inf]  	at java.base/jdk.internal.reflect.DirectConstructorHandleAccessor.newInstance(DirectConstructorHandleAccessor.java:62) ~[na:na]
2026-09-09T11:12:17.978835394Z [inf]  	at java.base/java.lang.reflect.Constructor.newInstanceWithCaller(Constructor.java:502) ~[na:na]
2026-09-09T11:12:17.978842589Z [inf]  	at java.base/java.lang.reflect.Constructor.newInstance(Constructor.java:486) ~[na:na]
2026-09-09T11:12:17.978847698Z [inf]  	at com.mysql.cj.exceptions.ExceptionFactory.createException(ExceptionFactory.java:61) ~[mysql-connector-j-8.3.0.jar!/:8.3.0]
2026-09-09T11:12:17.978852529Z [inf]  	at com.mysql.cj.exceptions.ExceptionFactory.createException(ExceptionFactory.java:104) ~[mysql-connector-j-8.3.0.jar!/:8.3.0]
2026-09-09T11:12:17.978857600Z [inf]  	at com.mysql.cj.exceptions.ExceptionFactory.createException(ExceptionFactory.java:149) ~[mysql-connector-j-8.3.0.jar!/:8.3.0]
2026-09-09T11:12:17.978862438Z [inf]  	at com.mysql.cj.exceptions.ExceptionFactory.createCommunicationsException(ExceptionFactory.java:165) ~[mysql-connector-j-8.3.0.jar!/:8.3.0]
2026-09-09T11:12:17.978867712Z [inf]  	at com.mysql.cj.protocol.a.NativeSocketConnection.connect(NativeSocketConnection.java:88) ~[mysql-connector-j-8.3.0.jar!/:8.3.0]
2026-09-09T11:12:17.978872261Z [inf]  	at com.mysql.cj.NativeSession.connect(NativeSession.java:120) ~[mysql-connector-j-8.3.0.jar!/:8.3.0]
2026-09-09T11:12:17.980591685Z [inf]  2026-09-09T11:12:17.965Z ERROR 1 --- [inventory] [           main] j.LocalContainerEntityManagerFactoryBean : Failed to initialize JPA EntityManagerFactory: Unable to create requested service [org.hibernate.engine.jdbc.env.spi.JdbcEnvironment] due to: Unable to determine Dialect without JDBC metadata (please set 'jakarta.persistence.jdbc.url' for common cases or 'hibernate.dialect' when a custom Dialect implementation must be provided)
2026-09-09T11:12:17.980606138Z [inf]  	at com.mysql.cj.jdbc.ConnectionImpl.connectOneTryOnly(ConnectionImpl.java:935) ~[mysql-connector-j-8.3.0.jar!/:8.3.0]
2026-09-09T11:12:17.980612901Z [inf]  	at com.mysql.cj.jdbc.ConnectionImpl.createNewIO(ConnectionImpl.java:805) ~[mysql-connector-j-8.3.0.jar!/:8.3.0]
2026-09-09T11:12:17.980618999Z [inf]  	... 53 common frames omitted
2026-09-09T11:12:17.980625713Z [inf]  Caused by: java.net.ConnectException: Connection refused
2026-09-09T11:12:17.980632443Z [inf]  	at java.base/sun.nio.ch.Net.pollConnect(Native Method) ~[na:na]
2026-09-09T11:12:17.980638999Z [inf]  	at java.base/sun.nio.ch.Net.pollConnectNow(Net.java:682) ~[na:na]
2026-09-09T11:12:17.980645626Z [inf]  	at java.base/sun.nio.ch.NioSocketImpl.timedFinishConnect(NioSocketImpl.java:542) ~[na:na]
2026-09-09T11:12:17.980652376Z [inf]  	at java.base/sun.nio.ch.NioSocketImpl.connect(NioSocketImpl.java:592) ~[na:na]
2026-09-09T11:12:17.980657904Z [inf]  	at java.base/java.net.SocksSocketImpl.connect(SocksSocketImpl.java:327) ~[na:na]
2026-09-09T11:12:17.980664443Z [inf]  	at java.base/java.net.Socket.connect(Socket.java:751) ~[na:na]
2026-09-09T11:12:17.980670889Z [inf]  	at com.mysql.cj.protocol.StandardSocketFactory.connect(StandardSocketFactory.java:153) ~[mysql-connector-j-8.3.0.jar!/:8.3.0]
2026-09-09T11:12:17.980676776Z [inf]  	at com.mysql.cj.protocol.a.NativeSocketConnection.connect(NativeSocketConnection.java:62) ~[mysql-connector-j-8.3.0.jar!/:8.3.0]
2026-09-09T11:12:17.980682880Z [inf]  	... 56 common frames omitted
2026-09-09T11:12:17.980689404Z [inf]  
2026-09-09T11:12:17.981821600Z [inf]  2026-09-09T11:12:17.965Z  WARN 1 --- [inventory] [           main] ConfigServletWebServerApplicationContext : Exception encountered during context initialization - cancelling refresh attempt: org.springframework.beans.factory.BeanCreationException: Error creating bean with name 'entityManagerFactory' defined in class path resource [org/springframework/boot/autoconfigure/orm/jpa/HibernateJpaConfiguration.class]: Unable to create requested service [org.hibernate.engine.jdbc.env.spi.JdbcEnvironment] due to: Unable to determine Dialect without JDBC metadata (please set 'jakarta.persistence.jdbc.url' for common cases or 'hibernate.dialect' when a custom Dialect implementation must be provided)
2026-09-09T11:12:17.981828365Z [inf]  2026-09-09T11:12:17.967Z  INFO 1 --- [inventory] [           main] o.apache.catalina.core.StandardService   : Stopping service [Tomcat]
2026-09-09T11:12:17.981832843Z [inf]  2026-09-09T11:12:17.978Z  INFO 1 --- [inventory] [           main] .s.b.a.l.ConditionEvaluationReportLogger : 
2026-09-09T11:12:17.981837235Z [inf]  
2026-09-09T11:12:17.981841455Z [inf]  Error starting ApplicationContext. To display the condition evaluation report re-run your application with 'debug' enabled.
2026-09-09T11:12:18.007548448Z [inf]  2026-09-09T11:12:17.999Z ERROR 1 --- [inventory] [           main] o.s.boot.SpringApplication               : Application run failed
2026-09-09T11:12:18.007557400Z [inf]  
2026-09-09T11:12:18.007562922Z [inf]  org.springframework.beans.factory.BeanCreationException: Error creating bean with name 'entityManagerFactory' defined in class path resource [org/springframework/boot/autoconfigure/orm/jpa/HibernateJpaConfiguration.class]: Unable to create requested service [org.hibernate.engine.jdbc.env.spi.JdbcEnvironment] due to: Unable to determine Dialect without JDBC metadata (please set 'jakarta.persistence.jdbc.url' for common cases or 'hibernate.dialect' when a custom Dialect implementation must be provided)
2026-09-09T11:12:18.007568101Z [inf]  	at org.springframework.beans.factory.support.AbstractAutowireCapableBeanFactory.initializeBean(AbstractAutowireCapableBeanFactory.java:1806) ~[spring-beans-6.1.19.jar!/:6.1.19]
2026-09-09T11:12:18.007573991Z [inf]  	at org.springframework.beans.factory.support.AbstractAutowireCapableBeanFactory.doCreateBean(AbstractAutowireCapableBeanFactory.java:600) ~[spring-beans-6.1.19.jar!/:6.1.19]
2026-09-09T11:12:18.007578878Z [inf]  	at org.springframework.beans.factory.support.AbstractAutowireCapableBeanFactory.createBean(AbstractAutowireCapableBeanFactory.java:522) ~[spring-beans-6.1.19.jar!/:6.1.19]
2026-09-09T11:12:18.007583249Z [inf]  	at org.springframework.beans.factory.support.AbstractBeanFactory.lambda$doGetBean$0(AbstractBeanFactory.java:337) ~[spring-beans-6.1.19.jar!/:6.1.19]
2026-09-09T11:12:18.007587486Z [inf]  	at org.springframework.beans.factory.support.DefaultSingletonBeanRegistry.getSingleton(DefaultSingletonBeanRegistry.java:234) ~[spring-beans-6.1.19.jar!/:6.1.19]
2026-09-09T11:12:18.007591959Z [inf]  	at org.springframework.beans.factory.support.AbstractBeanFactory.doGetBean(AbstractBeanFactory.java:335) ~[spring-beans-6.1.19.jar!/:6.1.19]
2026-09-09T11:12:18.007596329Z [inf]  	at org.springframework.beans.factory.support.AbstractBeanFactory.getBean(AbstractBeanFactory.java:205) ~[spring-beans-6.1.19.jar!/:6.1.19]
2026-09-09T11:12:18.010346610Z [inf]  	at java.base/java.lang.reflect.Method.invoke(Method.java:580) ~[na:na]
2026-09-09T11:12:18.010356106Z [inf]  	at org.springframework.boot.loader.launch.Launcher.launch(Launcher.java:102) ~[inventory-0.0.1-SNAPSHOT.jar:0.0.1-SNAPSHOT]
2026-09-09T11:12:18.010361209Z [inf]  	at org.springframework.context.support.AbstractApplicationContext.finishBeanFactoryInitialization(AbstractApplicationContext.java:954) ~[spring-context-6.1.19.jar!/:6.1.19]
2026-09-09T11:12:18.010364290Z [inf]  	at org.springframework.boot.loader.launch.Launcher.launch(Launcher.java:64) ~[inventory-0.0.1-SNAPSHOT.jar:0.0.1-SNAPSHOT]
2026-09-09T11:12:18.010372652Z [inf]  	at org.springframework.context.support.AbstractApplicationContext.refresh(AbstractApplicationContext.java:625) ~[spring-context-6.1.19.jar!/:6.1.19]
2026-09-09T11:12:18.010379325Z [inf]  	at org.springframework.boot.web.servlet.context.ServletWebServerApplicationContext.refresh(ServletWebServerApplicationContext.java:146) ~[spring-boot-3.3.11.jar!/:3.3.11]
2026-09-09T11:12:18.010384667Z [inf]  	at org.springframework.boot.SpringApplication.refresh(SpringApplication.java:755) ~[spring-boot-3.3.11.jar!/:3.3.11]
2026-09-09T11:12:18.010392122Z [inf]  	at org.springframework.boot.SpringApplication.refreshContext(SpringApplication.java:456) ~[spring-boot-3.3.11.jar!/:3.3.11]
2026-09-09T11:12:18.010399259Z [inf]  	at org.springframework.boot.SpringApplication.run(SpringApplication.java:335) ~[spring-boot-3.3.11.jar!/:3.3.11]
2026-09-09T11:12:18.010404925Z [inf]  	at org.springframework.boot.SpringApplication.run(SpringApplication.java:1364) ~[spring-boot-3.3.11.jar!/:3.3.11]
2026-09-09T11:12:18.010409844Z [inf]  	at org.springframework.boot.SpringApplication.run(SpringApplication.java:1353) ~[spring-boot-3.3.11.jar!/:3.3.11]
2026-09-09T11:12:18.010414860Z [inf]  	at com.rnpc.inventory.InventoryApplication.main(InventoryApplication.java:11) ~[!/:0.0.1-SNAPSHOT]
2026-09-09T11:12:18.010420900Z [inf]  	at java.base/jdk.internal.reflect.DirectMethodHandleAccessor.invoke(DirectMethodHandleAccessor.java:103) ~[na:na]
2026-09-09T11:12:18.012462833Z [inf]  	at org.springframework.boot.loader.launch.JarLauncher.main(JarLauncher.java:40) ~[inventory-0.0.1-SNAPSHOT.jar:0.0.1-SNAPSHOT]
2026-09-09T11:12:18.012473157Z [inf]  Caused by: org.hibernate.service.spi.ServiceException: Unable to create requested service [org.hibernate.engine.jdbc.env.spi.JdbcEnvironment] due to: Unable to determine Dialect without JDBC metadata (please set 'jakarta.persistence.jdbc.url' for common cases or 'hibernate.dialect' when a custom Dialect implementation must be provided)
2026-09-09T11:12:18.012480560Z [inf]  	at org.hibernate.service.internal.AbstractServiceRegistryImpl.createService(AbstractServiceRegistryImpl.java:276) ~[hibernate-core-6.5.3.Final.jar!/:6.5.3.Final]
2026-09-09T11:12:18.012519373Z [inf]  	at org.hibernate.service.internal.AbstractServiceRegistryImpl.initializeService(AbstractServiceRegistryImpl.java:238) ~[hibernate-core-6.5.3.Final.jar!/:6.5.3.Final]
2026-09-09T11:12:18.012528303Z [inf]  	at org.hibernate.service.internal.AbstractServiceRegistryImpl.getService(AbstractServiceRegistryImpl.java:215) ~[hibernate-core-6.5.3.Final.jar!/:6.5.3.Final]
2026-09-09T11:12:18.012535227Z [inf]  	at org.hibernate.boot.model.relational.Database.<init>(Database.java:45) ~[hibernate-core-6.5.3.Final.jar!/:6.5.3.Final]
2026-09-09T11:12:18.012541712Z [inf]  	at org.hibernate.boot.internal.InFlightMetadataCollectorImpl.getDatabase(InFlightMetadataCollectorImpl.java:221) ~[hibernate-core-6.5.3.Final.jar!/:6.5.3.Final]
2026-09-09T11:12:18.012549241Z [inf]  	at org.hibernate.boot.internal.InFlightMetadataCollectorImpl.<init>(InFlightMetadataCollectorImpl.java:189) ~[hibernate-core-6.5.3.Final.jar!/:6.5.3.Final]
2026-09-09T11:12:18.012556695Z [inf]  	at org.hibernate.boot.model.process.spi.MetadataBuildingProcess.complete(MetadataBuildingProcess.java:171) ~[hibernate-core-6.5.3.Final.jar!/:6.5.3.Final]
2026-09-09T11:12:18.012564205Z [inf]  	at org.hibernate.jpa.boot.internal.EntityManagerFactoryBuilderImpl.metadata(EntityManagerFactoryBuilderImpl.java:1431) ~[hibernate-core-6.5.3.Final.jar!/:6.5.3.Final]
2026-09-09T11:12:18.014768678Z [inf]  	at org.hibernate.jpa.boot.internal.EntityManagerFactoryBuilderImpl.build(EntityManagerFactoryBuilderImpl.java:1502) ~[hibernate-core-6.5.3.Final.jar!/:6.5.3.Final]
2026-09-09T11:12:18.014776686Z [inf]  	at org.springframework.orm.jpa.vendor.SpringHibernateJpaPersistenceProvider.createContainerEntityManagerFactory(SpringHibernateJpaPersistenceProvider.java:75) ~[spring-orm-6.1.19.jar!/:6.1.19]
2026-09-09T11:12:18.014782397Z [inf]  	at org.springframework.orm.jpa.LocalContainerEntityManagerFactoryBean.createNativeEntityManagerFactory(LocalContainerEntityManagerFactoryBean.java:390) ~[spring-orm-6.1.19.jar!/:6.1.19]
2026-09-09T11:12:18.014787525Z [inf]  	at org.springframework.orm.jpa.AbstractEntityManagerFactoryBean.buildNativeEntityManagerFactory(AbstractEntityManagerFactoryBean.java:409) ~[spring-orm-6.1.19.jar!/:6.1.19]
2026-09-09T11:12:18.014792422Z [inf]  	at org.springframework.orm.jpa.AbstractEntityManagerFactoryBean.afterPropertiesSet(AbstractEntityManagerFactoryBean.java:396) ~[spring-orm-6.1.19.jar!/:6.1.19]
2026-09-09T11:12:18.014797749Z [inf]  	at org.springframework.orm.jpa.LocalContainerEntityManagerFactoryBean.afterPropertiesSet(LocalContainerEntityManagerFactoryBean.java:366) ~[spring-orm-6.1.19.jar!/:6.1.19]
2026-09-09T11:12:18.014802805Z [inf]  	at org.springframework.beans.factory.support.AbstractAutowireCapableBeanFactory.invokeInitMethods(AbstractAutowireCapableBeanFactory.java:1853) ~[spring-beans-6.1.19.jar!/:6.1.19]
2026-09-09T11:12:18.014807715Z [inf]  	at org.springframework.beans.factory.support.AbstractAutowireCapableBeanFactory.initializeBean(AbstractAutowireCapableBeanFactory.java:1802) ~[spring-beans-6.1.19.jar!/:6.1.19]
2026-09-09T11:12:18.014813609Z [inf]  	... 20 common frames omitted
2026-09-09T11:12:18.014819604Z [inf]  Caused by: org.hibernate.HibernateException: Unable to determine Dialect without JDBC metadata (please set 'jakarta.persistence.jdbc.url' for common cases or 'hibernate.dialect' when a custom Dialect implementation must be provided)
2026-09-09T11:12:18.016271082Z [inf]  	at org.hibernate.engine.jdbc.dialect.internal.DialectFactoryImpl.determineDialect(DialectFactoryImpl.java:191) ~[hibernate-core-6.5.3.Final.jar!/:6.5.3.Final]
2026-09-09T11:12:18.016282622Z [inf]  	at org.hibernate.engine.jdbc.dialect.internal.DialectFactoryImpl.buildDialect(DialectFactoryImpl.java:87) ~[hibernate-core-6.5.3.Final.jar!/:6.5.3.Final]
2026-09-09T11:12:18.016294233Z [inf]  	at org.hibernate.engine.jdbc.env.internal.JdbcEnvironmentInitiator.getJdbcEnvironmentWithDefaults(JdbcEnvironmentInitiator.java:153) ~[hibernate-core-6.5.3.Final.jar!/:6.5.3.Final]
2026-09-09T11:12:18.016302340Z [inf]  	at org.hibernate.engine.jdbc.env.internal.JdbcEnvironmentInitiator.getJdbcEnvironmentUsingJdbcMetadata(JdbcEnvironmentInitiator.java:364) ~[hibernate-core-6.5.3.Final.jar!/:6.5.3.Final]
2026-09-09T11:12:18.016309561Z [inf]  	at org.hibernate.engine.jdbc.env.internal.JdbcEnvironmentInitiator.initiateService(JdbcEnvironmentInitiator.java:124) ~[hibernate-core-6.5.3.Final.jar!/:6.5.3.Final]
2026-09-09T11:12:18.016316823Z [inf]  	at org.hibernate.engine.jdbc.env.internal.JdbcEnvironmentInitiator.initiateService(JdbcEnvironmentInitiator.java:78) ~[hibernate-core-6.5.3.Final.jar!/:6.5.3.Final]
2026-09-09T11:12:18.016323827Z [inf]  	at org.hibernate.boot.registry.internal.StandardServiceRegistryImpl.initiateService(StandardServiceRegistryImpl.java:130) ~[hibernate-core-6.5.3.Final.jar!/:6.5.3.Final]
2026-09-09T11:12:18.016330212Z [inf]  	at org.hibernate.service.internal.AbstractServiceRegistryImpl.createService(AbstractServiceRegistryImpl.java:263) ~[hibernate-core-6.5.3.Final.jar!/:6.5.3.Final]
2026-09-09T11:12:18.016336392Z [inf]  	... 35 common frames omitted
2026-09-09T11:12:18.016345402Z [inf]  
2026-09-09T11:12:20.839646466Z [inf]   =========|_|==============|___/=/_/_/_/
2026-09-09T11:12:20.839658958Z [inf]  
2026-09-09T11:12:20.839668736Z [inf]  
2026-09-09T11:12:20.839676034Z [inf]    .   ____          _            __ _ _
2026-09-09T11:12:20.839682186Z [inf]   /\\ / ___'_ __ _ _(_)_ __  __ _ \ \ \ \
2026-09-09T11:12:20.839688565Z [inf]  ( ( )\___ | '_ | '_| | '_ \/ _` | \ \ \ \
2026-09-09T11:12:20.839694918Z [inf]   \\/  ___)| |_)| | | | | || (_| |  ) ) ) )
2026-09-09T11:12:20.839703090Z [inf]    '  |____| .__|_| |_|_| |_\__, | / / / /
2026-09-09T11:12:20.840758073Z [inf]   :: Spring Boot ::               (v3.3.11)
2026-09-09T11:12:20.840764744Z [inf]  
2026-09-09T11:12:21.121171756Z [inf]  2026-09-09T11:12:21.056Z  INFO 1 --- [inventory] [           main] c.rnpc.inventory.InventoryApplication    : Starting InventoryApplication v0.0.1-SNAPSHOT using Java 21.0.2 with PID 1 (/app/target/inventory-0.0.1-SNAPSHOT.jar started by root in /app)
2026-09-09T11:12:21.121181236Z [inf]  2026-09-09T11:12:21.059Z  INFO 1 --- [inventory] [           main] c.rnpc.inventory.InventoryApplication    : No active profile set, falling back to 1 default profile: "default"
2026-09-09T11:12:23.668568259Z [inf]  2026-09-09T11:12:23.308Z  INFO 1 --- [inventory] [           main] .s.d.r.c.RepositoryConfigurationDelegate : Bootstrapping Spring Data JPA repositories in DEFAULT mode.
2026-09-09T11:12:23.668574250Z [inf]  2026-09-09T11:12:23.503Z  INFO 1 --- [inventory] [           main] .s.d.r.c.RepositoryConfigurationDelegate : Finished Spring Data repository scanning in 168 ms. Found 16 JPA repository interfaces.
2026-09-09T11:12:25.689272848Z [inf]  2026-09-09T11:12:25.513Z  INFO 1 --- [inventory] [           main] w.s.c.ServletWebServerApplicationContext : Root WebApplicationContext: initialization completed in 4359 ms
2026-09-09T11:12:25.689325910Z [inf]  2026-09-09T11:12:25.412Z  INFO 1 --- [inventory] [           main] o.s.b.w.embedded.tomcat.TomcatWebServer  : Tomcat initialized with port 8080 (http)
2026-09-09T11:12:25.689330931Z [inf]  2026-09-09T11:12:25.444Z  INFO 1 --- [inventory] [           main] o.apache.catalina.core.StandardService   : Starting service [Tomcat]
2026-09-09T11:12:25.689335930Z [inf]  2026-09-09T11:12:25.444Z  INFO 1 --- [inventory] [           main] o.apache.catalina.core.StandardEngine    : Starting Servlet engine: [Apache Tomcat/10.1.40]
2026-09-09T11:12:25.689340629Z [inf]  2026-09-09T11:12:25.512Z  INFO 1 --- [inventory] [           main] o.a.c.c.C.[Tomcat].[localhost].[/]       : Initializing Spring embedded WebApplicationContext
2026-09-09T11:12:26.025445409Z [inf]  2026-09-09T11:12:26.003Z  INFO 1 --- [inventory] [           main] o.hibernate.jpa.internal.util.LogHelper  : HHH000204: Processing PersistenceUnitInfo [name: default]
2026-09-09T11:12:26.162977821Z [inf]  2026-09-09T11:12:26.144Z  INFO 1 --- [inventory] [           main] org.hibernate.Version                    : HHH000412: Hibernate ORM core version 6.5.3.Final
2026-09-09T11:12:26.676421206Z [inf]  2026-09-09T11:12:26.244Z  INFO 1 --- [inventory] [           main] o.h.c.internal.RegionFactoryInitiator    : HHH000026: Second-level cache disabled
2026-09-09T11:12:27.111383691Z [inf]  2026-09-09T11:12:27.105Z  INFO 1 --- [inventory] [           main] o.s.o.j.p.SpringPersistenceUnitInfo      : No LoadTimeWeaver setup: ignoring JPA class transformer
2026-09-09T11:12:27.157198793Z [inf]  2026-09-09T11:12:27.156Z  INFO 1 --- [inventory] [           main] com.zaxxer.hikari.HikariDataSource       : HikariPool-1 - Starting...
2026-09-09T11:12:28.749652107Z [inf]  2026-09-09T11:12:28.612Z  WARN 1 --- [inventory] [           main] o.h.engine.jdbc.spi.SqlExceptionHelper   : SQL Error: 0, SQLState: 08S01
2026-09-09T11:12:28.749656410Z [inf]  2026-09-09T11:12:28.612Z ERROR 1 --- [inventory] [           main] o.h.engine.jdbc.spi.SqlExceptionHelper   : Communications link failure
2026-09-09T11:12:28.749669792Z [inf]  
2026-09-09T11:12:28.749674848Z [inf]  The last packet sent successfully to the server was 0 milliseconds ago. The driver has not received any packets from the server.
2026-09-09T11:12:28.749679405Z [inf]  2026-09-09T11:12:28.614Z  WARN 1 --- [inventory] [           main] o.h.e.j.e.i.JdbcEnvironmentInitiator     : HHH000342: Could not obtain connection to query metadata
2026-09-09T11:12:28.749684705Z [inf]  
2026-09-09T11:12:28.749690704Z [inf]  org.hibernate.exception.JDBCConnectionException: unable to obtain isolated JDBC connection [Communications link failure
2026-09-09T11:12:28.749695982Z [inf]  
2026-09-09T11:12:28.749701531Z [inf]  The last packet sent successfully to the server was 0 milliseconds ago. The driver has not received any packets from the server.] [n/a]
2026-09-09T11:12:28.749707235Z [inf]  	at org.hibernate.exception.internal.SQLStateConversionDelegate.convert(SQLStateConversionDelegate.java:100) ~[hibernate-core-6.5.3.Final.jar!/:6.5.3.Final]
2026-09-09T11:12:28.749712224Z [inf]  	at org.hibernate.exception.internal.StandardSQLExceptionConverter.convert(StandardSQLExceptionConverter.java:58) ~[hibernate-core-6.5.3.Final.jar!/:6.5.3.Final]
2026-09-09T11:12:28.749717344Z [inf]  	at org.hibernate.engine.jdbc.spi.SqlExceptionHelper.convert(SqlExceptionHelper.java:108) ~[hibernate-core-6.5.3.Final.jar!/:6.5.3.Final]
2026-09-09T11:12:28.749723881Z [inf]  	at org.hibernate.engine.jdbc.spi.SqlExceptionHelper.convert(SqlExceptionHelper.java:94) ~[hibernate-core-6.5.3.Final.jar!/:6.5.3.Final]
2026-09-09T11:12:28.749729259Z [inf]  	at org.hibernate.resource.transaction.backend.jdbc.internal.JdbcIsolationDelegate.delegateWork(JdbcIsolationDelegate.java:116) ~[hibernate-core-6.5.3.Final.jar!/:6.5.3.Final]
2026-09-09T11:12:28.750075243Z [inf]  	at org.hibernate.engine.jdbc.env.internal.JdbcEnvironmentInitiator.getJdbcEnvironmentUsingJdbcMetadata(JdbcEnvironmentInitiator.java:292) ~[hibernate-core-6.5.3.Final.jar!/:6.5.3.Final]
2026-09-09T11:12:28.750082848Z [inf]  	at org.hibernate.engine.jdbc.env.internal.JdbcEnvironmentInitiator.initiateService(JdbcEnvironmentInitiator.java:124) ~[hibernate-core-6.5.3.Final.jar!/:6.5.3.Final]
2026-09-09T11:12:28.750088528Z [inf]  	at org.hibernate.engine.jdbc.env.internal.JdbcEnvironmentInitiator.initiateService(JdbcEnvironmentInitiator.java:78) ~[hibernate-core-6.5.3.Final.jar!/:6.5.3.Final]
2026-09-09T11:12:28.750094098Z [inf]  	at org.hibernate.boot.registry.internal.StandardServiceRegistryImpl.initiateService(StandardServiceRegistryImpl.java:130) ~[hibernate-core-6.5.3.Final.jar!/:6.5.3.Final]
2026-09-09T11:12:28.750103717Z [inf]  	at org.hibernate.service.internal.AbstractServiceRegistryImpl.createService(AbstractServiceRegistryImpl.java:263) ~[hibernate-core-6.5.3.Final.jar!/:6.5.3.Final]
2026-09-09T11:12:28.750109794Z [inf]  	at org.hibernate.service.internal.AbstractServiceRegistryImpl.initializeService(AbstractServiceRegistryImpl.java:238) ~[hibernate-core-6.5.3.Final.jar!/:6.5.3.Final]
2026-09-09T11:12:28.750115801Z [inf]  	at org.hibernate.service.internal.AbstractServiceRegistryImpl.getService(AbstractServiceRegistryImpl.java:215) ~[hibernate-core-6.5.3.Final.jar!/:6.5.3.Final]
2026-09-09T11:12:28.750122126Z [inf]  	at org.hibernate.boot.model.relational.Database.<init>(Database.java:45) ~[hibernate-core-6.5.3.Final.jar!/:6.5.3.Final]
2026-09-09T11:12:28.750127447Z [inf]  	at org.hibernate.boot.internal.InFlightMetadataCollectorImpl.getDatabase(InFlightMetadataCollectorImpl.java:221) ~[hibernate-core-6.5.3.Final.jar!/:6.5.3.Final]
2026-09-09T11:12:28.750132693Z [inf]  	at org.hibernate.boot.internal.InFlightMetadataCollectorImpl.<init>(InFlightMetadataCollectorImpl.java:189) ~[hibernate-core-6.5.3.Final.jar!/:6.5.3.Final]
2026-09-09T11:12:28.751623229Z [inf]  	at org.hibernate.boot.model.process.spi.MetadataBuildingProcess.complete(MetadataBuildingProcess.java:171) ~[hibernate-core-6.5.3.Final.jar!/:6.5.3.Final]
2026-09-09T11:12:28.751631038Z [inf]  	at org.hibernate.jpa.boot.internal.EntityManagerFactoryBuilderImpl.metadata(EntityManagerFactoryBuilderImpl.java:1431) ~[hibernate-core-6.5.3.Final.jar!/:6.5.3.Final]
2026-09-09T11:12:28.751639527Z [inf]  	at org.hibernate.jpa.boot.internal.EntityManagerFactoryBuilderImpl.build(EntityManagerFactoryBuilderImpl.java:1502) ~[hibernate-core-6.5.3.Final.jar!/:6.5.3.Final]
2026-09-09T11:12:28.751644425Z [inf]  	at org.springframework.orm.jpa.vendor.SpringHibernateJpaPersistenceProvider.createContainerEntityManagerFactory(SpringHibernateJpaPersistenceProvider.java:75) ~[spring-orm-6.1.19.jar!/:6.1.19]
2026-09-09T11:12:28.751649662Z [inf]  	at org.springframework.orm.jpa.LocalContainerEntityManagerFactoryBean.createNativeEntityManagerFactory(LocalContainerEntityManagerFactoryBean.java:390) ~[spring-orm-6.1.19.jar!/:6.1.19]
2026-09-09T11:12:28.751654196Z [inf]  	at org.springframework.orm.jpa.AbstractEntityManagerFactoryBean.buildNativeEntityManagerFactory(AbstractEntityManagerFactoryBean.java:409) ~[spring-orm-6.1.19.jar!/:6.1.19]
2026-09-09T11:12:28.751660843Z [inf]  	at org.springframework.orm.jpa.AbstractEntityManagerFactoryBean.afterPropertiesSet(AbstractEntityManagerFactoryBean.java:396) ~[spring-orm-6.1.19.jar!/:6.1.19]
2026-09-09T11:12:28.751666763Z [inf]  	at org.springframework.orm.jpa.LocalContainerEntityManagerFactoryBean.afterPropertiesSet(LocalContainerEntityManagerFactoryBean.java:366) ~[spring-orm-6.1.19.jar!/:6.1.19]
2026-09-09T11:12:28.751671747Z [inf]  	at org.springframework.beans.factory.support.AbstractAutowireCapableBeanFactory.invokeInitMethods(AbstractAutowireCapableBeanFactory.java:1853) ~[spring-beans-6.1.19.jar!/:6.1.19]
2026-09-09T11:12:28.751676622Z [inf]  	at org.springframework.beans.factory.support.AbstractAutowireCapableBeanFactory.initializeBean(AbstractAutowireCapableBeanFactory.java:1802) ~[spring-beans-6.1.19.jar!/:6.1.19]
2026-09-09T11:12:28.753866417Z [inf]  	at org.springframework.beans.factory.support.AbstractAutowireCapableBeanFactory.doCreateBean(AbstractAutowireCapableBeanFactory.java:600) ~[spring-beans-6.1.19.jar!/:6.1.19]
2026-09-09T11:12:28.753878244Z [inf]  	at org.springframework.beans.factory.support.AbstractAutowireCapableBeanFactory.createBean(AbstractAutowireCapableBeanFactory.java:522) ~[spring-beans-6.1.19.jar!/:6.1.19]
2026-09-09T11:12:28.753891084Z [inf]  	at org.springframework.beans.factory.support.AbstractBeanFactory.lambda$doGetBean$0(AbstractBeanFactory.java:337) ~[spring-beans-6.1.19.jar!/:6.1.19]
2026-09-09T11:12:28.753899429Z [inf]  	at org.springframework.beans.factory.support.DefaultSingletonBeanRegistry.getSingleton(DefaultSingletonBeanRegistry.java:234) ~[spring-beans-6.1.19.jar!/:6.1.19]
2026-09-09T11:12:28.753906284Z [inf]  	at org.springframework.beans.factory.support.AbstractBeanFactory.doGetBean(AbstractBeanFactory.java:335) ~[spring-beans-6.1.19.jar!/:6.1.19]
2026-09-09T11:12:28.753914163Z [inf]  	at org.springframework.beans.factory.support.AbstractBeanFactory.getBean(AbstractBeanFactory.java:205) ~[spring-beans-6.1.19.jar!/:6.1.19]
2026-09-09T11:12:28.753921233Z [inf]  	at org.springframework.context.support.AbstractApplicationContext.finishBeanFactoryInitialization(AbstractApplicationContext.java:954) ~[spring-context-6.1.19.jar!/:6.1.19]
2026-09-09T11:12:28.753928954Z [inf]  	at org.springframework.context.support.AbstractApplicationContext.refresh(AbstractApplicationContext.java:625) ~[spring-context-6.1.19.jar!/:6.1.19]
2026-09-09T11:12:28.753936458Z [inf]  	at org.springframework.boot.web.servlet.context.ServletWebServerApplicationContext.refresh(ServletWebServerApplicationContext.java:146) ~[spring-boot-3.3.11.jar!/:3.3.11]
2026-09-09T11:12:28.753945156Z [inf]  	at org.springframework.boot.SpringApplication.refresh(SpringApplication.java:755) ~[spring-boot-3.3.11.jar!/:3.3.11]
2026-09-09T11:12:28.753954862Z [inf]  	at org.springframework.boot.SpringApplication.refreshContext(SpringApplication.java:456) ~[spring-boot-3.3.11.jar!/:3.3.11]
2026-09-09T11:12:28.755787893Z [inf]  	at org.springframework.boot.SpringApplication.run(SpringApplication.java:335) ~[spring-boot-3.3.11.jar!/:3.3.11]
2026-09-09T11:12:28.755797547Z [inf]  	at org.springframework.boot.SpringApplication.run(SpringApplication.java:1364) ~[spring-boot-3.3.11.jar!/:3.3.11]
2026-09-09T11:12:28.755804595Z [inf]  	at org.springframework.boot.SpringApplication.run(SpringApplication.java:1353) ~[spring-boot-3.3.11.jar!/:3.3.11]
2026-09-09T11:12:28.755814593Z [inf]  	at com.rnpc.inventory.InventoryApplication.main(InventoryApplication.java:11) ~[!/:0.0.1-SNAPSHOT]
2026-09-09T11:12:28.755822946Z [inf]  	at java.base/jdk.internal.reflect.DirectMethodHandleAccessor.invoke(DirectMethodHandleAccessor.java:103) ~[na:na]
2026-09-09T11:12:28.755830516Z [inf]  	at java.base/java.lang.reflect.Method.invoke(Method.java:580) ~[na:na]
2026-09-09T11:12:28.755837359Z [inf]  	at org.springframework.boot.loader.launch.Launcher.launch(Launcher.java:102) ~[inventory-0.0.1-SNAPSHOT.jar:0.0.1-SNAPSHOT]
2026-09-09T11:12:28.755851140Z [inf]  	at org.springframework.boot.loader.launch.Launcher.launch(Launcher.java:64) ~[inventory-0.0.1-SNAPSHOT.jar:0.0.1-SNAPSHOT]
2026-09-09T11:12:28.755858407Z [inf]  	at org.springframework.boot.loader.launch.JarLauncher.main(JarLauncher.java:40) ~[inventory-0.0.1-SNAPSHOT.jar:0.0.1-SNAPSHOT]
2026-09-09T11:12:28.755865082Z [inf]  Caused by: com.mysql.cj.jdbc.exceptions.CommunicationsException: Communications link failure
2026-09-09T11:12:28.755872214Z [inf]  
2026-09-09T11:12:28.755880772Z [inf]  The last packet sent successfully to the server was 0 milliseconds ago. The driver has not received any packets from the server.
2026-09-09T11:12:28.755887459Z [inf]  	at com.mysql.cj.jdbc.exceptions.SQLError.createCommunicationsException(SQLError.java:174) ~[mysql-connector-j-8.3.0.jar!/:8.3.0]
2026-09-09T11:12:28.755894008Z [inf]  	at com.mysql.cj.jdbc.exceptions.SQLExceptionsMapping.translateException(SQLExceptionsMapping.java:64) ~[mysql-connector-j-8.3.0.jar!/:8.3.0]
2026-09-09T11:12:28.757558656Z [inf]  	at com.mysql.cj.jdbc.ConnectionImpl.createNewIO(ConnectionImpl.java:815) ~[mysql-connector-j-8.3.0.jar!/:8.3.0]
2026-09-09T11:12:28.757565296Z [inf]  	at com.mysql.cj.jdbc.ConnectionImpl.<init>(ConnectionImpl.java:438) ~[mysql-connector-j-8.3.0.jar!/:8.3.0]
2026-09-09T11:12:28.757569618Z [inf]  	at com.mysql.cj.jdbc.ConnectionImpl.getInstance(ConnectionImpl.java:241) ~[mysql-connector-j-8.3.0.jar!/:8.3.0]
2026-09-09T11:12:28.757573627Z [inf]  	at com.mysql.cj.jdbc.NonRegisteringDriver.connect(NonRegisteringDriver.java:189) ~[mysql-connector-j-8.3.0.jar!/:8.3.0]
2026-09-09T11:12:28.757577404Z [inf]  	at com.zaxxer.hikari.util.DriverDataSource.getConnection(DriverDataSource.java:137) ~[HikariCP-5.1.0.jar!/:na]
2026-09-09T11:12:28.757583114Z [inf]  	at com.zaxxer.hikari.pool.PoolBase.newConnection(PoolBase.java:360) ~[HikariCP-5.1.0.jar!/:na]
2026-09-09T11:12:28.757589135Z [inf]  	at com.zaxxer.hikari.pool.PoolBase.newPoolEntry(PoolBase.java:202) ~[HikariCP-5.1.0.jar!/:na]
2026-09-09T11:12:28.757595039Z [inf]  	at com.zaxxer.hikari.pool.HikariPool.createPoolEntry(HikariPool.java:461) ~[HikariCP-5.1.0.jar!/:na]
2026-09-09T11:12:28.757601118Z [inf]  	at com.zaxxer.hikari.pool.HikariPool.checkFailFast(HikariPool.java:550) ~[HikariCP-5.1.0.jar!/:na]
2026-09-09T11:12:28.757607109Z [inf]  	at com.zaxxer.hikari.pool.HikariPool.<init>(HikariPool.java:98) ~[HikariCP-5.1.0.jar!/:na]
2026-09-09T11:12:28.757612876Z [inf]  	at com.zaxxer.hikari.HikariDataSource.getConnection(HikariDataSource.java:111) ~[HikariCP-5.1.0.jar!/:na]
2026-09-09T11:12:28.757618665Z [inf]  	at org.hibernate.engine.jdbc.connections.internal.DatasourceConnectionProviderImpl.getConnection(DatasourceConnectionProviderImpl.java:122) ~[hibernate-core-6.5.3.Final.jar!/:6.5.3.Final]
2026-09-09T11:12:28.757624455Z [inf]  	at org.hibernate.engine.jdbc.env.internal.JdbcEnvironmentInitiator$ConnectionProviderJdbcConnectionAccess.obtainConnection(JdbcEnvironmentInitiator.java:439) ~[hibernate-core-6.5.3.Final.jar!/:6.5.3.Final]
2026-09-09T11:12:28.759651223Z [inf]  	at org.hibernate.resource.transaction.backend.jdbc.internal.JdbcIsolationDelegate.delegateWork(JdbcIsolationDelegate.java:61) ~[hibernate-core-6.5.3.Final.jar!/:6.5.3.Final]
2026-09-09T11:12:28.759662392Z [inf]  	... 40 common frames omitted
2026-09-09T11:12:28.759669474Z [inf]  Caused by: com.mysql.cj.exceptions.CJCommunicationsException: Communications link failure
2026-09-09T11:12:28.759676090Z [inf]  
2026-09-09T11:12:28.759682609Z [inf]  The last packet sent successfully to the server was 0 milliseconds ago. The driver has not received any packets from the server.
2026-09-09T11:12:28.759689204Z [inf]  	at java.base/jdk.internal.reflect.DirectConstructorHandleAccessor.newInstance(DirectConstructorHandleAccessor.java:62) ~[na:na]
2026-09-09T11:12:28.759697170Z [inf]  	at java.base/java.lang.reflect.Constructor.newInstanceWithCaller(Constructor.java:502) ~[na:na]
2026-09-09T11:12:28.759699449Z [inf]  	at com.mysql.cj.exceptions.ExceptionFactory.createException(ExceptionFactory.java:149) ~[mysql-connector-j-8.3.0.jar!/:8.3.0]
2026-09-09T11:12:28.759704999Z [inf]  	at java.base/java.lang.reflect.Constructor.newInstance(Constructor.java:486) ~[na:na]
2026-09-09T11:12:28.759709319Z [inf]  	at com.mysql.cj.exceptions.ExceptionFactory.createCommunicationsException(ExceptionFactory.java:165) ~[mysql-connector-j-8.3.0.jar!/:8.3.0]
2026-09-09T11:12:28.759711781Z [inf]  	at com.mysql.cj.exceptions.ExceptionFactory.createException(ExceptionFactory.java:61) ~[mysql-connector-j-8.3.0.jar!/:8.3.0]
2026-09-09T11:12:28.759716198Z [inf]  	at com.mysql.cj.protocol.a.NativeSocketConnection.connect(NativeSocketConnection.java:88) ~[mysql-connector-j-8.3.0.jar!/:8.3.0]
2026-09-09T11:12:28.759717598Z [inf]  	at com.mysql.cj.exceptions.ExceptionFactory.createException(ExceptionFactory.java:104) ~[mysql-connector-j-8.3.0.jar!/:8.3.0]
2026-09-09T11:12:28.759721536Z [inf]  	at com.mysql.cj.NativeSession.connect(NativeSession.java:120) ~[mysql-connector-j-8.3.0.jar!/:8.3.0]
2026-09-09T11:12:28.761627534Z [inf]  	at com.mysql.cj.jdbc.ConnectionImpl.connectOneTryOnly(ConnectionImpl.java:935) ~[mysql-connector-j-8.3.0.jar!/:8.3.0]
2026-09-09T11:12:28.761646811Z [inf]  	at com.mysql.cj.jdbc.ConnectionImpl.createNewIO(ConnectionImpl.java:805) ~[mysql-connector-j-8.3.0.jar!/:8.3.0]
2026-09-09T11:12:28.761657591Z [inf]  	... 53 common frames omitted
2026-09-09T11:12:28.761674043Z [inf]  Caused by: java.net.ConnectException: Connection refused
2026-09-09T11:12:28.761682761Z [inf]  	at java.base/sun.nio.ch.Net.pollConnect(Native Method) ~[na:na]
2026-09-09T11:12:28.761691815Z [inf]  	at java.base/sun.nio.ch.Net.pollConnectNow(Net.java:682) ~[na:na]
2026-09-09T11:12:28.761699264Z [inf]  	at java.base/sun.nio.ch.NioSocketImpl.timedFinishConnect(NioSocketImpl.java:542) ~[na:na]
2026-09-09T11:12:28.761706590Z [inf]  	at java.base/sun.nio.ch.NioSocketImpl.connect(NioSocketImpl.java:592) ~[na:na]
2026-09-09T11:12:28.761714868Z [inf]  	at java.base/java.net.SocksSocketImpl.connect(SocksSocketImpl.java:327) ~[na:na]
2026-09-09T11:12:28.761722462Z [inf]  	at java.base/java.net.Socket.connect(Socket.java:751) ~[na:na]
2026-09-09T11:12:28.761729677Z [inf]  	at com.mysql.cj.protocol.StandardSocketFactory.connect(StandardSocketFactory.java:153) ~[mysql-connector-j-8.3.0.jar!/:8.3.0]
2026-09-09T11:12:28.761736420Z [inf]  	at com.mysql.cj.protocol.a.NativeSocketConnection.connect(NativeSocketConnection.java:62) ~[mysql-connector-j-8.3.0.jar!/:8.3.0]
2026-09-09T11:12:28.761751326Z [inf]  	... 56 common frames omitted
2026-09-09T11:12:28.761759321Z [inf]  
2026-09-09T11:12:28.761765917Z [inf]  2026-09-09T11:12:28.619Z ERROR 1 --- [inventory] [           main] j.LocalContainerEntityManagerFactoryBean : Failed to initialize JPA EntityManagerFactory: Unable to create requested service [org.hibernate.engine.jdbc.env.spi.JdbcEnvironment] due to: Unable to determine Dialect without JDBC metadata (please set 'jakarta.persistence.jdbc.url' for common cases or 'hibernate.dialect' when a custom Dialect implementation must be provided)
2026-09-09T11:12:28.762762120Z [inf]  2026-09-09T11:12:28.619Z  WARN 1 --- [inventory] [           main] ConfigServletWebServerApplicationContext : Exception encountered during context initialization - cancelling refresh attempt: org.springframework.beans.factory.BeanCreationException: Error creating bean with name 'entityManagerFactory' defined in class path resource [org/springframework/boot/autoconfigure/orm/jpa/HibernateJpaConfiguration.class]: Unable to create requested service [org.hibernate.engine.jdbc.env.spi.JdbcEnvironment] due to: Unable to determine Dialect without JDBC metadata (please set 'jakarta.persistence.jdbc.url' for common cases or 'hibernate.dialect' when a custom Dialect implementation must be provided)
2026-09-09T11:12:28.762770480Z [inf]  2026-09-09T11:12:28.622Z  INFO 1 --- [inventory] [           main] o.apache.catalina.core.StandardService   : Stopping service [Tomcat]
2026-09-09T11:12:28.762777151Z [inf]  2026-09-09T11:12:28.636Z  INFO 1 --- [inventory] [           main] .s.b.a.l.ConditionEvaluationReportLogger : 
2026-09-09T11:12:28.762785788Z [inf]  
2026-09-09T11:12:28.762793114Z [inf]  Error starting ApplicationContext. To display the condition evaluation report re-run your application with 'debug' enabled.
2026-09-09T11:12:28.762800456Z [inf]  2026-09-09T11:12:28.657Z ERROR 1 --- [inventory] [           main] o.s.boot.SpringApplication               : Application run failed
2026-09-09T11:12:28.762807392Z [inf]  
2026-09-09T11:12:28.762812607Z [inf]  org.springframework.beans.factory.BeanCreationException: Error creating bean with name 'entityManagerFactory' defined in class path resource [org/springframework/boot/autoconfigure/orm/jpa/HibernateJpaConfiguration.class]: Unable to create requested service [org.hibernate.engine.jdbc.env.spi.JdbcEnvironment] due to: Unable to determine Dialect without JDBC metadata (please set 'jakarta.persistence.jdbc.url' for common cases or 'hibernate.dialect' when a custom Dialect implementation must be provided)
2026-09-09T11:12:28.764534639Z [inf]  	at org.springframework.beans.factory.support.AbstractAutowireCapableBeanFactory.initializeBean(AbstractAutowireCapableBeanFactory.java:1806) ~[spring-beans-6.1.19.jar!/:6.1.19]
2026-09-09T11:12:28.764540873Z [inf]  	at org.springframework.beans.factory.support.AbstractAutowireCapableBeanFactory.doCreateBean(AbstractAutowireCapableBeanFactory.java:600) ~[spring-beans-6.1.19.jar!/:6.1.19]
2026-09-09T11:12:28.764545802Z [inf]  	at org.springframework.beans.factory.support.AbstractAutowireCapableBeanFactory.createBean(AbstractAutowireCapableBeanFactory.java:522) ~[spring-beans-6.1.19.jar!/:6.1.19]
2026-09-09T11:12:28.764550749Z [inf]  	at org.springframework.beans.factory.support.AbstractBeanFactory.lambda$doGetBean$0(AbstractBeanFactory.java:337) ~[spring-beans-6.1.19.jar!/:6.1.19]
2026-09-09T11:12:28.764555728Z [inf]  	at org.springframework.beans.factory.support.DefaultSingletonBeanRegistry.getSingleton(DefaultSingletonBeanRegistry.java:234) ~[spring-beans-6.1.19.jar!/:6.1.19]
2026-09-09T11:12:28.764561763Z [inf]  	at org.springframework.beans.factory.support.AbstractBeanFactory.doGetBean(AbstractBeanFactory.java:335) ~[spring-beans-6.1.19.jar!/:6.1.19]
2026-09-09T11:12:28.764569501Z [inf]  	at org.springframework.beans.factory.support.AbstractBeanFactory.getBean(AbstractBeanFactory.java:205) ~[spring-beans-6.1.19.jar!/:6.1.19]
2026-09-09T11:12:28.764574496Z [inf]  	at org.springframework.context.support.AbstractApplicationContext.finishBeanFactoryInitialization(AbstractApplicationContext.java:954) ~[spring-context-6.1.19.jar!/:6.1.19]
2026-09-09T11:12:28.764579959Z [inf]  	at org.springframework.context.support.AbstractApplicationContext.refresh(AbstractApplicationContext.java:625) ~[spring-context-6.1.19.jar!/:6.1.19]
2026-09-09T11:12:28.764584886Z [inf]  	at org.springframework.boot.web.servlet.context.ServletWebServerApplicationContext.refresh(ServletWebServerApplicationContext.java:146) ~[spring-boot-3.3.11.jar!/:3.3.11]
2026-09-09T11:12:28.765912434Z [inf]  	at org.springframework.boot.SpringApplication.refresh(SpringApplication.java:755) ~[spring-boot-3.3.11.jar!/:3.3.11]
2026-09-09T11:12:28.765922245Z [inf]  	at org.springframework.boot.SpringApplication.refreshContext(SpringApplication.java:456) ~[spring-boot-3.3.11.jar!/:3.3.11]
2026-09-09T11:12:28.765928812Z [inf]  	at org.springframework.boot.SpringApplication.run(SpringApplication.java:335) ~[spring-boot-3.3.11.jar!/:3.3.11]
2026-09-09T11:12:28.765934723Z [inf]  	at org.springframework.boot.SpringApplication.run(SpringApplication.java:1364) ~[spring-boot-3.3.11.jar!/:3.3.11]
2026-09-09T11:12:28.765939970Z [inf]  	at org.springframework.boot.SpringApplication.run(SpringApplication.java:1353) ~[spring-boot-3.3.11.jar!/:3.3.11]
2026-09-09T11:12:28.765949158Z [inf]  	at com.rnpc.inventory.InventoryApplication.main(InventoryApplication.java:11) ~[!/:0.0.1-SNAPSHOT]
2026-09-09T11:12:28.765957661Z [inf]  	at java.base/jdk.internal.reflect.DirectMethodHandleAccessor.invoke(DirectMethodHandleAccessor.java:103) ~[na:na]
2026-09-09T11:12:28.765963630Z [inf]  	at java.base/java.lang.reflect.Method.invoke(Method.java:580) ~[na:na]
2026-09-09T11:12:28.765969327Z [inf]  	at org.springframework.boot.loader.launch.Launcher.launch(Launcher.java:102) ~[inventory-0.0.1-SNAPSHOT.jar:0.0.1-SNAPSHOT]
2026-09-09T11:12:28.765974972Z [inf]  	at org.springframework.boot.loader.launch.Launcher.launch(Launcher.java:64) ~[inventory-0.0.1-SNAPSHOT.jar:0.0.1-SNAPSHOT]
2026-09-09T11:12:28.765980438Z [inf]  	at org.springframework.boot.loader.launch.JarLauncher.main(JarLauncher.java:40) ~[inventory-0.0.1-SNAPSHOT.jar:0.0.1-SNAPSHOT]
2026-09-09T11:12:28.765988373Z [inf]  Caused by: org.hibernate.service.spi.ServiceException: Unable to create requested service [org.hibernate.engine.jdbc.env.spi.JdbcEnvironment] due to: Unable to determine Dialect without JDBC metadata (please set 'jakarta.persistence.jdbc.url' for common cases or 'hibernate.dialect' when a custom Dialect implementation must be provided)
2026-09-09T11:12:28.767421778Z [inf]  	at org.hibernate.service.internal.AbstractServiceRegistryImpl.createService(AbstractServiceRegistryImpl.java:276) ~[hibernate-core-6.5.3.Final.jar!/:6.5.3.Final]
2026-09-09T11:12:28.767431224Z [inf]  	at org.hibernate.service.internal.AbstractServiceRegistryImpl.initializeService(AbstractServiceRegistryImpl.java:238) ~[hibernate-core-6.5.3.Final.jar!/:6.5.3.Final]
2026-09-09T11:12:28.767437120Z [inf]  	at org.hibernate.service.internal.AbstractServiceRegistryImpl.getService(AbstractServiceRegistryImpl.java:215) ~[hibernate-core-6.5.3.Final.jar!/:6.5.3.Final]
2026-09-09T11:12:28.767442974Z [inf]  	at org.hibernate.boot.model.relational.Database.<init>(Database.java:45) ~[hibernate-core-6.5.3.Final.jar!/:6.5.3.Final]
2026-09-09T11:12:28.767449368Z [inf]  	at org.hibernate.boot.internal.InFlightMetadataCollectorImpl.getDatabase(InFlightMetadataCollectorImpl.java:221) ~[hibernate-core-6.5.3.Final.jar!/:6.5.3.Final]
2026-09-09T11:12:28.767454774Z [inf]  	at org.hibernate.boot.internal.InFlightMetadataCollectorImpl.<init>(InFlightMetadataCollectorImpl.java:189) ~[hibernate-core-6.5.3.Final.jar!/:6.5.3.Final]
2026-09-09T11:12:28.767464103Z [inf]  	at org.hibernate.boot.model.process.spi.MetadataBuildingProcess.complete(MetadataBuildingProcess.java:171) ~[hibernate-core-6.5.3.Final.jar!/:6.5.3.Final]
2026-09-09T11:12:28.767469225Z [inf]  	at org.hibernate.jpa.boot.internal.EntityManagerFactoryBuilderImpl.metadata(EntityManagerFactoryBuilderImpl.java:1431) ~[hibernate-core-6.5.3.Final.jar!/:6.5.3.Final]
2026-09-09T11:12:28.767474519Z [inf]  	at org.hibernate.jpa.boot.internal.EntityManagerFactoryBuilderImpl.build(EntityManagerFactoryBuilderImpl.java:1502) ~[hibernate-core-6.5.3.Final.jar!/:6.5.3.Final]
2026-09-09T11:12:28.767480201Z [inf]  	at org.springframework.orm.jpa.vendor.SpringHibernateJpaPersistenceProvider.createContainerEntityManagerFactory(SpringHibernateJpaPersistenceProvider.java:75) ~[spring-orm-6.1.19.jar!/:6.1.19]
2026-09-09T11:12:28.768541654Z [inf]  	at org.springframework.orm.jpa.LocalContainerEntityManagerFactoryBean.createNativeEntityManagerFactory(LocalContainerEntityManagerFactoryBean.java:390) ~[spring-orm-6.1.19.jar!/:6.1.19]
2026-09-09T11:12:28.768552119Z [inf]  	at org.springframework.orm.jpa.AbstractEntityManagerFactoryBean.buildNativeEntityManagerFactory(AbstractEntityManagerFactoryBean.java:409) ~[spring-orm-6.1.19.jar!/:6.1.19]
2026-09-09T11:12:28.768558605Z [inf]  	at org.springframework.orm.jpa.AbstractEntityManagerFactoryBean.afterPropertiesSet(AbstractEntityManagerFactoryBean.java:396) ~[spring-orm-6.1.19.jar!/:6.1.19]
2026-09-09T11:12:28.768564765Z [inf]  	at org.springframework.orm.jpa.LocalContainerEntityManagerFactoryBean.afterPropertiesSet(LocalContainerEntityManagerFactoryBean.java:366) ~[spring-orm-6.1.19.jar!/:6.1.19]
2026-09-09T11:12:28.768571666Z [inf]  	at org.springframework.beans.factory.support.AbstractAutowireCapableBeanFactory.invokeInitMethods(AbstractAutowireCapableBeanFactory.java:1853) ~[spring-beans-6.1.19.jar!/:6.1.19]
2026-09-09T11:12:28.768577942Z [inf]  	at org.springframework.beans.factory.support.AbstractAutowireCapableBeanFactory.initializeBean(AbstractAutowireCapableBeanFactory.java:1802) ~[spring-beans-6.1.19.jar!/:6.1.19]
2026-09-09T11:12:28.768583748Z [inf]  	... 20 common frames omitted
2026-09-09T11:12:28.768590218Z [inf]  Caused by: org.hibernate.HibernateException: Unable to determine Dialect without JDBC metadata (please set 'jakarta.persistence.jdbc.url' for common cases or 'hibernate.dialect' when a custom Dialect implementation must be provided)
2026-09-09T11:12:28.768596237Z [inf]  	at org.hibernate.engine.jdbc.dialect.internal.DialectFactoryImpl.determineDialect(DialectFactoryImpl.java:191) ~[hibernate-core-6.5.3.Final.jar!/:6.5.3.Final]
2026-09-09T11:12:28.768602234Z [inf]  	at org.hibernate.engine.jdbc.dialect.internal.DialectFactoryImpl.buildDialect(DialectFactoryImpl.java:87) ~[hibernate-core-6.5.3.Final.jar!/:6.5.3.Final]
2026-09-09T11:12:28.770235781Z [inf]  	at org.hibernate.engine.jdbc.env.internal.JdbcEnvironmentInitiator.getJdbcEnvironmentWithDefaults(JdbcEnvironmentInitiator.java:153) ~[hibernate-core-6.5.3.Final.jar!/:6.5.3.Final]
2026-09-09T11:12:28.770244596Z [inf]  
2026-09-09T11:12:28.770245668Z [inf]  	at org.hibernate.engine.jdbc.env.internal.JdbcEnvironmentInitiator.getJdbcEnvironmentUsingJdbcMetadata(JdbcEnvironmentInitiator.java:364) ~[hibernate-core-6.5.3.Final.jar!/:6.5.3.Final]
2026-09-09T11:12:28.770255058Z [inf]  	at org.hibernate.engine.jdbc.env.internal.JdbcEnvironmentInitiator.initiateService(JdbcEnvironmentInitiator.java:124) ~[hibernate-core-6.5.3.Final.jar!/:6.5.3.Final]
2026-09-09T11:12:28.770260245Z [inf]  	at org.hibernate.engine.jdbc.env.internal.JdbcEnvironmentInitiator.initiateService(JdbcEnvironmentInitiator.java:78) ~[hibernate-core-6.5.3.Final.jar!/:6.5.3.Final]
2026-09-09T11:12:28.770281415Z [inf]  	at org.hibernate.boot.registry.internal.StandardServiceRegistryImpl.initiateService(StandardServiceRegistryImpl.java:130) ~[hibernate-core-6.5.3.Final.jar!/:6.5.3.Final]
2026-09-09T11:12:28.770288740Z [inf]  	at org.hibernate.service.internal.AbstractServiceRegistryImpl.createService(AbstractServiceRegistryImpl.java:263) ~[hibernate-core-6.5.3.Final.jar!/:6.5.3.Final]
2026-09-09T11:12:28.770295022Z [inf]  	... 35 common frames omitted